#ifndef IMAGE_DATA_H
#define IMAGE_DATA_H

#include <stdint.h>

#define IMAGE_WIDTH 160
#define IMAGE_HEIGHT 128

// Image size: 40960 bytes (160x128 pixels in RGB565)
static const uint8_t image_data[] = {
    0x7B, 0x6A, 0x7B, 0x8A, 0x73, 0x08, 0x41, 0x84, 0x52, 0x06, 0x83, 0x8A, 0x8C, 0x2D, 0x6B, 0x09,
    0x49, 0xC4, 0x62, 0xC8, 0x4A, 0x06, 0x49, 0xE5, 0x49, 0xE5, 0x4A, 0x05, 0x5A, 0x46, 0x5A, 0x46,
    0x5A, 0x46, 0x52, 0x26, 0x49, 0xE5, 0x49, 0xC5, 0x52, 0x26, 0x5A, 0x46, 0x52, 0x26, 0x52, 0x05,
    0x5A, 0x26, 0x62, 0x66, 0x62, 0x86, 0x62, 0x87, 0x62, 0xA7, 0x62, 0xC7, 0x6A, 0xE8, 0x6A, 0xE9,
    0x6B, 0x2A, 0x73, 0x4A, 0x73, 0x8B, 0x7B, 0xCB, 0x83, 0xEC, 0x83, 0xEB, 0x8B, 0xEB, 0x83, 0xCB,
    0x83, 0xEB, 0x7B, 0xAB, 0x73, 0x8B, 0x62, 0xA8, 0x49, 0xC5, 0x49, 0xC5, 0x49, 0xA4, 0x5A, 0x06,
    0x52, 0x05, 0x5A, 0x05, 0x62, 0x66, 0x6A, 0xA7, 0x6A, 0x67, 0x41, 0x84, 0x29, 0x02, 0x49, 0xC5,
    0x62, 0x67, 0x62, 0x47, 0x5A, 0x26, 0x52, 0x05, 0x62, 0x47, 0x72, 0xE9, 0x5A, 0x06, 0x62, 0x88,
    0x7B, 0x6B, 0x94, 0x2E, 0x94, 0x2E, 0x94, 0x0E, 0x8B, 0xCD, 0x8C, 0x0D, 0xB5, 0x12, 0xBD, 0x52,
    0xB5, 0x32, 0xAC, 0xD1, 0xAC, 0xD1, 0xAC, 0xD1, 0xAC, 0xD1, 0xAC, 0xD1, 0xAC, 0xD1, 0xAC, 0xD0,
    0xAC, 0xD0, 0xAC, 0xD0, 0xA4, 0xD0, 0xA4, 0xB0, 0xA4, 0xB0, 0xA4, 0xB0, 0xA4, 0xB0, 0xA4, 0xB0,
    0xA4, 0xB0, 0xA4, 0xB0, 0xA4, 0xB0, 0xA4, 0x90, 0xA4, 0x90, 0xA4, 0x8F, 0xA4, 0x8F, 0xA4, 0x8F,
    0xA4, 0x4D, 0x93, 0xEC, 0x8B, 0xED, 0x8B, 0xED, 0x93, 0xED, 0x8B, 0xED, 0x8B, 0xED, 0x8B, 0xCD,
    0x8B, 0xCD, 0x8B, 0xCD, 0x8B, 0xCD, 0x8B, 0xCD, 0x8B, 0xCD, 0x8B, 0xCD, 0x8B, 0xCD, 0x8B, 0xCD,
    0x8B, 0xCD, 0x8B, 0xCD, 0x8B, 0xED, 0x8B, 0xED, 0x8B, 0xED, 0x8B, 0xED, 0x8B, 0xCD, 0x8B, 0xED,
    0x93, 0xEE, 0x7B, 0x8C, 0x10, 0x61, 0x73, 0x4B, 0xAC, 0xD0, 0xAC, 0xF0, 0x5A, 0xC9, 0x10, 0xA2,
    0x10, 0x82, 0x10, 0x81, 0x20, 0xA2, 0x29, 0x65, 0x43, 0x0C, 0x2A, 0x28, 0x19, 0x45, 0x2A, 0xAA,
    0x32, 0xAB, 0x22, 0x08, 0x19, 0xE7, 0x22, 0x29, 0x22, 0x8B, 0x22, 0xAC, 0x33, 0x2D, 0x22, 0x8B,
    0x33, 0x2E, 0x33, 0x4E, 0x2A, 0xEC, 0x22, 0x69, 0x1A, 0x28, 0x08, 0xE3, 0x08, 0x20, 0x19, 0x04,
    0x29, 0x66, 0x20, 0xC3, 0x20, 0xC2, 0x20, 0xC2, 0x20, 0xE2, 0x18, 0x81, 0x10, 0x61, 0x18, 0x82,
    0x73, 0x4A, 0x7B, 0x6A, 0x62, 0xA8, 0x41, 0x84, 0x5A, 0x87, 0x83, 0xCB, 0x9C, 0x8E, 0x7B, 0x6A,
    0x52, 0x25, 0x62, 0xA8, 0x5A, 0x46, 0x52, 0x06, 0x49, 0xE5, 0x52, 0x05, 0x5A, 0x67, 0x62, 0x67,
    0x5A, 0x46, 0x52, 0x05, 0x49, 0xC5, 0x49, 0xE5, 0x52, 0x06, 0x52, 0x05, 0x52, 0x06, 0x5A, 0x46,
    0x62, 0x67, 0x62, 0x87, 0x62, 0x87, 0x62, 0x67, 0x5A, 0x47, 0x5A, 0x26, 0x52, 0x26, 0x52, 0x26,
    0x49, 0xE5, 0x49, 0xC5, 0x4A, 0x06, 0x52, 0x46, 0x5A, 0x87, 0x5A, 0x87, 0x73, 0x6A, 0x94, 0x2C,
    0x83, 0xEC, 0x7B, 0xAB, 0x6B, 0x4A, 0x5A, 0x46, 0x49, 0xA4, 0x49, 0xE5, 0x51, 0xE5, 0x52, 0x05,
    0x51, 0xE5, 0x5A, 0x26, 0x6A, 0x87, 0x6A, 0xA8, 0x62, 0x25, 0x31, 0x22, 0x31, 0x23, 0x52, 0x06,
    0x62, 0x68, 0x5A, 0x47, 0x51, 0xE5, 0x51, 0xE5, 0x6A, 0xC9, 0x72, 0xC8, 0x5A, 0x06, 0x6A, 0xC9,
    0x8B, 0xCD, 0x94, 0x2E, 0x94, 0x2E, 0x8B, 0xED, 0x8B, 0xCD, 0x9C, 0x6F, 0xBD, 0x52, 0xBD, 0x32,
    0xB5, 0x11, 0xAC, 0xF1, 0xAC, 0xD1, 0xAC, 0xD1, 0xAC, 0xD1, 0xAC, 0xD1, 0xAC, 0xD1, 0xAC, 0xD1,
    0xAC, 0xD1, 0xAC, 0xD1, 0xAC, 0xD1, 0xA4, 0xB0, 0xA4, 0xB0, 0xA4, 0xB0, 0xA4, 0xB0, 0xA4, 0xB0,
    0xA4, 0xB0, 0xA4, 0xB0, 0xA4, 0xB0, 0xA4, 0xB0, 0xA4, 0x90, 0xA4, 0x90, 0xA4, 0x90, 0xA4, 0x8F,
    0x9C, 0x2D, 0x93, 0xCC, 0x8B, 0xED, 0x93, 0xED, 0x8B, 0xED, 0x8B, 0xED, 0x8B, 0xED, 0x8B, 0xCD,
    0x8B, 0xCD, 0x8B, 0xCD, 0x8B, 0xCD, 0x8B, 0xCD, 0x8B, 0xCD, 0x8B, 0xCD, 0x8B, 0xCD, 0x8B, 0xCD,
    0x8B, 0xED, 0x8B, 0xCD, 0x8B, 0xED, 0x8B, 0xED, 0x8B, 0xED, 0x8B, 0xCD, 0x8B, 0xED, 0x8B, 0xCD,
    0x94, 0x2E, 0x52, 0x48, 0x18, 0xC2, 0x9C, 0x8F, 0xAC, 0xD0, 0xA4, 0xB0, 0x39, 0x85, 0x18, 0xA2,
    0x18, 0xC2, 0x3A, 0x08, 0x3A, 0x48, 0x32, 0x69, 0x43, 0x4D, 0x32, 0xAA, 0x19, 0x64, 0x22, 0x28,
    0x2A, 0x8A, 0x19, 0xE7, 0x19, 0xE8, 0x1A, 0x4A, 0x22, 0x8B, 0x1A, 0x6B, 0x2A, 0xED, 0x2A, 0xED,
    0x2A, 0xEC, 0x2B, 0x0D, 0x22, 0x8A, 0x1A, 0x6A, 0x1A, 0x6A, 0x19, 0x86, 0x10, 0x82, 0x18, 0xA2,
    0x20, 0xA2, 0x20, 0xC2, 0x20, 0xC2, 0x20, 0xC2, 0x20, 0xE3, 0x10, 0x61, 0x10, 0x61, 0x10, 0x81,
    0x73, 0x4A, 0x7B, 0x6B, 0x52, 0x26, 0x41, 0xA4, 0x62, 0xA8, 0x8C, 0x0C, 0x94, 0x4D, 0x83, 0xCB,
    0x5A, 0x87, 0x52, 0x46, 0x5A, 0x67, 0x5A, 0x66, 0x5A, 0x67, 0x5A, 0x67, 0x5A, 0x67, 0x62, 0x87,
    0x62, 0x87, 0x5A, 0x46, 0x52, 0x06, 0x52, 0x26, 0x52, 0x26, 0x52, 0x26, 0x5A, 0x26, 0x62, 0x88,
    0x6A, 0xA8, 0x6A, 0xC9, 0x6A, 0xC9, 0x6A, 0xC9, 0x62, 0xA8, 0x5A, 0x67, 0x5A, 0x47, 0x5A, 0x47,
    0x41, 0xC5, 0x41, 0x84, 0x41, 0xA4, 0x41, 0xC5, 0x49, 0xC5, 0x49, 0xE5, 0x7B, 0xAB, 0x8C, 0x0C,
    0x83, 0xCB, 0x7B, 0x8B, 0x63, 0x0A, 0x49, 0xE5, 0x49, 0xA4, 0x49, 0xA4, 0x51, 0xE5, 0x51, 0xE5,
    0x51, 0xE4, 0x5A, 0x05, 0x6A, 0x67, 0x6A, 0x67, 0x51, 0xC4, 0x31, 0x02, 0x39, 0x64, 0x62, 0x47,
    0x62, 0x68, 0x5A, 0x27, 0x51, 0xE6, 0x5A, 0x06, 0x7B, 0x0A, 0x62, 0x67, 0x5A, 0x47, 0x73, 0x2B,
    0x94, 0x0D, 0x94, 0x2E, 0x94, 0x2E, 0x8B, 0xED, 0x8B, 0xCD, 0xAC, 0xD0, 0xBD, 0x52, 0xBD, 0x52,
    0xAC, 0xF1, 0xAC, 0xF1, 0xAC, 0xF1, 0xAC, 0xF1, 0xAC, 0xF1, 0xAC, 0xD1, 0xAC, 0xD1, 0xAC, 0xD1,
    0xAC, 0xD1, 0xA4, 0xD1, 0xA4, 0xD1, 0xA4, 0xD0, 0xA4, 0xD0, 0xA4, 0xD0, 0xA4, 0xB0, 0xA4, 0xB0,
    0xA4, 0xB0, 0xA4, 0xB0, 0xA4, 0xB0, 0xA4, 0xB0, 0xA4, 0x90, 0xA4, 0x90, 0xA4, 0xB0, 0xA4, 0x6F,
    0x93, 0xEC, 0x8B, 0xED, 0x93, 0xED, 0x93, 0xED, 0x8B, 0xED, 0x8B, 0xED, 0x8B, 0xCD, 0x8B, 0xCD,
    0x8B, 0xCD, 0x8B, 0xCD, 0x8B, 0xCD, 0x8B, 0xCD, 0x8B, 0xCD, 0x8B, 0xCD, 0x8B, 0xED, 0x8B, 0xED,
    0x8B, 0xED, 0x8B, 0xED, 0x8B, 0xED, 0x8B, 0xED, 0x8B, 0xED, 0x8B, 0xCD, 0x8B, 0xED, 0x8B, 0xED,
    0x94, 0x0E, 0x21, 0x03, 0x4A, 0x07, 0xAC, 0xF1, 0xAC, 0xF1, 0x7B, 0x8C, 0x18, 0xA2, 0x18, 0x81,
    0x31, 0xC6, 0x53, 0xAE, 0x53, 0x8E, 0x4B, 0x4D, 0x3B, 0x2C, 0x3B, 0x0C, 0x2A, 0xAA, 0x32, 0xCB,
    0x22, 0xAA, 0x1A, 0x28, 0x1A, 0x49, 0x22, 0xCB, 0x12, 0x4A, 0x0A, 0x09, 0x22, 0xCC, 0x22, 0xAC,
    0x22, 0x8B, 0x1A, 0x49, 0x19, 0xE8, 0x11, 0x66, 0x19, 0xC7, 0x19, 0xA7, 0x18, 0xA2, 0x20, 0xC2,
    0x20, 0xC3, 0x20, 0xC2, 0x20, 0xC2, 0x20, 0xC2, 0x18, 0xA2, 0x10, 0x40, 0x10, 0x61, 0x18, 0x82,
    0x73, 0x4A, 0x73, 0x2A, 0x49, 0xC4, 0x49, 0xE4, 0x6B, 0x09, 0x94, 0x2D, 0x94, 0x2C, 0x73, 0x6A,
    0x52, 0x46, 0x52, 0x26, 0x4A, 0x05, 0x4A, 0x06, 0x52, 0x26, 0x5A, 0x47, 0x5A, 0x87, 0x5A, 0x67,
    0x5A, 0x67, 0x5A, 0x66, 0x62, 0x87, 0x5A, 0x67, 0x5A, 0x67, 0x5A, 0x67, 0x62, 0x67, 0x62, 0x87,
    0x62, 0xA8, 0x62, 0xA8, 0x6A, 0xA8, 0x6A, 0xA8, 0x62, 0xA8, 0x62, 0x87, 0x5A, 0x67, 0x5A, 0x26,
    0x41, 0x84, 0x41, 0xA4, 0x41, 0xA5, 0x41, 0xC5, 0x41, 0xA4, 0x62, 0xA7, 0x8C, 0x4D, 0x8C, 0x0C,
    0x7B, 0x8B, 0x7B, 0x8B, 0x62, 0xC8, 0x49, 0xA5, 0x49, 0xC5, 0x49, 0xA4, 0x52, 0x05, 0x49, 0xC5,
    0x51, 0xC4, 0x5A, 0x26, 0x62, 0x47, 0x62, 0x46, 0x41, 0x64, 0x31, 0x03, 0x49, 0xA5, 0x62, 0x67,
    0x62, 0x67, 0x5A, 0x26, 0x52, 0x06, 0x62, 0x67, 0x7B, 0x0A, 0x5A, 0x26, 0x62, 0xA8, 0x83, 0x8C,
    0x94, 0x2E, 0x94, 0x2E, 0x94, 0x0D, 0x8B, 0xCD, 0x94, 0x0E, 0xB5, 0x31, 0xBD, 0x52, 0xB5, 0x32,
    0xAC, 0xF1, 0xAC, 0xF1, 0xAC, 0xF1, 0xAC, 0xF1, 0xAC, 0xF1, 0xAC, 0xD1, 0xAC, 0xD1, 0xAC, 0xD1,
    0xAC, 0xD1, 0xAC, 0xD1, 0xA4, 0xD1, 0xAC, 0xD1, 0xAC, 0xD1, 0xAC, 0xD1, 0xA4, 0xB1, 0xA4, 0xB0,
    0xA4, 0xB0, 0xA4, 0xB0, 0xA4, 0xB0, 0xA4, 0xB0, 0xA4, 0xB0, 0xA4, 0x90, 0xA4, 0xB0, 0x9C, 0x2E,
    0x93, 0xCC, 0x93, 0xED, 0x93, 0xED, 0x93, 0xED, 0x8B, 0xED, 0x8B, 0xED, 0x8B, 0xCD, 0x8B, 0xCD,
    0x8B, 0xCD, 0x8B, 0xCD, 0x8B, 0xED, 0x8B, 0xCD, 0x8B, 0xCD, 0x8B, 0xED, 0x8B, 0xED, 0x8B, 0xED,
    0x8B, 0xED, 0x8B, 0xED, 0x8B, 0xED, 0x8B, 0xED, 0x8B, 0xED, 0x8B, 0xED, 0x8B, 0xED, 0x94, 0x2E,
    0x7B, 0x6B, 0x10, 0x61, 0x7B, 0x8C, 0xAC, 0xF0, 0xAD, 0x11, 0x52, 0x88, 0x18, 0xE3, 0x18, 0x82,
    0x18, 0xC2, 0x32, 0x48, 0x29, 0xA7, 0x32, 0xAA, 0x43, 0x4D, 0x43, 0x4D, 0x4B, 0xAE, 0x43, 0x6E,
    0x22, 0xCB, 0x1A, 0x89, 0x1A, 0x49, 0x12, 0x49, 0x12, 0x29, 0x1A, 0x8B, 0x1A, 0xAB, 0x1A, 0x29,
    0x19, 0x86, 0x19, 0x45, 0x19, 0x45, 0x11, 0x24, 0x11, 0x24, 0x10, 0xA3, 0x18, 0x82, 0x20, 0xC3,
    0x20, 0xC2, 0x20, 0xC2, 0x20, 0xC2, 0x20, 0xC2, 0x10, 0x61, 0x10, 0x41, 0x18, 0x82, 0x20, 0xA3,
    0x73, 0x6A, 0x6A, 0xE9, 0x39, 0x84, 0x5A, 0x66, 0x7B, 0x6A, 0x94, 0x2C, 0x8C, 0x0C, 0x6B, 0x29,
    0x52, 0x46, 0x4A, 0x06, 0x49, 0xE5, 0x4A, 0x05, 0x52, 0x06, 0x5A, 0x47, 0x5A, 0x67, 0x5A, 0x46,
    0x52, 0x26, 0x52, 0x05, 0x5A, 0x26, 0x5A, 0x66, 0x62, 0x88, 0x62, 0x87, 0x5A, 0x67, 0x62, 0x87,
    0x62, 0x87, 0x62, 0x87, 0x62, 0x87, 0x62, 0x87, 0x62, 0x67, 0x5A, 0x67, 0x5A, 0x47, 0x5A, 0x46,
    0x52, 0x06, 0x52, 0x06, 0x52, 0x06, 0x49, 0xE5, 0x41, 0xC5, 0x73, 0x4A, 0x84, 0x0C, 0x6B, 0x29,
    0x7B, 0x6A, 0x73, 0x4A, 0x52, 0x46, 0x49, 0xA4, 0x49, 0xC5, 0x49, 0xA5, 0x49, 0xA4, 0x41, 0x84,
    0x49, 0xA4, 0x5A, 0x06, 0x6A, 0x87, 0x5A, 0x26, 0x39, 0x23, 0x31, 0x23, 0x51, 0xE6, 0x62, 0x67,
    0x5A, 0x47, 0x5A, 0x26, 0x51, 0xE6, 0x72, 0xC9, 0x6A, 0xC9, 0x5A, 0x27, 0x6A, 0xEA, 0x8B, 0xCD,
    0x9C, 0x4E, 0x94, 0x2E, 0x93, 0xED, 0x8B, 0xCD, 0xA4, 0x6F, 0xBD, 0x52, 0xBD, 0x52, 0xB5, 0x12,
    0xAC, 0xF1, 0xAC, 0xF1, 0xAC, 0xF1, 0xAC, 0xF1, 0xAC, 0xF1, 0xAC, 0xD1, 0xAC, 0xD1, 0xAC, 0xD1,
    0xAC, 0xD1, 0xAC, 0xD1, 0xAC, 0xD1, 0xAC, 0xD1, 0xAC, 0xD0, 0xAC, 0xD0, 0xAC, 0xD1, 0xA4, 0xB0,
    0xA4, 0xB0, 0xA4, 0xB0, 0xA4, 0xB0, 0xA4, 0xB0, 0xA4, 0xB0, 0xA4, 0x90, 0xA4, 0xB0, 0x9C, 0x2E,
    0x8B, 0xED, 0x94, 0x0D, 0x93, 0xED, 0x93, 0xED, 0x8B, 0xED, 0x8B, 0xED, 0x8B, 0xCD, 0x8B, 0xCD,
    0x8B, 0xCD, 0x8B, 0xED, 0x8B, 0xED, 0x8B, 0xCD, 0x8B, 0xCD, 0x8B, 0xED, 0x8B, 0xED, 0x8B, 0xED,
    0x8B, 0xED, 0x8B, 0xED, 0x8B, 0xED, 0x8B, 0xED, 0x8B, 0xED, 0x8B, 0xED, 0x8B, 0xED, 0x9C, 0x2E,
    0x4A, 0x27, 0x29, 0x03, 0xA4, 0xB0, 0xAC, 0xF0, 0x9C, 0x6F, 0x32, 0x08, 0x21, 0x66, 0x10, 0x81,
    0x18, 0xA2, 0x21, 0x45, 0x2A, 0x08, 0x32, 0x8A, 0x43, 0x6E, 0x43, 0x6E, 0x43, 0x8E, 0x33, 0x2D,
    0x22, 0xEC, 0x1A, 0x8A, 0x09, 0xC7, 0x12, 0x29, 0x1A, 0x4A, 0x12, 0x09, 0x1A, 0x29, 0x19, 0x86,
    0x18, 0xE3, 0x19, 0x24, 0x22, 0x08, 0x19, 0x86, 0x10, 0x82, 0x10, 0x42, 0x18, 0xC3, 0x20, 0xC3,
    0x20, 0xC2, 0x20, 0xC2, 0x20, 0xC3, 0x20, 0xC2, 0x10, 0x61, 0x10, 0x61, 0x18, 0x82, 0x18, 0xA3,
    0x73, 0x6A, 0x5A, 0x67, 0x41, 0xA4, 0x62, 0xC8, 0x7B, 0x8A, 0x94, 0x2C, 0x83, 0xEB, 0x62, 0xA7,
    0x52, 0x26, 0x4A, 0x05, 0x52, 0x06, 0x52, 0x26, 0x5A, 0x47, 0x5A, 0x67, 0x5A, 0x67, 0x5A, 0x47,
    0x52, 0x46, 0x52, 0x26, 0x5A, 0x46, 0x5A, 0x67, 0x62, 0x88, 0x5A, 0x47, 0x5A, 0x46, 0x5A, 0x67,
    0x62, 0x87, 0x62, 0x87, 0x62, 0x87, 0x62, 0xA7, 0x62, 0x87, 0x62, 0x87, 0x5A, 0x67, 0x5A, 0x67,
    0x5A, 0x68, 0x62, 0x88, 0x62, 0xA8, 0x62, 0xA8, 0x6A, 0xC9, 0x83, 0xEC, 0x8B, 0xEB, 0x7B, 0x8A,
    0x7B, 0x8A, 0x6B, 0x0A, 0x49, 0xE5, 0x49, 0xC5, 0x49, 0xC5, 0x49, 0xA4, 0x41, 0x43, 0x39, 0x43,
    0x49, 0xA4, 0x5A, 0x06, 0x62, 0x67, 0x51, 0xE5, 0x31, 0x02, 0x39, 0x64, 0x5A, 0x07, 0x62, 0x47,
    0x5A, 0x47, 0x5A, 0x06, 0x5A, 0x06, 0x7B, 0x0A, 0x62, 0x67, 0x62, 0x67, 0x73, 0x2B, 0x94, 0x2E,
    0x9C, 0x4E, 0x94, 0x2E, 0x8B, 0xED, 0x8B, 0xED, 0xAC, 0xF1, 0xBD, 0x52, 0xBD, 0x52, 0xAC, 0xF1,
    0xAC, 0xF1, 0xAC, 0xF1, 0xAC, 0xF1, 0xAC, 0xF1, 0xAC, 0xF1, 0xAC, 0xF1, 0xAC, 0xD1, 0xAC, 0xD1,
    0xAC, 0xD1, 0xAC, 0xD1, 0xAC, 0xD1, 0xAC, 0xD1, 0xAC, 0xD1, 0xAC, 0xD0, 0xA4, 0xD0, 0xA4, 0xB0,
    0xA4, 0xB0, 0xA4, 0xB0, 0xA4, 0xB0, 0xA4, 0xB0, 0xA4, 0xB0, 0xA4, 0xB0, 0xA4, 0xD0, 0x9C, 0x2E,
    0x8B, 0xED, 0x94, 0x0D, 0x94, 0x0D, 0x93, 0xED, 0x8B, 0xED, 0x8B, 0xED, 0x8B, 0xCD, 0x8B, 0xCD,
    0x8B, 0xCD, 0x8B, 0xED, 0x8B, 0xED, 0x8B, 0xED, 0x8B, 0xED, 0x8B, 0xED, 0x8B, 0xED, 0x8B, 0xED,
    0x8B, 0xED, 0x8B, 0xED, 0x8B, 0xED, 0x8B, 0xED, 0x8B, 0xED, 0x8B, 0xEE, 0x8B, 0xED, 0x8C, 0x0E,
    0x20, 0xC2, 0x5A, 0x88, 0xAD, 0x11, 0xB5, 0x11, 0x73, 0x2B, 0x18, 0xE3, 0x18, 0xC3, 0x10, 0x61,
    0x18, 0xC2, 0x21, 0x44, 0x2A, 0x69, 0x32, 0xEC, 0x3B, 0x2D, 0x3B, 0x4D, 0x3B, 0x4D, 0x22, 0xCB,
    0x1A, 0xAB, 0x12, 0x69, 0x12, 0x8A, 0x11, 0x86, 0x11, 0x04, 0x10, 0xE4, 0x19, 0x87, 0x22, 0x8B,
    0x1A, 0x29, 0x22, 0x6A, 0x19, 0xC7, 0x10, 0xC3, 0x10, 0x62, 0x10, 0xA3, 0x20, 0xE3, 0x20, 0xE3,
    0x20, 0xE3, 0x20, 0xE3, 0x20, 0xE3, 0x18, 0xA2, 0x10, 0x61, 0x10, 0x61, 0x18, 0xA2, 0x20, 0xC3,
    0x73, 0x4A, 0x49, 0xE5, 0x49, 0xE5, 0x63, 0x08, 0x83, 0xCB, 0x8C, 0x0C, 0x7B, 0x6A, 0x5A, 0x46,
    0x52, 0x26, 0x49, 0xE5, 0x4A, 0x06, 0x5A, 0x47, 0x62, 0x88, 0x62, 0xA8, 0x62, 0x67, 0x5A, 0x47,
    0x52, 0x26, 0x52, 0x26, 0x5A, 0x67, 0x5A, 0x67, 0x5A, 0x67, 0x62, 0x67, 0x6A, 0xA8, 0x6A, 0xA8,
    0x6A, 0xC8, 0x6A, 0xA8, 0x62, 0x87, 0x62, 0x67, 0x62, 0x67, 0x62, 0x67, 0x5A, 0x47, 0x49, 0xE5,
    0x49, 0xE5, 0x49, 0xE5, 0x52, 0x26, 0x5A, 0x47, 0x6A, 0xC8, 0x8C, 0x0C, 0x8C, 0x0C, 0x8C, 0x2C,
    0x7B, 0x8A, 0x62, 0xA8, 0x49, 0xC5, 0x49, 0xC5, 0x49, 0xA4, 0x49, 0xA4, 0x41, 0x63, 0x41, 0x84,
    0x49, 0xC5, 0x62, 0x67, 0x62, 0x67, 0x41, 0x83, 0x31, 0x23, 0x41, 0x84, 0x62, 0x47, 0x62, 0x67,
    0x5A, 0x27, 0x5A, 0x06, 0x62, 0x67, 0x7B, 0x0A, 0x5A, 0x26, 0x62, 0x88, 0x83, 0x8C, 0x9C, 0x4F,
    0x9C, 0x4E, 0x94, 0x0E, 0x8B, 0xCD, 0x94, 0x2E, 0xBD, 0x32, 0xBD, 0x52, 0xB5, 0x32, 0xAC, 0xF1,
    0xAC, 0xF1, 0xAC, 0xF1, 0xAC, 0xF1, 0xAC, 0xF1, 0xAC, 0xF1, 0xAC, 0xF1, 0xAC, 0xD1, 0xAC, 0xD1,
    0xAC, 0xD1, 0xAC, 0xD1, 0xAC, 0xD1, 0xAC, 0xD1, 0xAC, 0xD1, 0xAC, 0xD0, 0xAC, 0xD0, 0xA4, 0xB0,
    0xA4, 0xB0, 0xA4, 0xB0, 0xA4, 0xB0, 0xA4, 0xB0, 0xA4, 0xB0, 0xA4, 0xB0, 0xA4, 0xB0, 0x94, 0x0D,
    0x94, 0x0D, 0x94, 0x0D, 0x93, 0xED, 0x93, 0xED, 0x8B, 0xED, 0x8B, 0xED, 0x8B, 0xCD, 0x8B, 0xCD,
    0x8B, 0xED, 0x8B, 0xED, 0x8B, 0xED, 0x8B, 0xED, 0x8B, 0xED, 0x8B, 0xED, 0x8B, 0xED, 0x8B, 0xED,
    0x8B, 0xED, 0x8B, 0xED, 0x8B, 0xED, 0x8B, 0xED, 0x8B, 0xEE, 0x8B, 0xEE, 0x94, 0x2E, 0x73, 0x2A,
    0x10, 0x60, 0x8B, 0xED, 0xAC, 0xF0, 0xAC, 0xF0, 0x41, 0xC5, 0x18, 0xA2, 0x10, 0x81, 0x19, 0x65,
    0x19, 0xA6, 0x19, 0xA6, 0x2A, 0x8A, 0x2A, 0xAB, 0x2A, 0xAB, 0x2A, 0xCC, 0x2A, 0xEC, 0x2B, 0x0C,
    0x2B, 0x2D, 0x1B, 0x0C, 0x1A, 0x69, 0x08, 0x61, 0x19, 0x65, 0x10, 0xA3, 0x21, 0x86, 0x21, 0xC7,
    0x19, 0x45, 0x19, 0x25, 0x10, 0xA3, 0x10, 0x82, 0x10, 0x82, 0x18, 0xA2, 0x20, 0xC3, 0x20, 0xC3,
    0x18, 0xC3, 0x20, 0xC2, 0x18, 0xC2, 0x10, 0x61, 0x10, 0x60, 0x10, 0x61, 0x18, 0xA2, 0x20, 0xC3,
    0x6B, 0x2A, 0x41, 0xA4, 0x52, 0x67, 0x6B, 0x49, 0x8C, 0x0C, 0x83, 0xAB, 0x62, 0xA7, 0x62, 0x87,
    0x5A, 0x67, 0x52, 0x06, 0x52, 0x06, 0x5A, 0x67, 0x62, 0x88, 0x62, 0x88, 0x62, 0x67, 0x5A, 0x47,
    0x5A, 0x46, 0x5A, 0x47, 0x5A, 0x67, 0x5A, 0x67, 0x5A, 0x47, 0x62, 0x88, 0x72, 0xC9, 0x72, 0xE9,
    0x72, 0xE9, 0x72, 0xE9, 0x73, 0x09, 0x6A, 0xC9, 0x62, 0x88, 0x62, 0x67, 0x52, 0x27, 0x49, 0xE6,
    0x4A, 0x06, 0x4A, 0x06, 0x52, 0x27, 0x52, 0x06, 0x73, 0x29, 0x8C, 0x2C, 0x8C, 0x0C, 0x83, 0xCB,
    0x73, 0x6A, 0x5A, 0x47, 0x49, 0xA4, 0x49, 0xA4, 0x49, 0xC4, 0x49, 0xC5, 0x41, 0x63, 0x49, 0x84,
    0x51, 0xE5, 0x62, 0x67, 0x5A, 0x26, 0x39, 0x22, 0x39, 0x43, 0x51, 0xE5, 0x62, 0x47, 0x62, 0x67,
    0x5A, 0x27, 0x5A, 0x06, 0x72, 0xC9, 0x72, 0xC8, 0x5A, 0x26, 0x6A, 0xE9, 0x8B, 0xED, 0x9C, 0x4F,
    0x9C, 0x4E, 0x94, 0x0E, 0x8B, 0xCD, 0xA4, 0x90, 0xBD, 0x52, 0xBD, 0x52, 0xB5, 0x12, 0xAC, 0xF1,
    0xAC, 0xF1, 0xAC, 0xF1, 0xAC, 0xF1, 0xAC, 0xF1, 0xAC, 0xF1, 0xAC, 0xF1, 0xAC, 0xF1, 0xAC, 0xD1,
    0xAC, 0xD1, 0xAC, 0xD1, 0xAC, 0xD1, 0xAC, 0xD1, 0xAC, 0xD0, 0xAC, 0xD0, 0xAC, 0xD0, 0xA4, 0xD0,
    0xA4, 0xB0, 0xA4, 0xB0, 0xA4, 0xB0, 0xA4, 0xB0, 0xA4, 0xB0, 0xAC, 0xB0, 0x9C, 0x6F, 0x93, 0xED,
    0x94, 0x0D, 0x94, 0x0D, 0x94, 0x0D, 0x93, 0xED, 0x8B, 0xED, 0x8B, 0xED, 0x8B, 0xCD, 0x8B, 0xCD,
    0x8B, 0xED, 0x8B, 0xED, 0x8B, 0xED, 0x8B, 0xED, 0x8B, 0xED, 0x8C, 0x0D, 0x8C, 0x0D, 0x8B, 0xED,
    0x8B, 0xED, 0x8B, 0xED, 0x8B, 0xED, 0x94, 0x0E, 0x94, 0x0E, 0x8B, 0xED, 0x9C, 0x4F, 0x41, 0xC5,
    0x29, 0x43, 0xA4, 0xD0, 0xAC, 0xF1, 0x8C, 0x0E, 0x21, 0x64, 0x21, 0x64, 0x19, 0xE8, 0x22, 0xCB,
    0x11, 0xC7, 0x2A, 0xEC, 0x2A, 0xEC, 0x22, 0xAB, 0x22, 0xAB, 0x2A, 0xCC, 0x2A, 0xCB, 0x22, 0x8A,
    0x1A, 0x08, 0x11, 0xA7, 0x10, 0xA3, 0x10, 0xA2, 0x19, 0x04, 0x10, 0xA2, 0x18, 0xC3, 0x19, 0x04,
    0x19, 0x24, 0x18, 0xC3, 0x10, 0x61, 0x08, 0x61, 0x10, 0x61, 0x18, 0xA2, 0x20, 0xC3, 0x20, 0xC3,
    0x20, 0xC2, 0x20, 0xC3, 0x18, 0xA2, 0x10, 0x61, 0x10, 0x40, 0x18, 0x61, 0x18, 0xA2, 0x31, 0x85,
    0x62, 0xA8, 0x41, 0xA4, 0x62, 0xC8, 0x7B, 0x8A, 0x8C, 0x0B, 0x83, 0xCB, 0x62, 0xA8, 0x6A, 0xC8,
    0x6A, 0xC8, 0x6A, 0xC8, 0x62, 0xA8, 0x5A, 0x67, 0x5A, 0x47, 0x5A, 0x67, 0x5A, 0x67, 0x5A, 0x46,
    0x52, 0x26, 0x5A, 0x67, 0x62, 0x87, 0x62, 0x88, 0x62, 0x87, 0x6A, 0xC8, 0x72, 0xE8, 0x72, 0xE9,
    0x73, 0x09, 0x72, 0xE9, 0x72, 0xE9, 0x6A, 0xC9, 0x6A, 0xA9, 0x5A, 0x67, 0x4A, 0x06, 0x4A, 0x06,
    0x4A, 0x06, 0x52, 0x06, 0x52, 0x27, 0x52, 0x26, 0x7B, 0x8B, 0x8C, 0x0C, 0x8C, 0x0C, 0x7B, 0xAB,
    0x6B, 0x2A, 0x51, 0xE5, 0x49, 0xA4, 0x49, 0xC5, 0x51, 0xE5, 0x49, 0xA4, 0x41, 0x63, 0x49, 0xC5,
    0x5A, 0x26, 0x62, 0x67, 0x51, 0xC5, 0x39, 0x23, 0x39, 0x63, 0x51, 0xE6, 0x62, 0x68, 0x62, 0x67,
    0x62, 0x46, 0x5A, 0x06, 0x73, 0x0A, 0x62, 0x46, 0x5A, 0x67, 0x73, 0x2B, 0x94, 0x0E, 0x9C, 0x4E,
    0x94, 0x2E, 0x8B, 0xED, 0x8B, 0xED, 0xB5, 0x11, 0xBD, 0x72, 0xBD, 0x52, 0xB5, 0x11, 0xAC, 0xF1,
    0xAC, 0xF1, 0xAC, 0xF1, 0xAC, 0xF1, 0xAC, 0xF1, 0xAC, 0xF1, 0xAC, 0xF1, 0xAC, 0xD1, 0xAC, 0xD1,
    0xAC, 0xD1, 0xAC, 0xD1, 0xAC, 0xD1, 0xAC, 0xD1, 0xAC, 0xD1, 0xAC, 0xD0, 0xAC, 0xD0, 0xA4, 0xB0,
    0xA4, 0xB0, 0xA4, 0xB0, 0xA4, 0xB0, 0xA4, 0xB0, 0xA4, 0x8F, 0xA4, 0x6F, 0x9C, 0x2E, 0x93, 0xED,
    0x94, 0x0D, 0x94, 0x0D, 0x94, 0x0D, 0x8B, 0xED, 0x8B, 0xED, 0x8B, 0xED, 0x8B, 0xED, 0x8B, 0xED,
    0x8B, 0xED, 0x8B, 0xED, 0x8B, 0xED, 0x94, 0x0D, 0x8B, 0xED, 0x8B, 0xED, 0x8C, 0x0D, 0x8C, 0x0D,
    0x8B, 0xED, 0x8B, 0xED, 0x94, 0x0E, 0x94, 0x0E, 0x94, 0x0D, 0x94, 0x0E, 0x8B, 0xED, 0x18, 0xA1,
    0x62, 0xE9, 0xB5, 0x11, 0xB5, 0x11, 0x5A, 0xA9, 0x21, 0x65, 0x19, 0x86, 0x1A, 0x4A, 0x19, 0xE8,
    0x19, 0xC7, 0x22, 0x4A, 0x21, 0xC8, 0x21, 0x86, 0x21, 0x86, 0x21, 0x65, 0x18, 0xC2, 0x18, 0xA2,
    0x18, 0xA2, 0x10, 0x61, 0x10, 0x62, 0x10, 0x62, 0x18, 0xA2, 0x18, 0xC3, 0x21, 0xE8, 0x22, 0x49,
    0x21, 0x85, 0x10, 0xA2, 0x10, 0x41, 0x08, 0x61, 0x10, 0x82, 0x18, 0xC2, 0x20, 0xC3, 0x20, 0xC2,
    0x20, 0xE3, 0x20, 0xC3, 0x18, 0x82, 0x10, 0x41, 0x10, 0x61, 0x18, 0x81, 0x10, 0x81, 0x62, 0xEA,
    0x52, 0x05, 0x49, 0xE5, 0x6B, 0x08, 0x83, 0xCB, 0x8C, 0x2C, 0x83, 0xCC, 0x5A, 0x67, 0x49, 0xE5,
    0x49, 0xE5, 0x52, 0x26, 0x5A, 0x46, 0x5A, 0x67, 0x5A, 0x67, 0x5A, 0x46, 0x5A, 0x46, 0x52, 0x25,
    0x52, 0x05, 0x52, 0x05, 0x5A, 0x46, 0x5A, 0x67, 0x5A, 0x66, 0x62, 0xA7, 0x6A, 0xC8, 0x72, 0xE9,
    0x72, 0xE9, 0x72, 0xE9, 0x6A, 0xC9, 0x6A, 0xA8, 0x62, 0x88, 0x52, 0x47, 0x4A, 0x06, 0x4A, 0x06,
    0x4A, 0x06, 0x52, 0x26, 0x52, 0x26, 0x5A, 0x67, 0x8C, 0x0C, 0x8C, 0x0C, 0x8C, 0x0C, 0x7B, 0xCC,
    0x62, 0xA8, 0x49, 0xA4, 0x49, 0xC5, 0x49, 0xC4, 0x49, 0xC5, 0x41, 0x84, 0x41, 0x63, 0x49, 0xC4,
    0x5A, 0x46, 0x62, 0x67, 0x41, 0x83, 0x39, 0x43, 0x41, 0x84, 0x5A, 0x26, 0x62, 0x47, 0x5A, 0x26,
    0x5A, 0x25, 0x62, 0x67, 0x73, 0x0A, 0x5A, 0x26, 0x62, 0xA8, 0x83, 0x8C, 0x9C, 0x4E, 0x9C, 0x4E,
    0x94, 0x0E, 0x8B, 0xCD, 0x9C, 0x4E, 0xBD, 0x52, 0xBD, 0x52, 0xBD, 0x32, 0xAC, 0xF1, 0xAC, 0xF1,
    0xAC, 0xF1, 0xAC, 0xF1, 0xAC, 0xF1, 0xAC, 0xF1, 0xAC, 0xF1, 0xAC, 0xF1, 0xAC, 0xF1, 0xAC, 0xF1,
    0xAC, 0xD1, 0xAC, 0xD1, 0xAC, 0xD1, 0xAC, 0xD1, 0xAC, 0xD1, 0xAC, 0xD0, 0xAC, 0xD0, 0xAC, 0xD0,
    0xAC, 0xB0, 0xAC, 0xB0, 0xA4, 0xB0, 0xAC, 0xD0, 0xA4, 0x2D, 0x9C, 0x0D, 0x94, 0x0D, 0x94, 0x0D,
    0x94, 0x0E, 0x94, 0x0D, 0x93, 0xED, 0x8B, 0xED, 0x8B, 0xED, 0x8B, 0xED, 0x8B, 0xED, 0x8B, 0xED,
    0x8B, 0xED, 0x8B, 0xED, 0x8B, 0xED, 0x8B, 0xED, 0x94, 0x0D, 0x94, 0x0D, 0x94, 0x0D, 0x8C, 0x0D,
    0x8B, 0xED, 0x94, 0x0E, 0x94, 0x0E, 0x94, 0x0E, 0x94, 0x0D, 0x9C, 0x4E, 0x6A, 0xE9, 0x10, 0x81,
    0x94, 0x4E, 0xAC, 0xF0, 0xA4, 0xB0, 0x31, 0x65, 0x18, 0xA2, 0x10, 0x61, 0x18, 0xC3, 0x18, 0xC3,
    0x18, 0xC3, 0x18, 0xA2, 0x18, 0xA2, 0x20, 0xE3, 0x21, 0x03, 0x18, 0xC2, 0x19, 0x85, 0x22, 0x29,
    0x19, 0xA7, 0x19, 0x45, 0x08, 0x41, 0x10, 0x62, 0x10, 0xA2, 0x21, 0xA6, 0x21, 0x24, 0x18, 0xC2,
    0x18, 0x60, 0x10, 0xC2, 0x10, 0xC3, 0x10, 0x41, 0x18, 0xA2, 0x20, 0xC2, 0x20, 0xC2, 0x20, 0xC2,
    0x20, 0xC3, 0x20, 0xE3, 0x10, 0x61, 0x08, 0x40, 0x10, 0x61, 0x18, 0x81, 0x20, 0xC3, 0x9C, 0x4F,
    0x49, 0xA3, 0x52, 0x46, 0x6B, 0x29, 0x8C, 0x0C, 0x8C, 0x2C, 0x73, 0x4A, 0x52, 0x26, 0x49, 0xE5,
    0x49, 0xC5, 0x49, 0xE5, 0x52, 0x06, 0x5A, 0x26, 0x5A, 0x47, 0x5A, 0x46, 0x5A, 0x26, 0x52, 0x26,
    0x5A, 0x46, 0x5A, 0x47, 0x5A, 0x67, 0x5A, 0x67, 0x62, 0x67, 0x62, 0x87, 0x62, 0xA7, 0x6A, 0xC8,
    0x6A, 0xE9, 0x6A, 0xE9, 0x6A, 0xC8, 0x6A, 0xC8, 0x6A, 0xC8, 0x62, 0x88, 0x5A, 0x67, 0x5A, 0x47,
    0x52, 0x26, 0x5A, 0x67, 0x52, 0x26, 0x73, 0x4A, 0x8C, 0x0C, 0x84, 0x0C, 0x83, 0xEC, 0x73, 0x8B,
    0x5A, 0x47, 0x49, 0xA4, 0x49, 0xC4, 0x49, 0xC4, 0x49, 0xA4, 0x41, 0x64, 0x41, 0x84, 0x52, 0x05,
    0x6A, 0x87, 0x5A, 0x26, 0x39, 0x43, 0x39, 0x63, 0x49, 0xC4, 0x5A, 0x26, 0x62, 0x47, 0x5A, 0x26,
    0x5A, 0x05, 0x6A, 0xC9, 0x6A, 0xA8, 0x5A, 0x26, 0x6A, 0xE9, 0x8B, 0xCD, 0x9C, 0x4E, 0x9C, 0x4E,
    0x8B, 0xED, 0x8B, 0xCD, 0xAC, 0xB0, 0xBD, 0x52, 0xBD, 0x52, 0xB5, 0x11, 0xAC, 0xF1, 0xAC, 0xF1,
    0xAC, 0xF1, 0xAC, 0xF1, 0xAC, 0xF1, 0xAC, 0xF1, 0xAC, 0xF1, 0xAC, 0xF1, 0xAC, 0xF1, 0xAC, 0xF1,
    0xAC, 0xD1, 0xAC, 0xD1, 0xAC, 0xD1, 0xAC, 0xD1, 0xAC, 0xD1, 0xAC, 0xD0, 0xAC, 0xD1, 0xAC, 0xB0,
    0xAC, 0xB0, 0xA4, 0xB0, 0xA4, 0xB0, 0xAC, 0xB0, 0x9C, 0x2D, 0x9B, 0xED, 0x94, 0x0D, 0x94, 0x0D,
    0x94, 0x0D, 0x94, 0x0D, 0x93, 0xED, 0x8B, 0xED, 0x8B, 0xED, 0x8B, 0xED, 0x8B, 0xED, 0x8B, 0xED,
    0x8B, 0xED, 0x8B, 0xED, 0x93, 0xEE, 0x94, 0x0E, 0x94, 0x0E, 0x94, 0x0E, 0x94, 0x0D, 0x94, 0x0D,
    0x8B, 0xEE, 0x94, 0x0E, 0x94, 0x0E, 0x94, 0x0E, 0x94, 0x0E, 0x9C, 0x4F, 0x39, 0x84, 0x39, 0xA4,
    0xAC, 0xF1, 0xB5, 0x11, 0x83, 0xAC, 0x20, 0xC2, 0x18, 0xA2, 0x10, 0x61, 0x10, 0x82, 0x18, 0xC3,
    0x18, 0xC2, 0x18, 0xE3, 0x22, 0x28, 0x22, 0x28, 0x22, 0x08, 0x19, 0xC7, 0x22, 0x49, 0x1A, 0x29,
    0x1A, 0x4A, 0x10, 0xE3, 0x10, 0xC3, 0x10, 0xA2, 0x19, 0x65, 0x2A, 0x8A, 0x18, 0xC2, 0x19, 0xA6,
    0x1A, 0x49, 0x19, 0xA6, 0x10, 0x82, 0x10, 0x61, 0x18, 0xA2, 0x20, 0xC2, 0x20, 0xC2, 0x20, 0xC2,
    0x20, 0xC3, 0x18, 0xA2, 0x08, 0x40, 0x10, 0x40, 0x10, 0x81, 0x10, 0x41, 0x4A, 0x07, 0xB5, 0x32,
    0x49, 0xC3, 0x5A, 0x87, 0x73, 0x6A, 0x8C, 0x0C, 0x8B, 0xEB, 0x62, 0xC9, 0x52, 0x26, 0x52, 0x06,
    0x52, 0x06, 0x52, 0x46, 0x5A, 0x46, 0x5A, 0x67, 0x5A, 0x67, 0x5A, 0x46, 0x52, 0x05, 0x52, 0x26,
    0x5A, 0x46, 0x5A, 0x47, 0x5A, 0x67, 0x5A, 0x67, 0x62, 0x87, 0x6A, 0xA7, 0x72, 0xE8, 0x72, 0xC8,
    0x72, 0xE9, 0x73, 0x09, 0x72, 0xC8, 0x72, 0xE8, 0x6A, 0xC8, 0x62, 0xA8, 0x6A, 0xC8, 0x6A, 0xC8,
    0x6A, 0xC8, 0x6A, 0xC8, 0x6A, 0xC8, 0x83, 0xCB, 0x83, 0xCB, 0x84, 0x0C, 0x83, 0xCC, 0x73, 0x4A,
    0x51, 0xE5, 0x49, 0xA5, 0x49, 0xC5, 0x49, 0xA4, 0x41, 0x84, 0x41, 0x64, 0x49, 0xA4, 0x5A, 0x26,
    0x62, 0x67, 0x49, 0xC5, 0x39, 0x42, 0x39, 0x63, 0x51, 0xE6, 0x62, 0x47, 0x5A, 0x26, 0x5A, 0x26,
    0x5A, 0x26, 0x7B, 0x0A, 0x62, 0x47, 0x5A, 0x67, 0x73, 0x2A, 0x94, 0x0D, 0x9C, 0x4E, 0x94, 0x2D,
    0x8B, 0xED, 0x94, 0x0D, 0xB5, 0x11, 0xBD, 0x52, 0xBD, 0x52, 0xB5, 0x11, 0xAC, 0xF1, 0xAD, 0x11,
    0xAC, 0xF1, 0xAC, 0xF1, 0xAC, 0xF1, 0xAC, 0xF1, 0xAC, 0xF1, 0xAC, 0xF1, 0xAC, 0xF1, 0xAC, 0xF1,
    0xAC, 0xF1, 0xAC, 0xF1, 0xAC, 0xD1, 0xAC, 0xD1, 0xAC, 0xD1, 0xAC, 0xD0, 0xAC, 0xD1, 0xA4, 0xB0,
    0xA4, 0xB0, 0xA4, 0xB0, 0xA4, 0xB0, 0xA4, 0x8F, 0x9B, 0xEC, 0x94, 0x0D, 0x94, 0x0D, 0x94, 0x0D,
    0x94, 0x0D, 0x93, 0xED, 0x93, 0xED, 0x8B, 0xED, 0x8B, 0xED, 0x93, 0xED, 0x8B, 0xED, 0x8B, 0xED,
    0x8B, 0xEE, 0x94, 0x0E, 0x94, 0x0E, 0x94, 0x0E, 0x94, 0x0E, 0x94, 0x0E, 0x94, 0x0E, 0x94, 0x0D,
    0x94, 0x0E, 0x94, 0x0E, 0x94, 0x0E, 0x94, 0x0E, 0x94, 0x2E, 0x8B, 0xCD, 0x18, 0x81, 0x73, 0x4A,
    0xB5, 0x10, 0xB5, 0x11, 0x52, 0x47, 0x18, 0xA2, 0x18, 0xA2, 0x10, 0x61, 0x19, 0x23, 0x19, 0x24,
    0x22, 0x08, 0x19, 0xA5, 0x22, 0x28, 0x22, 0x08, 0x2A, 0xEC, 0x22, 0x8A, 0x19, 0x24, 0x12, 0x4A,
    0x1A, 0x29, 0x08, 0x61, 0x19, 0x45, 0x10, 0x82, 0x22, 0x49, 0x22, 0x49, 0x10, 0xE3, 0x22, 0x08,
    0x11, 0xA6, 0x08, 0x82, 0x08, 0x21, 0x10, 0x82, 0x18, 0xC2, 0x20, 0xC2, 0x20, 0xC2, 0x20, 0xC3,
    0x20, 0xC3, 0x10, 0x61, 0x08, 0x40, 0x10, 0x61, 0x18, 0x82, 0x10, 0x41, 0x83, 0xAD, 0xB5, 0x31,
    0x49, 0xE4, 0x5A, 0xA7, 0x7B, 0xAB, 0x94, 0x0C, 0x83, 0xAB, 0x5A, 0x87, 0x52, 0x06, 0x52, 0x05,
    0x52, 0x05, 0x52, 0x46, 0x62, 0x87, 0x62, 0x88, 0x62, 0x67, 0x52, 0x26, 0x52, 0x26, 0x5A, 0x26,
    0x5A, 0x46, 0x5A, 0x67, 0x5A, 0x47, 0x52, 0x26, 0x62, 0x67, 0x6A, 0xC8, 0x72, 0xC8, 0x6A, 0xC8,
    0x6A, 0xC8, 0x6A, 0xA7, 0x62, 0x87, 0x6A, 0x87, 0x5A, 0x46, 0x51, 0xE5, 0x52, 0x26, 0x5A, 0x26,
    0x5A, 0x47, 0x62, 0x67, 0x7B, 0x4A, 0x94, 0x2C, 0x83, 0xEB, 0x8C, 0x0C, 0x7B, 0xCB, 0x6A, 0xE9,
    0x49, 0xC5, 0x49, 0xC5, 0x49, 0xE5, 0x51, 0xE5, 0x41, 0x84, 0x41, 0x84, 0x51, 0xE5, 0x5A, 0x46,
    0x5A, 0x46, 0x41, 0x83, 0x39, 0x42, 0x49, 0xA4, 0x5A, 0x46, 0x62, 0x47, 0x62, 0x46, 0x5A, 0x26,
    0x62, 0x47, 0x72, 0xE9, 0x5A, 0x26, 0x62, 0xA8, 0x7B, 0x6C, 0x94, 0x0D, 0x9C, 0x2E, 0x94, 0x0D,
    0x8B, 0xCD, 0x9C, 0x4E, 0xBD, 0x52, 0xBD, 0x52, 0xB5, 0x32, 0xAC, 0xF1, 0xAC, 0xF2, 0xAC, 0xF1,
    0xAC, 0xF1, 0xAC, 0xF1, 0xAC, 0xF1, 0xAC, 0xF1, 0xAC, 0xF1, 0xAC, 0xF1, 0xAC, 0xF1, 0xAC, 0xF1,
    0xAC, 0xF1, 0xAC, 0xD1, 0xAC, 0xD1, 0xAC, 0xD1, 0xAC, 0xD1, 0xAC, 0xD0, 0xAC, 0xD1, 0xA4, 0xB0,
    0xA4, 0xB0, 0xA4, 0xB0, 0xAC, 0xB0, 0xA4, 0x6E, 0x9B, 0xEC, 0x93, 0xED, 0x94, 0x0D, 0x94, 0x0D,
    0x94, 0x0D, 0x94, 0x0D, 0x93, 0xED, 0x8B, 0xED, 0x8B, 0xED, 0x93, 0xED, 0x93, 0xEE, 0x94, 0x0E,
    0x94, 0x0E, 0x94, 0x0E, 0x94, 0x0E, 0x94, 0x0E, 0x94, 0x0E, 0x94, 0x0E, 0x94, 0x0E, 0x94, 0x0E,
    0x94, 0x0E, 0x94, 0x0E, 0x94, 0x0E, 0x94, 0x0E, 0x9C, 0x4F, 0x5A, 0x88, 0x20, 0xC2, 0xA4, 0xAF,
    0xAD, 0x11, 0x9C, 0x8F, 0x29, 0x23, 0x20, 0xC2, 0x10, 0x82, 0x10, 0x81, 0x10, 0x81, 0x19, 0xE7,
    0x23, 0x0C, 0x22, 0x07, 0x19, 0x23, 0x22, 0x8A, 0x22, 0xCB, 0x19, 0xC7, 0x11, 0x45, 0x23, 0x4E,
    0x09, 0x04, 0x10, 0xE3, 0x10, 0xE3, 0x11, 0x03, 0x22, 0x07, 0x19, 0xA6, 0x19, 0x44, 0x19, 0x03,
    0x08, 0x61, 0x08, 0x40, 0x10, 0x81, 0x18, 0xA2, 0x18, 0xA2, 0x20, 0xC3, 0x20, 0xC3, 0x18, 0xC3,
    0x18, 0xA2, 0x10, 0x61, 0x08, 0x60, 0x10, 0x81, 0x10, 0x61, 0x29, 0x24, 0xAC, 0xD1, 0xAC, 0xF1,
    0x52, 0x45, 0x6A, 0xE8, 0x8B, 0xEB, 0x94, 0x4C, 0x7B, 0x8B, 0x52, 0x46, 0x52, 0x06, 0x52, 0x26,
    0x52, 0x26, 0x5A, 0x47, 0x62, 0xA8, 0x62, 0x87, 0x5A, 0x67, 0x5A, 0x47, 0x5A, 0x46, 0x5A, 0x47,
    0x5A, 0x67, 0x62, 0x67, 0x5A, 0x47, 0x5A, 0x47, 0x6A, 0xA7, 0x72, 0xE9, 0x73, 0x0A, 0x73, 0x09,
    0x73, 0x09, 0x6A, 0xA8, 0x6A, 0xA7, 0x62, 0x67, 0x52, 0x06, 0x49, 0xC5, 0x49, 0xE5, 0x49, 0xE5,
    0x5A, 0x46, 0x52, 0x06, 0x83, 0xAB, 0x8C, 0x2C, 0x83, 0xEB, 0x8C, 0x0C, 0x7B, 0xAB, 0x5A, 0x67,
    0x49, 0xC5, 0x49, 0xC5, 0x51, 0xE5, 0x51, 0xE6, 0x41, 0x84, 0x49, 0xA4, 0x5A, 0x26, 0x62, 0x87,
    0x52, 0x06, 0x39, 0x43, 0x39, 0x43, 0x51, 0xE5, 0x5A, 0x26, 0x5A, 0x26, 0x5A, 0x46, 0x5A, 0x05,
    0x6A, 0xA8, 0x6A, 0x87, 0x5A, 0x26, 0x6A, 0xE9, 0x83, 0xAC, 0x94, 0x0D, 0x94, 0x0D, 0x8B, 0xED,
    0x8B, 0xCD, 0xAC, 0xAF, 0xBD, 0x52, 0xBD, 0x52, 0xB5, 0x12, 0xAD, 0x12, 0xAD, 0x12, 0xAC, 0xF2,
    0xAC, 0xF1, 0xAC, 0xF1, 0xAC, 0xF1, 0xAC, 0xF1, 0xAC, 0xF1, 0xAC, 0xF1, 0xAC, 0xF1, 0xAC, 0xF1,
    0xAC, 0xF1, 0xAC, 0xF1, 0xAC, 0xD1, 0xAC, 0xD1, 0xAC, 0xD1, 0xAC, 0xD0, 0xAC, 0xD0, 0xA4, 0xB0,
    0xA4, 0xB0, 0xA4, 0xB0, 0xA4, 0xB0, 0xA4, 0x6E, 0x94, 0x0D, 0x94, 0x0D, 0x94, 0x0D, 0x94, 0x0D,
    0x94, 0x0D, 0x94, 0x0D, 0x94, 0x0D, 0x8B, 0xED, 0x8B, 0xED, 0x93, 0xED, 0x94, 0x0E, 0x94, 0x0E,
    0x94, 0x0E, 0x94, 0x0E, 0x94, 0x0E, 0x94, 0x0E, 0x94, 0x0E, 0x94, 0x0E, 0x94, 0x0E, 0x94, 0x0E,
    0x94, 0x0E, 0x94, 0x0E, 0x94, 0x0E, 0x94, 0x0E, 0x9C, 0x2E, 0x29, 0x23, 0x4A, 0x27, 0xB5, 0x11,
    0xB5, 0x11, 0x73, 0x2B, 0x20, 0xC2, 0x20, 0xC2, 0x10, 0x61, 0x10, 0x61, 0x18, 0xA2, 0x19, 0x86,
    0x22, 0x48, 0x19, 0x44, 0x19, 0x44, 0x22, 0x8A, 0x19, 0xE7, 0x19, 0xC6, 0x11, 0x86, 0x1A, 0x08,
    0x08, 0x62, 0x10, 0xC3, 0x10, 0x61, 0x19, 0x04, 0x19, 0x86, 0x22, 0x6A, 0x19, 0xA6, 0x18, 0xE3,
    0x10, 0xE3, 0x10, 0xE3, 0x18, 0xE3, 0x18, 0xE2, 0x18, 0xA2, 0x21, 0x24, 0x29, 0x65, 0x18, 0xC3,
    0x18, 0x82, 0x10, 0x61, 0x10, 0x61, 0x10, 0x81, 0x08, 0x40, 0x5A, 0xA9, 0xB5, 0x32, 0xA4, 0xB0,
    0x5A, 0x87, 0x73, 0x09, 0x83, 0xCB, 0x7B, 0x49, 0x6A, 0xC8, 0x52, 0x46, 0x49, 0xE5, 0x49, 0xC4,
    0x52, 0x25, 0x5A, 0x47, 0x62, 0xA8, 0x62, 0x87, 0x5A, 0x46, 0x5A, 0x46, 0x5A, 0x66, 0x62, 0x87,
    0x62, 0x88, 0x62, 0x67, 0x5A, 0x67, 0x62, 0x67, 0x62, 0x88, 0x72, 0xE9, 0x72, 0xEA, 0x73, 0x09,
    0x72, 0xE9, 0x6A, 0xC9, 0x6A, 0xC8, 0x5A, 0x46, 0x49, 0xE5, 0x41, 0xA4, 0x41, 0xA4, 0x49, 0xC5,
    0x52, 0x06, 0x5A, 0x47, 0x8C, 0x0C, 0x8B, 0xEB, 0x8C, 0x0C, 0x83, 0xCB, 0x73, 0x6B, 0x52, 0x06,
    0x51, 0xE6, 0x49, 0xE5, 0x52, 0x06, 0x49, 0xA4, 0x41, 0x63, 0x49, 0xC5, 0x5A, 0x46, 0x62, 0x67,
    0x49, 0xC5, 0x39, 0x43, 0x41, 0x63, 0x52, 0x05, 0x62, 0x47, 0x62, 0x46, 0x5A, 0x26, 0x5A, 0x26,
    0x7B, 0x09, 0x62, 0x46, 0x62, 0x47, 0x73, 0x2B, 0x8B, 0xED, 0x94, 0x0D, 0x94, 0x0D, 0x8B, 0xCD,
    0x93, 0xED, 0xB5, 0x11, 0xBD, 0x52, 0xBD, 0x52, 0xAD, 0x12, 0xAD, 0x12, 0xAD, 0x12, 0xB5, 0x12,
    0xAC, 0xF2, 0xAC, 0xF2, 0xAC, 0xF1, 0xAC, 0xF1, 0xAC, 0xF1, 0xAC, 0xF1, 0xAC, 0xF1, 0xAC, 0xF1,
    0xAC, 0xF1, 0xAC, 0xF1, 0xAC, 0xF1, 0xAC, 0xD1, 0xAC, 0xD1, 0xAC, 0xD0, 0xAC, 0xD0, 0xAC, 0xB0,
    0xAC, 0xB0, 0xA4, 0xB0, 0xAC, 0xB0, 0xA4, 0x4E, 0x93, 0xEC, 0x94, 0x0D, 0x94, 0x0D, 0x94, 0x0D,
    0x94, 0x0E, 0x94, 0x0E, 0x94, 0x0E, 0x8B, 0xED, 0x8B, 0xED, 0x93, 0xED, 0x94, 0x0E, 0x93, 0xEE,
    0x94, 0x0E, 0x94, 0x0D, 0x94, 0x0D, 0x94, 0x0E, 0x94, 0x0E, 0x94, 0x0E, 0x94, 0x0E, 0x94, 0x0E,
    0x94, 0x0E, 0x94, 0x0E, 0x94, 0x0E, 0x9C, 0x4E, 0x7B, 0x8C, 0x10, 0x81, 0x83, 0xCD, 0xB5, 0x11,
    0xAD, 0x11, 0x41, 0xC6, 0x20, 0xC2, 0x18, 0xA2, 0x10, 0x61, 0x18, 0x81, 0x18, 0xA2, 0x18, 0xC2,
    0x18, 0xA2, 0x19, 0x23, 0x21, 0x44, 0x21, 0xC6, 0x19, 0xA6, 0x22, 0x69, 0x19, 0x86, 0x10, 0x82,
    0x10, 0xA2, 0x10, 0xE3, 0x10, 0x61, 0x19, 0x86, 0x1A, 0x29, 0x1A, 0x49, 0x19, 0x86, 0x08, 0x61,
    0x10, 0x82, 0x08, 0x61, 0x18, 0xA2, 0x18, 0xC2, 0x20, 0xE3, 0x21, 0x24, 0x21, 0x03, 0x20, 0xC3,
    0x10, 0x61, 0x10, 0x61, 0x10, 0x81, 0x10, 0x81, 0x18, 0x82, 0x94, 0x4F, 0xAD, 0x11, 0xA4, 0xD0,
    0x5A, 0xA7, 0x83, 0x8A, 0x73, 0x08, 0x49, 0xA3, 0x62, 0x86, 0x62, 0xA7, 0x62, 0x87, 0x5A, 0x66,
    0x5A, 0x66, 0x62, 0x67, 0x62, 0x67, 0x62, 0x87, 0x5A, 0x47, 0x62, 0x67, 0x62, 0x87, 0x62, 0x87,
    0x62, 0xA8, 0x62, 0xA8, 0x62, 0x67, 0x62, 0x67, 0x6A, 0xC9, 0x72, 0xE9, 0x72, 0xE9, 0x72, 0xE9,
    0x6A, 0xC9, 0x6A, 0xC9, 0x6A, 0xA8, 0x5A, 0x26, 0x49, 0xE5, 0x41, 0xC5, 0x49, 0xC5, 0x52, 0x06,
    0x52, 0x06, 0x6A, 0xE9, 0x94, 0x2C, 0x8B, 0xEB, 0x8C, 0x0C, 0x7B, 0xCB, 0x62, 0xE9, 0x49, 0xC5,
    0x49, 0xC5, 0x49, 0xC5, 0x52, 0x06, 0x41, 0x84, 0x41, 0x83, 0x51, 0xE5, 0x5A, 0x46, 0x62, 0x67,
    0x41, 0xA5, 0x39, 0x43, 0x41, 0x63, 0x5A, 0x06, 0x62, 0x26, 0x62, 0x26, 0x62, 0x26, 0x62, 0x47,
    0x73, 0x09, 0x5A, 0x26, 0x62, 0x88, 0x83, 0x6B, 0x94, 0x0D, 0x94, 0x0D, 0x93, 0xED, 0x8B, 0xCC,
    0x9C, 0x4E, 0xBD, 0x52, 0xBD, 0x52, 0xB5, 0x32, 0xAD, 0x12, 0xB5, 0x12, 0xB5, 0x12, 0xB5, 0x12,
    0xAC, 0xF1, 0xAC, 0xF1, 0xAC, 0xF1, 0xAC, 0xF1, 0xAC, 0xF1, 0xAC, 0xF1, 0xAC, 0xF1, 0xAC, 0xF1,
    0xAC, 0xF1, 0xAC, 0xD1, 0xAC, 0xD1, 0xAC, 0xD1, 0xAC, 0xD0, 0xAC, 0xD0, 0xAC, 0xB0, 0xAC, 0xB0,
    0xAC, 0xB0, 0xAC, 0xB0, 0xAC, 0xD0, 0x9C, 0x0D, 0x94, 0x0D, 0x94, 0x0D, 0x94, 0x0D, 0x94, 0x0E,
    0x94, 0x0E, 0x94, 0x0E, 0x94, 0x0E, 0x93, 0xED, 0x8B, 0xED, 0x8B, 0xED, 0x8B, 0xED, 0x94, 0x0D,
    0x93, 0xED, 0x8B, 0xED, 0x8B, 0xED, 0x94, 0x0E, 0x94, 0x0E, 0x94, 0x0E, 0x94, 0x2E, 0x94, 0x0E,
    0x94, 0x0E, 0x94, 0x2E, 0x94, 0x0E, 0x9C, 0x4F, 0x52, 0x26, 0x29, 0x03, 0xAC, 0xF0, 0xB5, 0x11,
    0x94, 0x2E, 0x20, 0xE3, 0x20, 0xE3, 0x10, 0x81, 0x10, 0x61, 0x18, 0xC2, 0x18, 0xE3, 0x18, 0xC2,
    0x18, 0xC2, 0x29, 0xA6, 0x21, 0x04, 0x19, 0x45, 0x1A, 0x28, 0x1A, 0x48, 0x19, 0x85, 0x08, 0x41,
    0x10, 0xE3, 0x10, 0x82, 0x10, 0xA2, 0x21, 0xE8, 0x22, 0x08, 0x19, 0x65, 0x19, 0x45, 0x10, 0xC2,
    0x11, 0x24, 0x18, 0xC2, 0x18, 0xC2, 0x20, 0xE3, 0x20, 0xE3, 0x20, 0xC2, 0x20, 0xC2, 0x18, 0xA2,
    0x10, 0x61, 0x10, 0x61, 0x18, 0xA2, 0x10, 0x61, 0x41, 0xC6, 0xB5, 0x31, 0xA4, 0xD0, 0xA4, 0xD0,
    0x5A, 0x67, 0x73, 0x29, 0x5A, 0x66, 0x5A, 0x45, 0x62, 0x87, 0x62, 0x87, 0x62, 0x87, 0x6A, 0xC7,
    0x6A, 0xA6, 0x6A, 0xA7, 0x62, 0xA7, 0x62, 0x87, 0x62, 0x87, 0x62, 0x87, 0x6A, 0xA8, 0x62, 0xA8,
    0x62, 0x87, 0x62, 0x87, 0x6A, 0xA8, 0x6A, 0xC8, 0x72, 0xE9, 0x72, 0xE9, 0x6A, 0xC8, 0x72, 0xE9,
    0x6A, 0xC8, 0x6A, 0xC8, 0x6A, 0xA8, 0x52, 0x06, 0x49, 0xE5, 0x49, 0xC5, 0x49, 0xE5, 0x5A, 0x47,
    0x52, 0x26, 0x7B, 0x8A, 0x8C, 0x2C, 0x8C, 0x0C, 0x8C, 0x0C, 0x7B, 0xAB, 0x5A, 0x87, 0x51, 0xC5,
    0x49, 0xC5, 0x51, 0xE5, 0x51, 0xE5, 0x41, 0x83, 0x49, 0xA4, 0x5A, 0x26, 0x62, 0x47, 0x5A, 0x26,
    0x39, 0x64, 0x39, 0x43, 0x49, 0xC5, 0x62, 0x47, 0x62, 0x47, 0x5A, 0x26, 0x62, 0x26, 0x72, 0xC9,
    0x6A, 0xA8, 0x5A, 0x26, 0x6A, 0xE9, 0x8B, 0xAC, 0x9C, 0x2E, 0x94, 0x0D, 0x8B, 0xED, 0x8B, 0xCC,
    0xAC, 0xB0, 0xBD, 0x52, 0xBD, 0x52, 0xB5, 0x12, 0xB5, 0x12, 0xB5, 0x12, 0xB5, 0x12, 0xB5, 0x12,
    0xB5, 0x12, 0xB5, 0x12, 0xAC, 0xF1, 0xAC, 0xF1, 0xAC, 0xF1, 0xAC, 0xF1, 0xAC, 0xF1, 0xAC, 0xF1,
    0xAC, 0xF1, 0xAC, 0xD1, 0xAC, 0xD1, 0xAC, 0xD0, 0xAC, 0xD0, 0xAC, 0xD0, 0xAC, 0xB0, 0xAC, 0xB0,
    0xAC, 0xB0, 0xAC, 0xAF, 0xA4, 0x4E, 0x93, 0xEC, 0x94, 0x0D, 0x9C, 0x0D, 0x9C, 0x2D, 0x94, 0x2E,
    0x94, 0x0E, 0x94, 0x0D, 0x94, 0x0D, 0x93, 0xED, 0x94, 0x0E, 0x94, 0x2E, 0x9C, 0x4E, 0x94, 0x0E,
    0x8B, 0xED, 0x8B, 0xED, 0x8B, 0xED, 0x94, 0x0E, 0x94, 0x2E, 0x94, 0x0E, 0x94, 0x0E, 0x94, 0x0E,
    0x94, 0x0E, 0x94, 0x0E, 0x94, 0x2E, 0x94, 0x2E, 0x20, 0xE2, 0x5A, 0xA8, 0xB5, 0x31, 0xB5, 0x31,
    0x62, 0xA9, 0x18, 0xA2, 0x20, 0xC3, 0x08, 0x41, 0x10, 0x61, 0x19, 0x03, 0x18, 0xE2, 0x18, 0xE3,
    0x21, 0x65, 0x21, 0x44, 0x19, 0x03, 0x19, 0x65, 0x1A, 0x49, 0x19, 0xC7, 0x10, 0xA2, 0x10, 0x81,
    0x10, 0xC3, 0x10, 0x61, 0x19, 0x24, 0x19, 0x65, 0x21, 0x86, 0x11, 0x86, 0x12, 0x4A, 0x11, 0x24,
    0x19, 0x45, 0x10, 0xA2, 0x18, 0xA2, 0x20, 0xE3, 0x20, 0xE3, 0x20, 0xE3, 0x20, 0xE3, 0x10, 0x82,
    0x10, 0x61, 0x10, 0x81, 0x18, 0xA2, 0x10, 0x61, 0x7B, 0x8C, 0xB5, 0x31, 0xA4, 0xD0, 0xAC, 0xF1,
    0x62, 0xA7, 0x62, 0x87, 0x5A, 0x66, 0x5A, 0x46, 0x62, 0x86, 0x6A, 0xC8, 0x6A, 0xC8, 0x6A, 0xE8,
    0x72, 0xE8, 0x7B, 0x29, 0x7B, 0x49, 0x73, 0x08, 0x73, 0x08, 0x73, 0x09, 0x73, 0x09, 0x73, 0x09,
    0x73, 0x09, 0x72, 0xE9, 0x6A, 0xE8, 0x72, 0xE9, 0x6A, 0xC8, 0x72, 0xE9, 0x72, 0xE9, 0x72, 0xE9,
    0x6A, 0xC9, 0x6A, 0xC8, 0x62, 0x67, 0x49, 0xE5, 0x41, 0xA5, 0x41, 0xA5, 0x49, 0xE5, 0x5A, 0x26,
    0x5A, 0x46, 0x8C, 0x2C, 0x8C, 0x0C, 0x8C, 0x0C, 0x83, 0xEB, 0x73, 0x8B, 0x5A, 0x26, 0x49, 0xC5,
    0x49, 0xC5, 0x51, 0xE6, 0x49, 0xA4, 0x41, 0x63, 0x49, 0xC5, 0x62, 0x47, 0x62, 0x67, 0x51, 0xE5,
    0x41, 0x64, 0x39, 0x63, 0x5A, 0x06, 0x62, 0x47, 0x62, 0x47, 0x5A, 0x26, 0x5A, 0x26, 0x7A, 0xE9,
    0x62, 0x47, 0x62, 0x67, 0x73, 0x2A, 0x94, 0x0D, 0x9C, 0x4E, 0x94, 0x0D, 0x8B, 0xCC, 0x94, 0x0D,
    0xB5, 0x11, 0xBD, 0x52, 0xBD, 0x32, 0xB5, 0x12, 0xB5, 0x12, 0xB5, 0x12, 0xB5, 0x12, 0xB5, 0x12,
    0xB5, 0x12, 0xB5, 0x12, 0xB5, 0x12, 0xAD, 0x11, 0xAC, 0xF1, 0xAC, 0xF1, 0xAC, 0xF1, 0xAC, 0xF1,
    0xAC, 0xF1, 0xAC, 0xD1, 0xAC, 0xD1, 0xAC, 0xD0, 0xAC, 0xD0, 0xAC, 0xB0, 0xAC, 0xB0, 0xAC, 0xB0,
    0xAC, 0xB0, 0xA4, 0x6E, 0x93, 0xCB, 0x94, 0x0D, 0x9C, 0x2D, 0x9C, 0x2D, 0x93, 0xED, 0x93, 0xED,
    0x94, 0x0D, 0x94, 0x0D, 0x94, 0x0E, 0x94, 0x2E, 0x94, 0x0E, 0x6B, 0x0A, 0x62, 0xA9, 0x73, 0x2A,
    0x8B, 0xAC, 0x8B, 0xCC, 0x93, 0xED, 0x94, 0x2E, 0x94, 0x0E, 0x94, 0x0E, 0x94, 0x2E, 0x94, 0x0E,
    0x94, 0x0E, 0x94, 0x0E, 0x9C, 0x4E, 0x73, 0x2A, 0x10, 0x81, 0x94, 0x2E, 0xB5, 0x11, 0xAC, 0xD0,
    0x31, 0x44, 0x18, 0xC2, 0x10, 0x82, 0x08, 0x41, 0x10, 0xA2, 0x18, 0xE3, 0x18, 0xC2, 0x18, 0xE3,
    0x19, 0x03, 0x19, 0x03, 0x21, 0x84, 0x19, 0x24, 0x21, 0xA6, 0x19, 0x25, 0x10, 0xA2, 0x10, 0xC3,
    0x10, 0x82, 0x11, 0x04, 0x21, 0xE8, 0x18, 0xE3, 0x22, 0x09, 0x22, 0xED, 0x12, 0x6B, 0x11, 0x04,
    0x10, 0x41, 0x18, 0x82, 0x20, 0xC2, 0x20, 0xE3, 0x20, 0xE3, 0x20, 0xE3, 0x18, 0xC2, 0x10, 0x81,
    0x10, 0x61, 0x18, 0x82, 0x10, 0x81, 0x29, 0x44, 0xAC, 0xF1, 0xAC, 0xF0, 0xAD, 0x11, 0x94, 0x6E,
    0x7B, 0x8A, 0x8C, 0x0B, 0x83, 0xAB, 0x5A, 0x67, 0x52, 0x26, 0x5A, 0x67, 0x62, 0xA7, 0x6A, 0xC8,
    0x6A, 0xE8, 0x73, 0x08, 0x73, 0x09, 0x73, 0x09, 0x73, 0x29, 0x73, 0x29, 0x73, 0x29, 0x73, 0x29,
    0x7B, 0x2A, 0x7B, 0x2A, 0x7B, 0x4A, 0x73, 0x29, 0x7B, 0x29, 0x7B, 0x2A, 0x73, 0x2A, 0x7B, 0x4A,
    0x7B, 0x29, 0x7B, 0x29, 0x72, 0xE9, 0x6A, 0xA8, 0x5A, 0x67, 0x5A, 0x47, 0x5A, 0x47, 0x52, 0x26,
    0x6A, 0xE8, 0x94, 0x4C, 0x8C, 0x0B, 0x8C, 0x0C, 0x7B, 0xCB, 0x6B, 0x09, 0x51, 0xE5, 0x51, 0xE5,
    0x51, 0xE5, 0x52, 0x05, 0x49, 0x84, 0x41, 0x84, 0x51, 0xE5, 0x62, 0x47, 0x62, 0x67, 0x49, 0xA4,
    0x39, 0x63, 0x41, 0x84, 0x5A, 0x26, 0x62, 0x47, 0x5A, 0x26, 0x62, 0x26, 0x62, 0x67, 0x7B, 0x09,
    0x62, 0x26, 0x6A, 0xA8, 0x83, 0x6B, 0x9C, 0x4E, 0x9C, 0x4E, 0x94, 0x0D, 0x8B, 0xCC, 0x9C, 0x4E,
    0xBD, 0x52, 0xBD, 0x51, 0xB5, 0x32, 0xB5, 0x11, 0xB5, 0x11, 0xB5, 0x12, 0xB5, 0x12, 0xB5, 0x12,
    0xB5, 0x12, 0xB5, 0x12, 0xAC, 0xF2, 0xAC, 0xF1, 0xAC, 0xF1, 0xAC, 0xF1, 0xAC, 0xF1, 0xAC, 0xF1,
    0xAC, 0xF1, 0xAC, 0xD1, 0xAC, 0xD1, 0xAC, 0xD0, 0xAC, 0xB0, 0xA4, 0xB0, 0xA4, 0xB0, 0xA4, 0xB0,
    0xAC, 0xD0, 0xA4, 0x2D, 0x9B, 0xEC, 0x93, 0xED, 0x83, 0xAC, 0x7B, 0x6B, 0x73, 0x2A, 0x73, 0x4B,
    0x73, 0x4B, 0x73, 0x4B, 0x7B, 0x8C, 0x8B, 0xED, 0x4A, 0x08, 0x21, 0x24, 0x18, 0xC3, 0x10, 0x81,
    0x6A, 0xE9, 0x94, 0x0D, 0x94, 0x0E, 0x94, 0x2E, 0x94, 0x0E, 0x94, 0x2E, 0x94, 0x2E, 0x94, 0x2E,
    0x94, 0x2E, 0x94, 0x0E, 0x9C, 0x6F, 0x39, 0xC6, 0x31, 0x85, 0xB5, 0x11, 0xB5, 0x31, 0x83, 0xCC,
    0x18, 0xA2, 0x20, 0xE2, 0x08, 0x41, 0x10, 0x61, 0x18, 0xA2, 0x18, 0xC2, 0x18, 0xE3, 0x18, 0xC2,
    0x18, 0xC2, 0x21, 0x23, 0x21, 0xA4, 0x18, 0xE3, 0x19, 0x66, 0x22, 0x6A, 0x10, 0xA2, 0x19, 0x86,
    0x08, 0x82, 0x1A, 0x08, 0x21, 0xE8, 0x19, 0x04, 0x22, 0x4A, 0x19, 0xE8, 0x11, 0x25, 0x10, 0x62,
    0x10, 0x82, 0x18, 0xC2, 0x20, 0xE3, 0x20, 0xE3, 0x20, 0xE3, 0x20, 0xE3, 0x18, 0xA2, 0x10, 0x81,
    0x10, 0x81, 0x18, 0xA2, 0x10, 0x61, 0x62, 0xC9, 0xB5, 0x52, 0xA4, 0xD0, 0xB5, 0x11, 0x5A, 0xA9,
    0x7B, 0xAB, 0x8C, 0x0C, 0x73, 0x4A, 0x52, 0x47, 0x52, 0x47, 0x52, 0x26, 0x4A, 0x06, 0x52, 0x26,
    0x52, 0x26, 0x52, 0x46, 0x5A, 0x47, 0x5A, 0x67, 0x62, 0xA8, 0x6A, 0xC8, 0x72, 0xE8, 0x73, 0x09,
    0x73, 0x2A, 0x7B, 0x2A, 0x73, 0x29, 0x7B, 0x29, 0x83, 0x6A, 0x83, 0x6B, 0x7B, 0x4A, 0x7B, 0x6A,
    0x7B, 0x6A, 0x7B, 0x6A, 0x7B, 0x4A, 0x7B, 0x6B, 0x83, 0x8B, 0x83, 0x8B, 0x83, 0x8B, 0x7B, 0x4A,
    0x83, 0xAB, 0x8C, 0x2C, 0x94, 0x2C, 0x83, 0xCB, 0x7B, 0xCC, 0x62, 0xA8, 0x49, 0xC5, 0x51, 0xE5,
    0x51, 0xE5, 0x52, 0x06, 0x49, 0xA4, 0x49, 0xA4, 0x52, 0x06, 0x62, 0x67, 0x5A, 0x26, 0x41, 0x63,
    0x39, 0x63, 0x51, 0xC4, 0x62, 0x47, 0x62, 0x47, 0x62, 0x27, 0x5A, 0x26, 0x72, 0xC8, 0x72, 0xC8,
    0x62, 0x46, 0x72, 0xE9, 0x8B, 0xCC, 0xA4, 0x6E, 0x9C, 0x4E, 0x93, 0xED, 0x8B, 0xCC, 0xAC, 0xCF,
    0xBD, 0x52, 0xBD, 0x31, 0xB5, 0x12, 0xB5, 0x12, 0xB5, 0x12, 0xB5, 0x12, 0xAD, 0x12, 0xB5, 0x12,
    0xB5, 0x12, 0xAD, 0x12, 0xAC, 0xF1, 0xAC, 0xF1, 0xAC, 0xF1, 0xAC, 0xF1, 0xAC, 0xF1, 0xAC, 0xF1,
    0xAC, 0xF1, 0xAC, 0xD1, 0xAC, 0xD0, 0xAC, 0xD0, 0xAC, 0xB0, 0xA4, 0xB0, 0xA4, 0xB0, 0xA4, 0x8F,
    0xA4, 0x6F, 0x8B, 0xCC, 0x73, 0x4B, 0x73, 0x0B, 0x83, 0xAC, 0x94, 0x0D, 0x9C, 0x2E, 0x94, 0x2E,
    0x94, 0x0E, 0x8B, 0xCD, 0x83, 0xAC, 0x5A, 0xCA, 0x10, 0x82, 0x21, 0x03, 0x29, 0x24, 0x00, 0x20,
    0x73, 0x0A, 0x94, 0x2E, 0x94, 0x0E, 0x94, 0x2E, 0x94, 0x2E, 0x94, 0x0E, 0x94, 0x2E, 0x94, 0x2E,
    0x94, 0x2E, 0x94, 0x2E, 0x8B, 0xED, 0x18, 0xA2, 0x73, 0x2B, 0xB5, 0x31, 0xB5, 0x31, 0x4A, 0x27,
    0x10, 0x81, 0x18, 0xA2, 0x08, 0x61, 0x10, 0x61, 0x10, 0x82, 0x18, 0xC2, 0x18, 0xC2, 0x18, 0xC2,
    0x18, 0xE3, 0x21, 0x23, 0x21, 0x84, 0x19, 0x03, 0x21, 0xE7, 0x11, 0x66, 0x10, 0xC3, 0x10, 0xE4,
    0x10, 0xC3, 0x21, 0x45, 0x18, 0xE3, 0x21, 0x04, 0x18, 0xC3, 0x10, 0x82, 0x10, 0x41, 0x10, 0x62,
    0x18, 0x82, 0x20, 0xC3, 0x20, 0xE3, 0x20, 0xE2, 0x20, 0xE3, 0x20, 0xC2, 0x10, 0x82, 0x10, 0x81,
    0x10, 0x81, 0x18, 0xA2, 0x18, 0xC2, 0x9C, 0x6F, 0xB5, 0x11, 0xAC, 0xF1, 0xA4, 0xB0, 0x21, 0x03,
    0x6B, 0x29, 0x94, 0x2D, 0x62, 0xC8, 0x52, 0x47, 0x52, 0x26, 0x52, 0x47, 0x52, 0x47, 0x52, 0x46,
    0x5A, 0x47, 0x5A, 0x47, 0x5A, 0x46, 0x5A, 0x46, 0x5A, 0x26, 0x5A, 0x46, 0x5A, 0x67, 0x62, 0x87,
    0x5A, 0x46, 0x62, 0x66, 0x73, 0x09, 0x7B, 0x2A, 0x7B, 0x4A, 0x83, 0x6A, 0x7B, 0x4A, 0x73, 0x0A,
    0x7B, 0x2A, 0x7B, 0x4A, 0x73, 0x0A, 0x73, 0x0A, 0x73, 0x2A, 0x7B, 0x4A, 0x7B, 0x6B, 0x7B, 0x4A,
    0x8C, 0x0C, 0x94, 0x2C, 0x8C, 0x2C, 0x83, 0xCB, 0x83, 0xED, 0x5A, 0x47, 0x52, 0x05, 0x49, 0xC4,
    0x52, 0x05, 0x51, 0xE5, 0x41, 0x84, 0x49, 0xC4, 0x5A, 0x26, 0x62, 0x67, 0x51, 0xE5, 0x41, 0x63,
    0x41, 0x63, 0x51, 0xE5, 0x62, 0x26, 0x5A, 0x26, 0x62, 0x47, 0x5A, 0x26, 0x72, 0xE9, 0x62, 0x66,
    0x62, 0x67, 0x7B, 0x2A, 0x94, 0x0D, 0xA4, 0x6E, 0x9C, 0x2D, 0x8B, 0xCC, 0x94, 0x0D, 0xB5, 0x10,
    0xBD, 0x31, 0xBD, 0x31, 0xB5, 0x12, 0xB5, 0x12, 0xB5, 0x12, 0xB5, 0x12, 0xAD, 0x12, 0xAD, 0x12,
    0xAD, 0x12, 0xAD, 0x11, 0xAC, 0xF1, 0xAC, 0xF1, 0xAC, 0xF1, 0xAC, 0xF1, 0xAC, 0xF1, 0xAC, 0xF1,
    0xAC, 0xF1, 0xAC, 0xD1, 0xAC, 0xD1, 0xAC, 0xD1, 0xAC, 0xB0, 0xA4, 0xB0, 0xAC, 0xF0, 0x9C, 0x6F,
    0x73, 0x2B, 0x6B, 0x0B, 0x7B, 0x6B, 0x94, 0x0D, 0x9C, 0x2E, 0x9C, 0x2D, 0x94, 0x0D, 0x94, 0x0E,
    0x94, 0x0E, 0x94, 0x0D, 0x8B, 0xCD, 0x29, 0x24, 0x21, 0x03, 0x20, 0xE3, 0x00, 0x20, 0x39, 0xA5,
    0x94, 0x2E, 0x94, 0x0E, 0x94, 0x2E, 0x94, 0x2E, 0x94, 0x2E, 0x94, 0x2E, 0x94, 0x2E, 0x94, 0x2E,
    0x94, 0x0E, 0x9C, 0x6F, 0x62, 0xC9, 0x18, 0xA1, 0x9C, 0x8F, 0xB5, 0x11, 0x9C, 0x8F, 0x20, 0xE3,
    0x18, 0xC2, 0x10, 0xA2, 0x10, 0xC2, 0x10, 0xA2, 0x10, 0x82, 0x18, 0xA2, 0x18, 0xA2, 0x18, 0xA2,
    0x18, 0xE3, 0x21, 0x24, 0x19, 0x24, 0x21, 0x85, 0x21, 0x64, 0x19, 0x03, 0x18, 0xE3, 0x10, 0xA3,
    0x10, 0xC3, 0x18, 0xC3, 0x21, 0x24, 0x21, 0x04, 0x18, 0xA3, 0x10, 0xC3, 0x18, 0xE4, 0x10, 0x82,
    0x18, 0xC3, 0x20, 0xE3, 0x21, 0x04, 0x21, 0x24, 0x21, 0x04, 0x18, 0xC3, 0x18, 0xA2, 0x10, 0xA2,
    0x18, 0xA2, 0x10, 0x61, 0x4A, 0x07, 0xB5, 0x32, 0xA4, 0xD0, 0xB5, 0x52, 0x73, 0x4B, 0x08, 0x20,
    0x21, 0x02, 0x7B, 0x6A, 0x62, 0xA8, 0x5A, 0x67, 0x4A, 0x06, 0x52, 0x26, 0x5A, 0x47, 0x5A, 0x67,
    0x5A, 0x67, 0x5A, 0x67, 0x5A, 0x67, 0x62, 0x67, 0x62, 0x87, 0x5A, 0x67, 0x62, 0x87, 0x5A, 0x47,
    0x49, 0xE5, 0x62, 0x67, 0x72, 0xE8, 0x7B, 0x09, 0x7B, 0x29, 0x7B, 0x2A, 0x73, 0x09, 0x6A, 0xC9,
    0x73, 0x0A, 0x62, 0xA9, 0x5A, 0x67, 0x5A, 0x88, 0x62, 0xA8, 0x6B, 0x09, 0x73, 0x0A, 0x7B, 0x6A,
    0x94, 0x2C, 0x94, 0x2C, 0x8B, 0xEB, 0x84, 0x0C, 0x7B, 0xCD, 0x51, 0xE6, 0x52, 0x06, 0x51, 0xE5,
    0x51, 0xE5, 0x49, 0xA4, 0x41, 0x83, 0x51, 0xE5, 0x62, 0x47, 0x62, 0x47, 0x49, 0xA4, 0x39, 0x43,
    0x49, 0x84, 0x5A, 0x26, 0x62, 0x47, 0x62, 0x47, 0x62, 0x27, 0x62, 0x47, 0x72, 0xE9, 0x62, 0x26,
    0x6A, 0xC9, 0x83, 0x6B, 0x9C, 0x2D, 0x9C, 0x4E, 0x94, 0x0D, 0x8B, 0xAC, 0xA4, 0x6E, 0xBD, 0x31,
    0xBD, 0x31, 0xB5, 0x31, 0xB5, 0x12, 0xB5, 0x12, 0xB5, 0x12, 0xB5, 0x12, 0xAD, 0x12, 0xAD, 0x12,
    0xAD, 0x12, 0xAD, 0x12, 0xAC, 0xF2, 0xAC, 0xF2, 0xAC, 0xF1, 0xAC, 0xF1, 0xAC, 0xD1, 0xAC, 0xD1,
    0xAC, 0xF1, 0xAC, 0xF1, 0xAC, 0xD1, 0xAC, 0xD1, 0xB5, 0x11, 0xB5, 0x11, 0x9C, 0x4F, 0x83, 0xAD,
    0x6B, 0x0A, 0x93, 0xEC, 0x9C, 0x2D, 0x9C, 0x2D, 0x94, 0x0D, 0x94, 0x2D, 0x94, 0x2D, 0x94, 0x0E,
    0x8B, 0xED, 0x8B, 0xCC, 0x8B, 0xED, 0x5A, 0x88, 0x21, 0x23, 0x10, 0xA2, 0x39, 0xA5, 0x8B, 0xEE,
    0x94, 0x2E, 0x94, 0x2E, 0x94, 0x2E, 0x94, 0x2E, 0x94, 0x2E, 0x94, 0x2E, 0x94, 0x2E, 0x94, 0x2E,
    0x94, 0x0E, 0x9C, 0x6F, 0x31, 0x44, 0x41, 0xE6, 0xB5, 0x10, 0xB5, 0x31, 0x73, 0x2B, 0x10, 0x82,
    0x20, 0xE3, 0x10, 0x81, 0x10, 0x61, 0x10, 0x81, 0x10, 0x82, 0x10, 0x82, 0x18, 0xC2, 0x18, 0xC3,
    0x18, 0xC3, 0x18, 0xC3, 0x19, 0x24, 0x31, 0xC7, 0x39, 0xE7, 0x3A, 0x07, 0x42, 0x27, 0x29, 0xA5,
    0x21, 0x86, 0x21, 0x86, 0x21, 0x45, 0x21, 0x25, 0x21, 0x66, 0x19, 0x45, 0x18, 0xC3, 0x18, 0xA2,
    0x18, 0xC3, 0x21, 0x04, 0x21, 0x04, 0x21, 0x04, 0x20, 0xE3, 0x18, 0xA2, 0x10, 0x82, 0x10, 0x82,
    0x18, 0xA2, 0x10, 0x62, 0x7B, 0xAD, 0xB5, 0x31, 0xA4, 0xD0, 0xB5, 0x32, 0x39, 0xA5, 0x08, 0x41,
    0x29, 0x23, 0x29, 0x23, 0x6A, 0xE8, 0x62, 0x87, 0x5A, 0x47, 0x52, 0x26, 0x5A, 0x67, 0x5A, 0x68,
    0x62, 0x88, 0x5A, 0x67, 0x62, 0x87, 0x62, 0x87, 0x62, 0x88, 0x62, 0xA8, 0x62, 0x88, 0x52, 0x26,
    0x5A, 0x46, 0x6A, 0xC8, 0x6A, 0xC8, 0x7B, 0x09, 0x7B, 0x4A, 0x7B, 0x4A, 0x73, 0x0A, 0x6A, 0xC9,
    0x6A, 0xEA, 0x4A, 0x06, 0x49, 0xC5, 0x49, 0xC4, 0x49, 0xC5, 0x52, 0x06, 0x52, 0x06, 0x7B, 0x6A,
    0x94, 0x4C, 0x8C, 0x0C, 0x83, 0xCA, 0x8C, 0x6E, 0x73, 0x2A, 0x52, 0x06, 0x51, 0xE5, 0x51, 0xE5,
    0x51, 0xC5, 0x41, 0x63, 0x49, 0xA4, 0x5A, 0x26, 0x6A, 0x87, 0x5A, 0x26, 0x41, 0x63, 0x39, 0x63,
    0x49, 0xC4, 0x5A, 0x26, 0x62, 0x26, 0x62, 0x26, 0x5A, 0x26, 0x6A, 0x87, 0x72, 0xA7, 0x5A, 0x26,
    0x72, 0xEA, 0x8B, 0x8C, 0x9C, 0x2D, 0x9C, 0x2D, 0x8B, 0xCC, 0x8B, 0xCC, 0xAC, 0xAF, 0xBD, 0x31,
    0xB5, 0x31, 0xB5, 0x11, 0xB5, 0x12, 0xAD, 0x12, 0xAD, 0x12, 0xAD, 0x12, 0xAD, 0x12, 0xAD, 0x12,
    0xAD, 0x12, 0xAD, 0x12, 0xAC, 0xF1, 0xAC, 0xF1, 0xAC, 0xF1, 0xAC, 0xF1, 0xAC, 0xF1, 0xAC, 0xF1,
    0xAC, 0xD1, 0xAC, 0xF1, 0xB5, 0x32, 0xAC, 0xD1, 0x7B, 0x8C, 0x42, 0x07, 0x29, 0x65, 0x39, 0xC6,
    0x52, 0x48, 0x94, 0x0D, 0x9C, 0x2D, 0x9C, 0x2D, 0x94, 0x2D, 0x94, 0x2E, 0x94, 0x0D, 0x8B, 0xED,
    0x83, 0xAC, 0x8B, 0xED, 0x94, 0x2E, 0x94, 0x2E, 0x4A, 0x28, 0x6B, 0x0B, 0x83, 0xAD, 0x94, 0x0E,
    0x94, 0x2E, 0x94, 0x2E, 0x94, 0x2E, 0x94, 0x2E, 0x94, 0x2E, 0x94, 0x2E, 0x94, 0x2E, 0x94, 0x2E,
    0x9C, 0x2E, 0x83, 0xAC, 0x10, 0x81, 0x83, 0xAC, 0xB5, 0x11, 0xAC, 0xF0, 0x39, 0xA6, 0x18, 0xC3,
    0x20, 0xE3, 0x10, 0x61, 0x10, 0x82, 0x18, 0xE4, 0x18, 0xE3, 0x18, 0xC3, 0x18, 0xE3, 0x18, 0xE3,
    0x19, 0x24, 0x29, 0xA7, 0x2A, 0x08, 0x63, 0x0B, 0x52, 0x8A, 0x8B, 0xCB, 0x9B, 0xCA, 0x4A, 0x89,
    0x32, 0x28, 0x29, 0xC7, 0x29, 0xC7, 0x29, 0xC7, 0x19, 0x24, 0x10, 0x61, 0x08, 0x41, 0x10, 0x82,
    0x18, 0xC2, 0x20, 0xC3, 0x20, 0xE3, 0x20, 0xC2, 0x18, 0xC2, 0x10, 0x82, 0x10, 0x61, 0x10, 0x82,
    0x18, 0x81, 0x31, 0x44, 0xAC, 0xF1, 0xAC, 0xF0, 0xB5, 0x11, 0x94, 0x2E, 0x10, 0x61, 0x10, 0x81,
    0x52, 0x26, 0x18, 0xC2, 0x41, 0xC5, 0x7B, 0x29, 0x72, 0xE8, 0x6A, 0xC8, 0x6A, 0xE8, 0x72, 0xE8,
    0x6A, 0xA8, 0x6A, 0xE9, 0x6A, 0xE9, 0x6A, 0xC9, 0x6A, 0xC9, 0x62, 0xA8, 0x5A, 0x67, 0x5A, 0x67,
    0x6A, 0xA8, 0x6A, 0xA8, 0x72, 0xE9, 0x7B, 0x2A, 0x83, 0x8B, 0x83, 0x8B, 0x7B, 0x4B, 0x73, 0x0A,
    0x62, 0xC9, 0x49, 0xE6, 0x49, 0xE6, 0x49, 0xE5, 0x49, 0xE5, 0x52, 0x06, 0x51, 0xE6, 0x8B, 0xEB,
    0x94, 0x2C, 0x8C, 0x0B, 0x83, 0xCA, 0x94, 0xB0, 0x62, 0x88, 0x5A, 0x26, 0x52, 0x26, 0x52, 0x05,
    0x49, 0xC5, 0x49, 0x84, 0x51, 0xE5, 0x62, 0x46, 0x6A, 0x87, 0x51, 0xE5, 0x41, 0x83, 0x41, 0x83,
    0x51, 0xE5, 0x62, 0x47, 0x62, 0x46, 0x62, 0x46, 0x5A, 0x05, 0x72, 0xC9, 0x62, 0x46, 0x62, 0x88,
    0x73, 0x2A, 0x8B, 0xCC, 0x9C, 0x2D, 0x93, 0xED, 0x8B, 0xAC, 0x94, 0x0D, 0xB5, 0x10, 0xBD, 0x31,
    0xB5, 0x11, 0xB5, 0x12, 0xB5, 0x12, 0xAD, 0x12, 0xAD, 0x12, 0xAD, 0x12, 0xAD, 0x11, 0xAD, 0x11,
    0xAD, 0x11, 0xAC, 0xF1, 0xAC, 0xF1, 0xAC, 0xF1, 0xAC, 0xF1, 0xAC, 0xF1, 0xAC, 0xF1, 0xAC, 0xD1,
    0xB5, 0x32, 0xAC, 0xF1, 0x73, 0x4C, 0x31, 0x65, 0x18, 0xC3, 0x18, 0xE3, 0x18, 0xE3, 0x10, 0xA2,
    0x10, 0x81, 0x62, 0xA9, 0xA4, 0x6E, 0x94, 0x0D, 0x94, 0x2E, 0x94, 0x2E, 0x94, 0x0D, 0x83, 0xAC,
    0x8B, 0xCD, 0x94, 0x2E, 0x94, 0x2E, 0x6A, 0xEA, 0x6B, 0x0B, 0x8B, 0xCE, 0x83, 0xAD, 0x94, 0x0E,
    0x94, 0x2E, 0x94, 0x2E, 0x94, 0x2E, 0x94, 0x2E, 0x94, 0x2E, 0x94, 0x2E, 0x94, 0x2E, 0x94, 0x0E,
    0x9C, 0x6F, 0x52, 0x47, 0x20, 0xE2, 0xAC, 0xD0, 0xB5, 0x11, 0x8C, 0x0D, 0x18, 0xA2, 0x21, 0x03,
    0x10, 0xA2, 0x08, 0x61, 0x10, 0x82, 0x10, 0x82, 0x10, 0xA2, 0x10, 0xA2, 0x18, 0xE3, 0x21, 0x65,
    0x21, 0x45, 0x31, 0xA6, 0x4A, 0x89, 0x42, 0x27, 0x42, 0x69, 0x4A, 0x27, 0x52, 0xC9, 0x3A, 0xCB,
    0x3A, 0xAB, 0x32, 0x8A, 0x3A, 0xAB, 0x29, 0xA6, 0x21, 0x24, 0x10, 0xC3, 0x10, 0xC3, 0x18, 0xC3,
    0x18, 0xC3, 0x18, 0xC3, 0x20, 0xE3, 0x20, 0xE3, 0x18, 0xA2, 0x10, 0x82, 0x10, 0x82, 0x10, 0x82,
    0x10, 0x81, 0x6A, 0xEA, 0xBD, 0x52, 0xA4, 0xD0, 0xB5, 0x32, 0x52, 0x68, 0x08, 0x20, 0x10, 0x81,
    0x6A, 0xA6, 0x5A, 0x46, 0x18, 0xC2, 0x5A, 0x67, 0x7B, 0x29, 0x7B, 0x29, 0x73, 0x08, 0x7B, 0x29,
    0x7B, 0x49, 0x83, 0x8A, 0x83, 0x6A, 0x83, 0x8B, 0x7B, 0x2A, 0x6A, 0xE9, 0x73, 0x29, 0x73, 0x2A,
    0x73, 0x09, 0x72, 0xE9, 0x7B, 0x09, 0x7B, 0x4A, 0x7B, 0x6B, 0x83, 0x6B, 0x7B, 0x4B, 0x73, 0x2A,
    0x5A, 0x47, 0x49, 0xE6, 0x49, 0xE6, 0x49, 0xE5, 0x52, 0x06, 0x51, 0xE6, 0x62, 0x87, 0x94, 0x4B,
    0x8C, 0x0C, 0x83, 0xEB, 0x84, 0x2C, 0x8C, 0x90, 0x5A, 0x68, 0x5A, 0x47, 0x52, 0x06, 0x52, 0x05,
    0x49, 0xA4, 0x49, 0x84, 0x52, 0x06, 0x6A, 0x88, 0x6A, 0xA8, 0x49, 0xC4, 0x41, 0x84, 0x41, 0x84,
    0x5A, 0x05, 0x62, 0x26, 0x62, 0x47, 0x5A, 0x26, 0x5A, 0x06, 0x6A, 0xA8, 0x5A, 0x26, 0x6A, 0xC9,
    0x7B, 0x4B, 0x93, 0xEC, 0x94, 0x0D, 0x8B, 0xCC, 0x8B, 0xAB, 0x9C, 0x4E, 0xBD, 0x10, 0xB5, 0x11,
    0xB5, 0x11, 0xAD, 0x12, 0xAD, 0x12, 0xAD, 0x12, 0xAD, 0x12, 0xAC, 0xF1, 0xAC, 0xF1, 0xAC, 0xF1,
    0xAC, 0xF1, 0xAC, 0xF1, 0xAC, 0xD1, 0xAC, 0xD1, 0xAC, 0xF1, 0xAC, 0xF1, 0xAC, 0xF1, 0xB5, 0x32,
    0x8B, 0xEE, 0x39, 0xA6, 0x18, 0xC3, 0x21, 0x24, 0x29, 0x45, 0x29, 0x44, 0x21, 0x04, 0x20, 0xE3,
    0x10, 0xA2, 0x31, 0x44, 0x9C, 0x2E, 0x94, 0x2E, 0x94, 0x2E, 0x94, 0x0E, 0x8B, 0xCD, 0x83, 0xCC,
    0x94, 0x2E, 0x94, 0x0E, 0x83, 0xCD, 0x5A, 0xA9, 0x83, 0xAD, 0x83, 0xAD, 0x83, 0xAD, 0x94, 0x0E,
    0x94, 0x2E, 0x94, 0x2E, 0x94, 0x2E, 0x94, 0x2E, 0x94, 0x2E, 0x94, 0x2E, 0x94, 0x2E, 0x94, 0x2E,
    0x94, 0x2E, 0x20, 0xE3, 0x5A, 0x68, 0xB5, 0x11, 0xB5, 0x31, 0x5A, 0x88, 0x10, 0x81, 0x18, 0xE2,
    0x10, 0x61, 0x08, 0x61, 0x10, 0x61, 0x29, 0xA6, 0x42, 0x69, 0x4A, 0xEB, 0x5B, 0x6D, 0x4B, 0x0B,
    0x52, 0x69, 0x52, 0x28, 0x31, 0xE7, 0x39, 0xC6, 0x31, 0x86, 0x19, 0x65, 0x22, 0x29, 0x32, 0xAB,
    0x2A, 0x8A, 0x63, 0xEF, 0x42, 0xEB, 0x32, 0x49, 0x32, 0x29, 0x19, 0x46, 0x19, 0x04, 0x18, 0xE3,
    0x18, 0xE3, 0x20, 0xE3, 0x21, 0x03, 0x18, 0xE3, 0x10, 0xA2, 0x10, 0x82, 0x10, 0xA2, 0x10, 0xA2,
    0x18, 0xC3, 0x9C, 0x90, 0xB5, 0x11, 0xAC, 0xF1, 0xA4, 0xB0, 0x20, 0xE2, 0x10, 0x61, 0x10, 0x81,
    0x83, 0x8A, 0x49, 0xC5, 0x18, 0xA2, 0x18, 0xA2, 0x20, 0xE2, 0x62, 0x87, 0x72, 0xE8, 0x62, 0xA7,
    0x6A, 0xC7, 0x73, 0x09, 0x73, 0x29, 0x73, 0x2A, 0x73, 0x09, 0x83, 0x8B, 0x83, 0x8B, 0x83, 0x8B,
    0x8B, 0xAB, 0x8B, 0xAB, 0x8B, 0xAC, 0x8B, 0xCC, 0x8B, 0xCC, 0x83, 0x8B, 0x83, 0x6B, 0x7B, 0x4B,
    0x5A, 0x88, 0x5A, 0x88, 0x52, 0x47, 0x52, 0x27, 0x5A, 0x47, 0x52, 0x06, 0x7B, 0x49, 0x94, 0x4C,
    0x94, 0x2C, 0x83, 0xAA, 0x94, 0xAF, 0x83, 0xCE, 0x5A, 0x47, 0x62, 0x68, 0x5A, 0x27, 0x51, 0xE5,
    0x49, 0xA4, 0x51, 0xE5, 0x5A, 0x47, 0x6A, 0xA9, 0x62, 0x87, 0x49, 0xA4, 0x41, 0x84, 0x49, 0x84,
    0x5A, 0x26, 0x62, 0x46, 0x62, 0x47, 0x5A, 0x26, 0x62, 0x67, 0x6A, 0x87, 0x62, 0x67, 0x73, 0x0A,
    0x83, 0x8B, 0x94, 0x0D, 0x93, 0xEC, 0x8B, 0xAC, 0x8B, 0xAB, 0xAC, 0x8F, 0xB5, 0x10, 0xB4, 0xF1,
    0xB5, 0x12, 0xAD, 0x12, 0xAC, 0xF2, 0xAC, 0xF2, 0xAC, 0xF1, 0xAC, 0xF2, 0xAC, 0xF1, 0xAC, 0xF1,
    0xAC, 0xD1, 0xA4, 0xD1, 0xA4, 0xD1, 0xAC, 0xD1, 0xAC, 0xF2, 0xAD, 0x12, 0xAD, 0x12, 0x6B, 0x0B,
    0x21, 0x25, 0x21, 0x45, 0x31, 0xA7, 0x31, 0xA6, 0x29, 0x85, 0x29, 0x65, 0x21, 0x04, 0x18, 0xE3,
    0x18, 0xE3, 0x20, 0xE3, 0x8B, 0xCD, 0x9C, 0x4E, 0x94, 0x2E, 0x8B, 0xED, 0x83, 0xAC, 0x8B, 0xED,
    0x8C, 0x0E, 0x94, 0x2E, 0x6B, 0x2B, 0x6B, 0x0B, 0x8B, 0xCD, 0x83, 0xAD, 0x8B, 0xCD, 0x94, 0x0E,
    0x94, 0x2E, 0x94, 0x2E, 0x94, 0x2E, 0x94, 0x0E, 0x94, 0x2E, 0x94, 0x2E, 0x94, 0x2E, 0x9C, 0x4E,
    0x73, 0x4B, 0x10, 0x81, 0x94, 0x0D, 0xB5, 0x10, 0xA4, 0xD0, 0x29, 0x44, 0x18, 0xC2, 0x21, 0x03,
    0x08, 0x81, 0x10, 0xA2, 0x10, 0xE3, 0x32, 0x49, 0x3A, 0x8A, 0x32, 0xAA, 0x42, 0xEB, 0x4B, 0x4C,
    0x32, 0x28, 0x31, 0xE6, 0x6B, 0x0A, 0x52, 0x68, 0x42, 0x29, 0x32, 0x8A, 0x2A, 0x29, 0x2A, 0x49,
    0x32, 0x8A, 0x3A, 0xCB, 0x3A, 0x6A, 0x29, 0xC7, 0x21, 0x86, 0x10, 0xA2, 0x10, 0xC2, 0x19, 0x03,
    0x21, 0x03, 0x21, 0x44, 0x21, 0x24, 0x21, 0x24, 0x21, 0x44, 0x21, 0x04, 0x21, 0x03, 0x10, 0xA2,
    0x4A, 0x27, 0xB5, 0x31, 0xA4, 0xD0, 0xB5, 0x32, 0x73, 0x4B, 0x08, 0x40, 0x10, 0x82, 0x10, 0x81,
    0x83, 0x8B, 0x62, 0xC8, 0x18, 0xC2, 0x10, 0x81, 0x20, 0xE3, 0x5A, 0x88, 0x62, 0xA8, 0x5A, 0x67,
    0x5A, 0x67, 0x62, 0x87, 0x62, 0x87, 0x62, 0x87, 0x73, 0x08, 0x7B, 0x49, 0x7B, 0x4A, 0x7B, 0x4A,
    0x7B, 0x29, 0x83, 0x4A, 0x8B, 0xAB, 0x8B, 0xCC, 0x93, 0xED, 0x8B, 0xCC, 0x8B, 0xAC, 0x7B, 0x4B,
    0x6A, 0xE9, 0x6B, 0x0A, 0x6B, 0x0A, 0x6A, 0xE9, 0x73, 0x09, 0x6A, 0xC9, 0x8B, 0xCB, 0x94, 0x2B,
    0x8B, 0xEB, 0x7B, 0x89, 0x95, 0x11, 0x73, 0x4B, 0x62, 0x88, 0x62, 0x67, 0x5A, 0x27, 0x49, 0xC5,
    0x49, 0xC5, 0x52, 0x06, 0x62, 0xA8, 0x73, 0x0A, 0x5A, 0x47, 0x41, 0x84, 0x41, 0x84, 0x51, 0xE5,
    0x5A, 0x26, 0x62, 0x47, 0x5A, 0x26, 0x5A, 0x05, 0x72, 0xC8, 0x62, 0x67, 0x62, 0xA8, 0x7B, 0x2A,
    0x93, 0xEC, 0x9C, 0x2D, 0x8B, 0xCC, 0x83, 0xAB, 0x8B, 0xEC, 0xB4, 0xD0, 0xB4, 0xF0, 0xAC, 0xD0,
    0xAC, 0xF1, 0xAC, 0xF1, 0xAC, 0xF1, 0xAC, 0xF1, 0xAC, 0xD1, 0xA4, 0xD1, 0xA4, 0xD1, 0xA4, 0xD1,
    0xA4, 0xD1, 0xA4, 0xD1, 0xA4, 0xD1, 0xA4, 0xD1, 0xA4, 0xD1, 0x9C, 0xB1, 0x5A, 0xEB, 0x31, 0xC8,
    0x42, 0x29, 0x42, 0x49, 0x42, 0x29, 0x3A, 0x08, 0x39, 0xE7, 0x31, 0xA7, 0x29, 0x65, 0x21, 0x24,
    0x21, 0x24, 0x18, 0xE3, 0x73, 0x4C, 0x9C, 0x6F, 0x8B, 0xED, 0x83, 0xCD, 0x83, 0xAC, 0x8B, 0xED,
    0x8C, 0x0E, 0x8B, 0xEE, 0x62, 0xC9, 0x83, 0x8D, 0x83, 0xAD, 0x83, 0xAD, 0x8B, 0xCD, 0x94, 0x0E,
    0x94, 0x2E, 0x94, 0x2E, 0x94, 0x2E, 0x94, 0x2E, 0x94, 0x2E, 0x94, 0x2E, 0x94, 0x2E, 0x9C, 0x6F,
    0x41, 0xC6, 0x31, 0x64, 0xAC, 0xF0, 0xB5, 0x31, 0x7B, 0x8C, 0x10, 0xC2, 0x21, 0x24, 0x19, 0x03,
    0x10, 0xA2, 0x10, 0xE3, 0x21, 0x65, 0x10, 0xC2, 0x10, 0xC2, 0x19, 0x45, 0x21, 0xE8, 0x2A, 0x28,
    0x21, 0xC7, 0x52, 0x67, 0x4A, 0x26, 0x2A, 0x69, 0x32, 0xAB, 0x32, 0xAB, 0x2A, 0x49, 0x22, 0x08,
    0x19, 0x66, 0x19, 0x24, 0x19, 0x04, 0x19, 0x03, 0x21, 0x04, 0x10, 0xA2, 0x18, 0xC3, 0x21, 0x44,
    0x29, 0xA5, 0x21, 0x04, 0x21, 0x24, 0x21, 0x24, 0x21, 0x44, 0x21, 0x24, 0x21, 0x24, 0x19, 0x03,
    0x8C, 0x0D, 0xB5, 0x31, 0xA4, 0xD0, 0xB5, 0x32, 0x39, 0x85, 0x08, 0x61, 0x10, 0x81, 0x10, 0x81,
    0x8B, 0xAB, 0xA4, 0x8F, 0x39, 0x85, 0x29, 0x65, 0x9C, 0xAF, 0x6B, 0x2A, 0x5A, 0x88, 0x62, 0x88,
    0x5A, 0x47, 0x62, 0xA8, 0x73, 0x2A, 0x7B, 0x8B, 0x83, 0x8B, 0x7B, 0x8B, 0x73, 0x29, 0x72, 0xE8,
    0x73, 0x08, 0x6A, 0xC8, 0x72, 0xE8, 0x72, 0xE8, 0x73, 0x09, 0x7B, 0x4A, 0x7B, 0x4A, 0x7B, 0x4A,
    0x73, 0x09, 0x73, 0x09, 0x7B, 0x4A, 0x7B, 0x4A, 0x73, 0x2A, 0x7B, 0x4A, 0x94, 0x2B, 0x8C, 0x0B,
    0x83, 0xAA, 0x83, 0xEC, 0x9C, 0xF2, 0x6A, 0xC9, 0x6B, 0x0A, 0x62, 0xA8, 0x5A, 0x26, 0x49, 0xC5,
    0x52, 0x05, 0x62, 0x67, 0x72, 0xC9, 0x7B, 0x2B, 0x52, 0x05, 0x49, 0xA4, 0x49, 0xA4, 0x51, 0xE5,
    0x62, 0x46, 0x62, 0x26, 0x5A, 0x26, 0x5A, 0x06, 0x72, 0xC8, 0x62, 0x46, 0x6A, 0xE9, 0x7B, 0x4A,
    0x9C, 0x2D, 0x9C, 0x2D, 0x8B, 0xCC, 0x83, 0x8B, 0x9C, 0x2D, 0xB5, 0x11, 0xAC, 0xF1, 0xAD, 0x12,
    0xAD, 0x12, 0xA4, 0xD1, 0xA4, 0xB1, 0xA4, 0xB1, 0xA4, 0xB1, 0xA4, 0xB1, 0xA4, 0xB1, 0xA4, 0xB1,
    0xA4, 0xB1, 0xA4, 0xD1, 0xA4, 0xD1, 0xA4, 0xD1, 0xBD, 0xF7, 0xBE, 0x7A, 0xA5, 0xB8, 0x9D, 0x56,
    0x84, 0xB3, 0x74, 0x11, 0x63, 0x6F, 0x52, 0xEC, 0x52, 0xAB, 0x42, 0x6A, 0x3A, 0x09, 0x31, 0xA7,
    0x31, 0xA7, 0x21, 0x25, 0x73, 0x2B, 0x9C, 0x4F, 0x8B, 0xCD, 0x83, 0xAC, 0x83, 0xAC, 0x83, 0xCD,
    0x8C, 0x0E, 0x7B, 0x8D, 0x62, 0xEB, 0x8B, 0xCE, 0x83, 0x8D, 0x83, 0xCD, 0x8B, 0xEE, 0x94, 0x2E,
    0x94, 0x2E, 0x94, 0x2E, 0x94, 0x2E, 0x94, 0x2E, 0x94, 0x2E, 0x94, 0x2E, 0x94, 0x2E, 0x94, 0x0E,
    0x18, 0xA2, 0x6B, 0x0A, 0xB5, 0x10, 0xB5, 0x11, 0x42, 0x06, 0x10, 0xC2, 0x21, 0x23, 0x08, 0x61,
    0x08, 0x61, 0x10, 0xA2, 0x18, 0xE3, 0x18, 0xC2, 0x18, 0xE3, 0x21, 0x04, 0x29, 0xE8, 0x32, 0x8A,
    0x32, 0x49, 0x29, 0xC7, 0x2A, 0x08, 0x2A, 0x6A, 0x22, 0x4A, 0x2A, 0x6A, 0x2A, 0x08, 0x21, 0x86,
    0x19, 0x24, 0x18, 0xC3, 0x10, 0xA2, 0x29, 0x85, 0x18, 0xE3, 0x18, 0xE3, 0x18, 0xE3, 0x21, 0x44,
    0x29, 0x64, 0x18, 0xE3, 0x18, 0xE3, 0x18, 0xC3, 0x10, 0xC3, 0x10, 0xC3, 0x10, 0xA2, 0x31, 0x85,
    0xB5, 0x11, 0xAC, 0xF0, 0xB5, 0x31, 0x8C, 0x0D, 0x10, 0x61, 0x10, 0xA1, 0x10, 0x81, 0x10, 0x81,
    0xA4, 0x8E, 0x52, 0x27, 0x20, 0xE2, 0x42, 0x07, 0x94, 0x4E, 0x5A, 0x88, 0x62, 0xA8, 0x5A, 0x88,
    0x52, 0x47, 0x5A, 0x88, 0x83, 0x8C, 0x8B, 0xAC, 0x83, 0x8B, 0x83, 0xCC, 0x72, 0xE8, 0x7B, 0x08,
    0x8B, 0xED, 0x94, 0x4F, 0x8B, 0xED, 0x8B, 0xCD, 0x83, 0x8C, 0x7B, 0x4A, 0x73, 0x09, 0x6A, 0xC8,
    0x6A, 0xA8, 0x6A, 0xE9, 0x73, 0x09, 0x7B, 0x4A, 0x7B, 0x4A, 0x83, 0x8A, 0x94, 0x4B, 0x8C, 0x0B,
    0x7B, 0x69, 0x94, 0xAF, 0x94, 0xB1, 0x6A, 0xC9, 0x73, 0x4B, 0x73, 0x0A, 0x5A, 0x67, 0x51, 0xE5,
    0x52, 0x26, 0x6A, 0xC9, 0x83, 0x6C, 0x73, 0x0A, 0x49, 0xA4, 0x49, 0xA4, 0x49, 0xC4, 0x5A, 0x26,
    0x62, 0x46, 0x5A, 0x05, 0x62, 0x26, 0x62, 0x67, 0x6A, 0x87, 0x62, 0x67, 0x73, 0x0A, 0x83, 0x8B,
    0x9C, 0x4D, 0x9C, 0x0D, 0x8B, 0xAB, 0x83, 0x8B, 0xA4, 0xAF, 0xB5, 0x53, 0xAD, 0x12, 0xBD, 0xB5,
    0xB5, 0x96, 0xAD, 0x54, 0xAD, 0x13, 0xA4, 0xD2, 0x9C, 0xB1, 0x9C, 0x90, 0x9C, 0x90, 0x9C, 0x90,
    0x9C, 0x91, 0x9C, 0xB1, 0x9C, 0xB1, 0x9C, 0xB1, 0xB5, 0x96, 0xEF, 0x7E, 0xFF, 0xFF, 0xFF, 0xFF,
    0xFF, 0xFF, 0xEF, 0xBF, 0xD7, 0x1C, 0xB6, 0x39, 0x95, 0x36, 0x74, 0x32, 0x5B, 0x4E, 0x4A, 0xAB,
    0x42, 0x29, 0x31, 0xA7, 0x73, 0x6C, 0x94, 0x2F, 0x83, 0xCD, 0x83, 0xCD, 0x83, 0xAC, 0x83, 0xAD,
    0x94, 0x2F, 0x6B, 0x0B, 0x7B, 0x6C, 0x83, 0xCD, 0x83, 0xAD, 0x83, 0xCE, 0x8B, 0xEE, 0x94, 0x2E,
    0x94, 0x2E, 0x94, 0x2E, 0x94, 0x2E, 0x94, 0x2E, 0x94, 0x2E, 0x94, 0x2E, 0xA4, 0x6F, 0x6A, 0xC9,
    0x18, 0xA2, 0x9C, 0x6E, 0xB5, 0x11, 0x9C, 0x6F, 0x21, 0x03, 0x21, 0x44, 0x18, 0xE3, 0x10, 0x81,
    0x08, 0x61, 0x10, 0x82, 0x18, 0xC2, 0x21, 0x24, 0x20, 0xE3, 0x18, 0xE3, 0x29, 0xA6, 0x21, 0xA7,
    0x29, 0xE8, 0x32, 0x49, 0x21, 0xA7, 0x21, 0xA7, 0x19, 0xA7, 0x21, 0xC7, 0x21, 0x45, 0x18, 0xC2,
    0x18, 0xE3, 0x18, 0xE3, 0x29, 0x65, 0x21, 0x24, 0x08, 0x61, 0x19, 0x03, 0x21, 0x23, 0x21, 0x24,
    0x21, 0x44, 0x21, 0x24, 0x21, 0x24, 0x18, 0xE3, 0x18, 0xE3, 0x19, 0x04, 0x10, 0xA2, 0x73, 0x4B,
    0xBD, 0x52, 0xA4, 0xD0, 0xBD, 0x52, 0x4A, 0x47, 0x08, 0x61, 0x18, 0xA1, 0x10, 0x81, 0x10, 0x81,
    0xAC, 0xCF, 0x52, 0x47, 0x10, 0x82, 0x6B, 0x4B, 0x94, 0x2E, 0x5A, 0x89, 0x6A, 0xEA, 0x62, 0xA8,
    0x5A, 0x88, 0x6B, 0x0A, 0x8B, 0xED, 0x94, 0x0D, 0x8B, 0xCC, 0x73, 0x29, 0x72, 0xC7, 0x83, 0x49,
    0x94, 0x0D, 0x9C, 0x6F, 0x94, 0x2E, 0x94, 0x2E, 0x8B, 0xCD, 0x83, 0xAD, 0x7B, 0x4B, 0x6A, 0xC9,
    0x6A, 0xEA, 0x52, 0x68, 0x5A, 0x68, 0x6A, 0xC9, 0x6A, 0xA8, 0x8B, 0xEA, 0x94, 0x2B, 0x8B, 0xEB,
    0x7B, 0xAA, 0xA5, 0x73, 0x84, 0x0F, 0x73, 0x0A, 0x73, 0x0B, 0x6A, 0xC9, 0x5A, 0x27, 0x51, 0xE5,
    0x5A, 0x67, 0x72, 0xEA, 0x83, 0x6C, 0x62, 0x88, 0x49, 0xA4, 0x41, 0xA4, 0x51, 0xE5, 0x62, 0x26,
    0x5A, 0x26, 0x62, 0x26, 0x5A, 0x06, 0x72, 0xA8, 0x6A, 0x66, 0x6A, 0xC8, 0x7B, 0x2A, 0x93, 0xCC,
    0x9C, 0x4D, 0x93, 0xEC, 0x83, 0x8B, 0x83, 0xAC, 0xB5, 0x32, 0xB5, 0x53, 0xB5, 0x74, 0xC6, 0x38,
    0xBD, 0xF8, 0xB5, 0xD7, 0xB5, 0xB6, 0xAD, 0x96, 0xAD, 0x54, 0xA5, 0x13, 0xA4, 0xD2, 0x9C, 0xB1,
    0x9C, 0x70, 0x94, 0x70, 0x94, 0x70, 0x9C, 0x90, 0x9C, 0x70, 0x9C, 0xB1, 0xAD, 0x55, 0xCE, 0x59,
    0xEF, 0x5D, 0xFF, 0xFF, 0xFF, 0xFF, 0xFF, 0xFF, 0xFF, 0xFF, 0xF7, 0xBF, 0xD6, 0xDC, 0xA5, 0x97,
    0x74, 0x32, 0x52, 0xAB, 0x83, 0xCE, 0x94, 0x2F, 0x83, 0xEE, 0x83, 0xCE, 0x7B, 0xAD, 0x83, 0xAD,
    0x83, 0xEE, 0x5A, 0x89, 0x83, 0xCE, 0x7B, 0x8D, 0x83, 0xCD, 0x8B, 0xED, 0x94, 0x0E, 0x94, 0x2E,
    0x94, 0x2E, 0x94, 0x2E, 0x94, 0x2E, 0x94, 0x2E, 0x94, 0x2E, 0x94, 0x2E, 0x9C, 0x6F, 0x31, 0x44,
    0x4A, 0x06, 0xB5, 0x11, 0xB5, 0x31, 0x6B, 0x0A, 0x18, 0xE3, 0x21, 0x64, 0x18, 0xE3, 0x10, 0xA2,
    0x10, 0xA2, 0x10, 0xA2, 0x21, 0x44, 0x21, 0x03, 0x18, 0xC2, 0x21, 0x45, 0x29, 0xC7, 0x29, 0xC7,
    0x3A, 0x69, 0x21, 0xC7, 0x21, 0xA7, 0x21, 0xC8, 0x29, 0xE8, 0x21, 0xC7, 0x21, 0x45, 0x18, 0xE3,
    0x18, 0xE3, 0x18, 0xE3, 0x29, 0x86, 0x10, 0xA1, 0x08, 0x60, 0x19, 0x03, 0x21, 0x24, 0x29, 0x65,
    0x19, 0x03, 0x19, 0x03, 0x21, 0x24, 0x19, 0x24, 0x18, 0xE3, 0x19, 0x24, 0x21, 0x65, 0xA4, 0xD0,
    0xB5, 0x11, 0xAC, 0xF1, 0x9C, 0x90, 0x18, 0xC2, 0x10, 0x81, 0x10, 0x81, 0x10, 0x61, 0x10, 0xA2,
    0x94, 0x0C, 0x52, 0x67, 0x10, 0xA2, 0x7B, 0xAD, 0x8B, 0xED, 0x73, 0x4B, 0x73, 0x6B, 0x6A, 0xE9,
    0x62, 0xC8, 0x83, 0xAC, 0x9C, 0x6F, 0x94, 0x2E, 0x8C, 0x0D, 0x72, 0xE8, 0x72, 0xC7, 0x8B, 0xAB,
    0x93, 0xEC, 0x8B, 0xEC, 0x94, 0x0D, 0x94, 0x2E, 0x8B, 0xCD, 0x8B, 0xCD, 0x73, 0x0A, 0x6A, 0xC9,
    0x62, 0xA8, 0x5A, 0xA8, 0x6B, 0x0B, 0x62, 0xCA, 0x5A, 0x47, 0x8B, 0xEA, 0x8C, 0x0B, 0x8B, 0xEB,
    0x84, 0x0C, 0xA5, 0xB4, 0x7B, 0x8C, 0x73, 0x0A, 0x73, 0x0A, 0x62, 0xA8, 0x51, 0xE5, 0x52, 0x06,
    0x6A, 0xEA, 0x83, 0xAC, 0x83, 0xAD, 0x52, 0x05, 0x49, 0xA4, 0x49, 0xA4, 0x5A, 0x06, 0x5A, 0x06,
    0x5A, 0x06, 0x5A, 0x26, 0x5A, 0x26, 0x72, 0xA8, 0x62, 0x67, 0x73, 0x09, 0x7B, 0x6B, 0x94, 0x0D,
    0x9C, 0x4D, 0x8B, 0xCC, 0x7B, 0x6A, 0x94, 0x0E, 0xBD, 0x94, 0xAD, 0x33, 0xBD, 0xF7, 0xC6, 0x7A,
    0xBE, 0x39, 0xBE, 0x39, 0xBE, 0x18, 0xB5, 0xF8, 0xB5, 0xD7, 0xB5, 0xB6, 0xAD, 0x96, 0xAD, 0x55,
    0xA5, 0x13, 0x9C, 0xD2, 0x9C, 0x91, 0x94, 0x70, 0x94, 0x70, 0x94, 0x70, 0x94, 0x50, 0x94, 0x50,
    0x94, 0x91, 0xA5, 0x14, 0xBD, 0xD7, 0xD6, 0x9A, 0xE7, 0x5D, 0xFF, 0xDF, 0xFF, 0xFF, 0xFF, 0xFF,
    0xFF, 0xFF, 0xC6, 0x9B, 0x94, 0xB2, 0x8C, 0x2F, 0x8B, 0xEE, 0x83, 0xCE, 0x83, 0xAD, 0x8B, 0xEE,
    0x73, 0x4C, 0x62, 0xCA, 0x83, 0xEE, 0x7B, 0x8C, 0x8B, 0xED, 0x94, 0x0E, 0x94, 0x2E, 0x94, 0x2E,
    0x94, 0x2E, 0x94, 0x2E, 0x94, 0x2E, 0x94, 0x2E, 0x94, 0x2E, 0x9C, 0x4E, 0x83, 0xAC, 0x10, 0x61,
    0x83, 0xAC, 0xB5, 0x10, 0xAC, 0xF0, 0x31, 0xA6, 0x19, 0x03, 0x21, 0x24, 0x18, 0xE3, 0x10, 0xC3,
    0x10, 0xC2, 0x18, 0xE3, 0x18, 0xC2, 0x20, 0xE3, 0x20, 0xE3, 0x21, 0x45, 0x21, 0x86, 0x32, 0x08,
    0x31, 0xE8, 0x2A, 0x29, 0x32, 0x29, 0x21, 0x86, 0x21, 0xA7, 0x21, 0x25, 0x19, 0x04, 0x18, 0xE3,
    0x19, 0x03, 0x21, 0x24, 0x21, 0x44, 0x19, 0x03, 0x21, 0xA6, 0x21, 0x44, 0x21, 0x65, 0x21, 0x44,
    0x19, 0x03, 0x19, 0x03, 0x18, 0xC2, 0x10, 0xA2, 0x18, 0xE3, 0x10, 0xE4, 0x52, 0xAA, 0xBD, 0x52,
    0xA4, 0xD0, 0xB5, 0x52, 0x62, 0xEA, 0x08, 0x40, 0x10, 0xA2, 0x10, 0x81, 0x08, 0x41, 0x31, 0x65,
    0x7B, 0x6A, 0x39, 0x84, 0x18, 0xE3, 0x6A, 0xE9, 0x7B, 0x49, 0x7B, 0x4A, 0x83, 0x8A, 0x7B, 0x4A,
    0x7B, 0x6B, 0x8B, 0xEC, 0xA4, 0xD1, 0x94, 0x70, 0x83, 0x8C, 0x6A, 0xA7, 0x72, 0xC7, 0x93, 0xEC,
    0x94, 0x4F, 0x9C, 0x90, 0x9C, 0x6F, 0x94, 0x0E, 0x8B, 0xCD, 0x8B, 0xAC, 0x73, 0x0A, 0x62, 0xC9,
    0x5A, 0x88, 0x6B, 0x2B, 0x6B, 0x2B, 0x52, 0x27, 0x6A, 0xC8, 0x94, 0x0B, 0x83, 0xEA, 0x83, 0xAA,
    0x94, 0xAF, 0xA5, 0x53, 0x7B, 0x6C, 0x7B, 0x8C, 0x73, 0x0A, 0x62, 0x67, 0x51, 0xC5, 0x5A, 0x47,
    0x7B, 0x6C, 0x8B, 0xED, 0x7B, 0x6C, 0x51, 0xE5, 0x49, 0xA4, 0x49, 0xC4, 0x5A, 0x26, 0x5A, 0x26,
    0x5A, 0x26, 0x5A, 0x05, 0x62, 0x67, 0x6A, 0xA8, 0x6A, 0xA7, 0x73, 0x2A, 0x83, 0x8B, 0x9C, 0x2D,
    0x9C, 0x0D, 0x8B, 0xAC, 0x7B, 0x6A, 0xA4, 0xB0, 0xB5, 0x95, 0xAD, 0x34, 0xC6, 0x7A, 0xC6, 0x7A,
    0xBE, 0x5A, 0xBE, 0x59, 0xBE, 0x39, 0xBE, 0x39, 0xBE, 0x19, 0xB6, 0x18, 0xB5, 0xF8, 0xB5, 0xD7,
    0xAD, 0xB6, 0xAD, 0x96, 0xAD, 0x55, 0xA5, 0x14, 0x9C, 0xD2, 0x9C, 0x91, 0x94, 0x70, 0x94, 0x50,
    0x94, 0x4F, 0x94, 0x4F, 0x94, 0x2F, 0x94, 0x50, 0x94, 0x91, 0x9C, 0xB2, 0xA5, 0x14, 0xB5, 0xB6,
    0xC6, 0x18, 0xC6, 0x18, 0x94, 0x91, 0x8C, 0x0E, 0x83, 0xEE, 0x83, 0xCE, 0x83, 0xAD, 0x94, 0x2F,
    0x62, 0xEA, 0x7B, 0xAD, 0x8B, 0xED, 0x8B, 0xED, 0x94, 0x0E, 0x94, 0x0E, 0x94, 0x0E, 0x94, 0x0E,
    0x94, 0x0E, 0x94, 0x2E, 0x94, 0x2E, 0x94, 0x2E, 0x94, 0x0E, 0xA4, 0x8F, 0x4A, 0x27, 0x21, 0x03,
    0xA4, 0xB0, 0xB5, 0x11, 0x8B, 0xED, 0x18, 0xE3, 0x21, 0x04, 0x21, 0x03, 0x10, 0xC2, 0x18, 0xE3,
    0x18, 0xC2, 0x19, 0x04, 0x21, 0x86, 0x19, 0x03, 0x21, 0x03, 0x21, 0x65, 0x29, 0xC7, 0x29, 0xA6,
    0x21, 0x65, 0x21, 0x86, 0x21, 0xA7, 0x29, 0xE8, 0x29, 0xA7, 0x19, 0x03, 0x18, 0xE3, 0x18, 0xE3,
    0x18, 0xE3, 0x29, 0x65, 0x19, 0x03, 0x11, 0x04, 0x21, 0x44, 0x21, 0x44, 0x21, 0x65, 0x19, 0x04,
    0x19, 0x04, 0x19, 0x04, 0x19, 0x03, 0x19, 0x04, 0x19, 0x03, 0x10, 0xE4, 0x94, 0x4F, 0xB5, 0x32,
    0xAC, 0xF1, 0xAC, 0xF1, 0x29, 0x44, 0x10, 0x81, 0x10, 0x82, 0x08, 0x61, 0x10, 0x61, 0x62, 0xA9,
    0x73, 0x08, 0x31, 0x23, 0x31, 0x65, 0x83, 0x8B, 0x7B, 0x49, 0x73, 0x08, 0x7B, 0x29, 0x7B, 0x49,
    0x73, 0x08, 0x73, 0x08, 0x72, 0xE8, 0x73, 0x08, 0x73, 0x09, 0x6A, 0x86, 0x72, 0xC7, 0x83, 0xAC,
    0x94, 0x6F, 0xA4, 0xD1, 0xA4, 0xB0, 0x9C, 0x4F, 0x94, 0x2E, 0x83, 0x8C, 0x73, 0x0A, 0x62, 0x88,
    0x6B, 0x0A, 0x6A, 0xEA, 0x5A, 0x68, 0x49, 0xE5, 0x7B, 0x49, 0x8C, 0x0B, 0x8B, 0xEA, 0x7B, 0x89,
    0xA5, 0x93, 0x94, 0x90, 0x7B, 0x2B, 0x73, 0x2B, 0x72, 0xEA, 0x52, 0x06, 0x51, 0xE5, 0x62, 0x88,
    0x83, 0xAD, 0x8B, 0xCD, 0x72, 0xEA, 0x49, 0xC5, 0x41, 0x84, 0x51, 0xC4, 0x5A, 0x05, 0x5A, 0x05,
    0x5A, 0x26, 0x5A, 0x06, 0x72, 0xA8, 0x62, 0x67, 0x72, 0xE9, 0x7B, 0x4B, 0x8B, 0xAC, 0x9C, 0x2D,
    0x93, 0xED, 0x83, 0x8B, 0x83, 0x8B, 0xB5, 0x54, 0xAD, 0x95, 0xB5, 0xD7, 0xCE, 0xFC, 0xC6, 0xBB,
    0xC6, 0x9B, 0xC6, 0x7A, 0xBE, 0x7A, 0xBE, 0x5A, 0xBE, 0x5A, 0xBE, 0x59, 0xBE, 0x39, 0xBE, 0x19,
    0xB6, 0x18, 0xB5, 0xF8, 0xB5, 0xD7, 0xAD, 0xB6, 0xAD, 0x76, 0xA5, 0x55, 0xA5, 0x13, 0x9C, 0xD2,
    0x94, 0x91, 0x94, 0x70, 0x94, 0x4F, 0x94, 0x2F, 0x8C, 0x0E, 0x83, 0x8B, 0x83, 0xCD, 0x83, 0xEE,
    0x83, 0xEE, 0x83, 0xCE, 0x83, 0xEE, 0x83, 0xCE, 0x83, 0xAD, 0x7B, 0xAD, 0x83, 0xAD, 0x83, 0xCE,
    0x5A, 0xA9, 0x8B, 0xEE, 0x83, 0xAC, 0x8B, 0xED, 0x8B, 0xED, 0x8B, 0xEE, 0x94, 0x0E, 0x93, 0xEE,
    0x8C, 0x0D, 0x94, 0x0E, 0x94, 0x0E, 0x94, 0x0E, 0x94, 0x0E, 0x94, 0x0D, 0x18, 0xC2, 0x5A, 0x88,
    0xAC, 0xF0, 0xB5, 0x11, 0x52, 0x68, 0x18, 0xE3, 0x29, 0x65, 0x21, 0x24, 0x10, 0xC2, 0x18, 0xC2,
    0x18, 0xC2, 0x18, 0xE2, 0x21, 0x85, 0x21, 0x65, 0x21, 0x24, 0x29, 0xC7, 0x32, 0x49, 0x32, 0x08,
    0x2A, 0x08, 0x2A, 0x29, 0x32, 0x6A, 0x32, 0x6A, 0x19, 0x04, 0x18, 0xE2, 0x18, 0xE3, 0x18, 0xE3,
    0x18, 0xE3, 0x29, 0x65, 0x10, 0xC3, 0x10, 0xC3, 0x19, 0x04, 0x19, 0x23, 0x21, 0x44, 0x21, 0x24,
    0x18, 0xE3, 0x18, 0xC3, 0x10, 0xC3, 0x18, 0xC3, 0x08, 0x82, 0x3A, 0x07, 0xB5, 0x32, 0xAC, 0xD1,
    0xB5, 0x32, 0x83, 0xAC, 0x08, 0x61, 0x18, 0xA2, 0x10, 0x81, 0x08, 0x40, 0x29, 0x24, 0x83, 0xAD,
    0x5A, 0x46, 0x29, 0x03, 0x41, 0xE7, 0x7B, 0x6A, 0x83, 0x6A, 0x8B, 0xAB, 0x93, 0xEC, 0x8B, 0xEC,
    0x93, 0xEC, 0x8B, 0xCB, 0x8B, 0x8A, 0x83, 0x6A, 0x83, 0x49, 0x7B, 0x49, 0x7B, 0x08, 0x7B, 0x28,
    0x73, 0x08, 0x73, 0x08, 0x73, 0x09, 0x7B, 0x4A, 0x83, 0x8B, 0x73, 0x0A, 0x62, 0xA8, 0x62, 0x88,
    0x62, 0xC9, 0x62, 0xC9, 0x5A, 0x88, 0x52, 0x06, 0x8B, 0xCB, 0x8C, 0x0B, 0x83, 0xCA, 0x7B, 0xAB,
    0xAD, 0xF6, 0x8B, 0xEE, 0x83, 0xAD, 0x7B, 0x4B, 0x73, 0x0A, 0x52, 0x26, 0x5A, 0x26, 0x73, 0x2A,
    0x8B, 0xEE, 0x8B, 0xCD, 0x62, 0x88, 0x49, 0xC5, 0x41, 0x84, 0x51, 0xE5, 0x5A, 0x26, 0x62, 0x26,
    0x5A, 0x26, 0x5A, 0x26, 0x6A, 0xA8, 0x62, 0x67, 0x7B, 0x4B, 0x7B, 0x6B, 0x8B, 0xCC, 0x93, 0xED,
    0x8B, 0xCC, 0x7B, 0x6B, 0x8C, 0x0E, 0xBD, 0xF7, 0xAD, 0x75, 0xC6, 0x7A, 0xD7, 0x3D, 0xCE, 0xFC,
    0xCE, 0xFC, 0xCE, 0xDC, 0xC6, 0xBC, 0xC6, 0xBB, 0xC6, 0x9B, 0xBE, 0x7A, 0xBE, 0x7A, 0xBE, 0x5A,
    0xBE, 0x39, 0xBE, 0x39, 0xB6, 0x19, 0xB5, 0xF8, 0xB5, 0xD7, 0xAD, 0xB7, 0xAD, 0x76, 0xAD, 0x55,
    0xA5, 0x14, 0x9C, 0xF3, 0x9C, 0xB1, 0x94, 0x70, 0x83, 0xCD, 0x7B, 0x6B, 0x83, 0xEE, 0x8C, 0x0E,
    0x8C, 0x0F, 0x8C, 0x0F, 0x8C, 0x0F, 0x83, 0xEE, 0x83, 0xEE, 0x83, 0xCE, 0x8C, 0x0F, 0x7B, 0xAD,
    0x6B, 0x0B, 0x83, 0xEE, 0x7B, 0xAD, 0x83, 0xCD, 0x83, 0xCD, 0x83, 0xCD, 0x83, 0xCD, 0x8B, 0xCD,
    0x8B, 0xCD, 0x8B, 0xCD, 0x8B, 0xED, 0x8B, 0xED, 0x94, 0x0D, 0x7B, 0x8C, 0x18, 0xE3, 0x94, 0x0E,
    0xB5, 0x32, 0x9C, 0x8F, 0x21, 0x23, 0x21, 0x24, 0x29, 0x65, 0x18, 0xE3, 0x18, 0xE3, 0x18, 0xE3,
    0x18, 0xE3, 0x19, 0x03, 0x29, 0xA6, 0x21, 0x44, 0x21, 0x44, 0x32, 0x08, 0x32, 0x29, 0x2A, 0x08,
    0x32, 0x29, 0x3A, 0x8A, 0x2A, 0x28, 0x21, 0xA6, 0x19, 0x24, 0x19, 0x04, 0x19, 0x04, 0x18, 0xE3,
    0x21, 0x44, 0x21, 0x23, 0x08, 0x82, 0x10, 0xC3, 0x19, 0x04, 0x21, 0x24, 0x21, 0x24, 0x18, 0xE3,
    0x18, 0xC2, 0x18, 0xC3, 0x10, 0xA2, 0x18, 0xC3, 0x08, 0x82, 0x7B, 0xAD, 0xB5, 0x52, 0xA4, 0xD1,
    0xB5, 0x32, 0x41, 0xC6, 0x08, 0x60, 0x18, 0xA2, 0x10, 0x81, 0x08, 0x40, 0x5A, 0x89, 0x8B, 0xED,
    0x4A, 0x06, 0x18, 0xC2, 0x4A, 0x06, 0x83, 0x6B, 0x83, 0x8B, 0x8B, 0xCB, 0x8B, 0xCC, 0x7B, 0x4A,
    0x7B, 0x6B, 0x83, 0xAB, 0x8B, 0xCB, 0x7B, 0x4A, 0x7B, 0x49, 0x83, 0x8A, 0x83, 0x6A, 0x8B, 0xAB,
    0x8B, 0xEC, 0x8B, 0xAB, 0x83, 0x6A, 0x7B, 0x4A, 0x7B, 0x6A, 0x73, 0x09, 0x73, 0x09, 0x73, 0x09,
    0x72, 0xE8, 0x6A, 0xC8, 0x62, 0xA8, 0x62, 0xA8, 0x8B, 0xEB, 0x8B, 0xEB, 0x7B, 0x89, 0x8C, 0x8E,
    0xAD, 0xD6, 0x83, 0xCD, 0x83, 0xCD, 0x83, 0xAD, 0x6A, 0xC9, 0x5A, 0x26, 0x62, 0x88, 0x83, 0x6C,
    0x9C, 0x2F, 0x8B, 0xCE, 0x52, 0x06, 0x49, 0xA4, 0x49, 0xA4, 0x5A, 0x06, 0x5A, 0x06, 0x62, 0x26,
    0x62, 0x26, 0x62, 0x47, 0x6A, 0x87, 0x6A, 0xE9, 0x7B, 0x6B, 0x83, 0x8B, 0x8B, 0xEC, 0x8B, 0xCC,
    0x8B, 0xAC, 0x7B, 0x6A, 0xA4, 0xF2, 0xB5, 0xF8, 0xAD, 0xB6, 0xD7, 0x1D, 0xD7, 0x3E, 0xD7, 0x3E,
    0xD7, 0x1D, 0xD7, 0x1D, 0xCF, 0x1D, 0xCE, 0xFD, 0xCE, 0xFC, 0xCE, 0xDC, 0xC6, 0xBB, 0xC6, 0x9B,
    0xC6, 0x7A, 0xBE, 0x5A, 0xBE, 0x59, 0xBE, 0x39, 0xB6, 0x18, 0xB5, 0xF8, 0xAD, 0xD7, 0xAD, 0x96,
    0xAD, 0x76, 0xA5, 0x55, 0xA5, 0x14, 0x9C, 0xF3, 0x8C, 0x0E, 0x83, 0xCE, 0x8C, 0x50, 0x94, 0x71,
    0x9C, 0xB1, 0x9C, 0xD2, 0x9C, 0xD3, 0x9D, 0x13, 0xA5, 0x35, 0xA5, 0x55, 0xB5, 0xB6, 0x94, 0xB2,
    0x94, 0xB2, 0xA5, 0x75, 0xA5, 0x55, 0xA5, 0x35, 0xA5, 0x14, 0x9C, 0xF3, 0x9C, 0xD2, 0x9C, 0xB1,
    0x94, 0x91, 0x94, 0x70, 0x94, 0x70, 0x94, 0x50, 0x9C, 0x70, 0x7C, 0x10, 0x42, 0x07, 0xAC, 0xAF,
    0xB5, 0x53, 0x83, 0xEE, 0x3A, 0x08, 0x31, 0xE7, 0x29, 0xA6, 0x19, 0x24, 0x19, 0x24, 0x21, 0x65,
    0x19, 0x04, 0x21, 0x03, 0x21, 0x24, 0x21, 0x03, 0x21, 0x44, 0x21, 0xA6, 0x2A, 0x08, 0x21, 0x86,
    0x21, 0x86, 0x21, 0x65, 0x19, 0x24, 0x19, 0x24, 0x21, 0x86, 0x19, 0x45, 0x19, 0x04, 0x18, 0xE3,
    0x29, 0x65, 0x18, 0xE3, 0x08, 0x82, 0x19, 0x03, 0x19, 0x24, 0x21, 0x24, 0x18, 0xE3, 0x18, 0xE3,
    0x21, 0x24, 0x18, 0xE3, 0x18, 0xE3, 0x10, 0xC2, 0x29, 0x65, 0xAC, 0xF1, 0xAC, 0xF1, 0xB5, 0x32,
    0x94, 0x4F, 0x10, 0xA2, 0x18, 0xA1, 0x10, 0xA1, 0x10, 0x61, 0x20, 0xE3, 0x83, 0xAD, 0x83, 0xAC,
    0x49, 0xC5, 0x10, 0x61, 0x4A, 0x06, 0x73, 0x29, 0x6A, 0xE8, 0x6A, 0xE8, 0x73, 0x29, 0x73, 0x29,
    0x6A, 0xC8, 0x73, 0x09, 0x83, 0x6A, 0x7B, 0x29, 0x8B, 0x69, 0x8B, 0x8A, 0x8B, 0xCB, 0x94, 0x0D,
    0x8B, 0xCC, 0x94, 0x2D, 0x9C, 0x2E, 0x94, 0x0D, 0x8B, 0xAB, 0x83, 0x4A, 0x83, 0x6A, 0x8B, 0x8B,
    0x83, 0x8A, 0x83, 0x6A, 0x7B, 0x09, 0x7B, 0x49, 0x8C, 0x0B, 0x83, 0xCA, 0x73, 0x69, 0xA5, 0x93,
    0xA5, 0x53, 0x8B, 0xEE, 0x8C, 0x0E, 0x83, 0x8C, 0x6A, 0xA9, 0x5A, 0x27, 0x73, 0x0A, 0x8B, 0xEE,
    0xA4, 0x90, 0x7B, 0x4C, 0x49, 0xA4, 0x49, 0xA4, 0x49, 0xC5, 0x5A, 0x06, 0x5A, 0x26, 0x5A, 0x05,
    0x5A, 0x05, 0x62, 0x67, 0x6A, 0x87, 0x7B, 0x6B, 0x7B, 0x6B, 0x8B, 0xAC, 0x94, 0x0D, 0x8B, 0xCC,
    0x83, 0xAB, 0x83, 0xAC, 0xB5, 0xB6, 0xB5, 0xD7, 0xBE, 0x39, 0xDF, 0x7F, 0xDF, 0x5E, 0xDF, 0x5E,
    0xD7, 0x5E, 0xD7, 0x5E, 0xD7, 0x5E, 0xD7, 0x3E, 0xD7, 0x3E, 0xD7, 0x3D, 0xD7, 0x1D, 0xCE, 0xFC,
    0xCE, 0xDC, 0xC6, 0xBB, 0xC6, 0x9B, 0xBE, 0x7A, 0xBE, 0x39, 0xB6, 0x18, 0xB5, 0xF8, 0xB5, 0xD7,
    0xAD, 0xB7, 0xAD, 0x96, 0xA5, 0x75, 0xA5, 0x14, 0x84, 0x0E, 0x8C, 0x50, 0x94, 0xB2, 0x9C, 0xF3,
    0xA5, 0x14, 0xA5, 0x55, 0xAD, 0x75, 0xAD, 0xB7, 0xB5, 0xF8, 0xBE, 0x59, 0xC6, 0x5A, 0x95, 0x15,
    0xB5, 0xF8, 0xBE, 0x5A, 0xBE, 0x39, 0xB6, 0x19, 0xB5, 0xF8, 0xAD, 0xB7, 0xAD, 0x96, 0xAD, 0x76,
    0xA5, 0x56, 0xA5, 0x55, 0xA5, 0x35, 0xA5, 0x34, 0xA5, 0x35, 0x4A, 0xAC, 0x6A, 0xC9, 0xB5, 0x31,
    0xAD, 0x32, 0x52, 0xCB, 0x3A, 0x29, 0x3A, 0x29, 0x31, 0xE7, 0x21, 0x45, 0x21, 0x44, 0x21, 0x65,
    0x21, 0x24, 0x21, 0x24, 0x21, 0x04, 0x29, 0x65, 0x29, 0x85, 0x29, 0xE7, 0x31, 0xE7, 0x29, 0xA6,
    0x3A, 0x07, 0x29, 0x85, 0x19, 0x24, 0x21, 0x65, 0x21, 0x44, 0x21, 0x24, 0x18, 0xE3, 0x21, 0x24,
    0x29, 0x65, 0x10, 0x82, 0x10, 0xA2, 0x21, 0x24, 0x21, 0x44, 0x21, 0x24, 0x18, 0xE3, 0x21, 0x04,
    0x21, 0x24, 0x18, 0xE3, 0x21, 0x03, 0x10, 0xA2, 0x6B, 0x2B, 0xBD, 0x52, 0xA4, 0xD0, 0xB5, 0x52,
    0x52, 0x88, 0x08, 0x61, 0x18, 0xA2, 0x10, 0x81, 0x08, 0x40, 0x52, 0x68, 0x93, 0xEE, 0x83, 0xAD,
    0x39, 0x84, 0x08, 0x40, 0x52, 0x26, 0x6A, 0xC8, 0x62, 0xA7, 0x6A, 0xA8, 0x6A, 0xE8, 0x73, 0x09,
    0x6A, 0xC8, 0x62, 0x87, 0x5A, 0x46, 0x72, 0xC8, 0x83, 0x49, 0x8B, 0x69, 0x93, 0xEB, 0x94, 0x0D,
    0x8B, 0xED, 0x94, 0x0E, 0x94, 0x0E, 0x9C, 0x4F, 0x7B, 0x2A, 0x62, 0x67, 0x62, 0x87, 0x72, 0xE8,
    0x72, 0xE8, 0x6A, 0xC8, 0x6A, 0xC9, 0x83, 0xAA, 0x8C, 0x0B, 0x83, 0xAA, 0x7B, 0xAA, 0xB6, 0x36,
    0x9C, 0xB1, 0x94, 0x2F, 0x8C, 0x0F, 0x7B, 0x6C, 0x6A, 0xC9, 0x62, 0xA8, 0x7B, 0x6B, 0x9C, 0x4F,
    0xA4, 0xB1, 0x62, 0x89, 0x49, 0xA4, 0x49, 0xA4, 0x51, 0xE5, 0x62, 0x26, 0x5A, 0x05, 0x62, 0x26,
    0x62, 0x26, 0x6A, 0x67, 0x6A, 0xA8, 0x7B, 0x6B, 0x7B, 0x6B, 0x94, 0x0D, 0x9C, 0x2D, 0x8B, 0xCC,
    0x83, 0x6B, 0x94, 0x4F, 0xBE, 0x18, 0xAD, 0xB6, 0xCE, 0xFC, 0xE7, 0x9F, 0xDF, 0x7E, 0xDF, 0x7E,
    0xDF, 0x7E, 0xDF, 0x7E, 0xDF, 0x7E, 0xDF, 0x7E, 0xDF, 0x5E, 0xDF, 0x5E, 0xD7, 0x5E, 0xD7, 0x3E,
    0xD7, 0x1D, 0xCE, 0xFD, 0xCE, 0xDC, 0xC6, 0xBB, 0xC6, 0x9B, 0xBE, 0x5A, 0xBE, 0x39, 0xB5, 0xF8,
    0xB5, 0xD7, 0xAD, 0xB7, 0xAD, 0xB7, 0x9C, 0xD2, 0x84, 0x0F, 0x94, 0xB2, 0x9C, 0xF3, 0xA5, 0x34,
    0xA5, 0x55, 0xAD, 0x96, 0xB5, 0xF7, 0xBE, 0x59, 0xC6, 0x9B, 0xD7, 0x3D, 0xB6, 0x19, 0xAD, 0xD8,
    0xCE, 0xFC, 0xCE, 0xDC, 0xC6, 0x9B, 0xBE, 0x5A, 0xB6, 0x19, 0xB5, 0xF8, 0xAD, 0xD8, 0xAD, 0xB7,
    0xAD, 0x96, 0xAD, 0x76, 0xA5, 0x55, 0xAD, 0x76, 0x84, 0x93, 0x29, 0x86, 0x94, 0x0D, 0xB5, 0x74,
    0x94, 0x70, 0x29, 0x86, 0x31, 0xC7, 0x29, 0xA7, 0x21, 0x66, 0x19, 0x24, 0x19, 0x04, 0x19, 0x04,
    0x19, 0x04, 0x19, 0x04, 0x19, 0x04, 0x21, 0x65, 0x21, 0x65, 0x21, 0x65, 0x21, 0x24, 0x21, 0x24,
    0x21, 0x44, 0x21, 0x24, 0x19, 0x03, 0x19, 0x24, 0x10, 0xC2, 0x10, 0xC2, 0x10, 0xE3, 0x18, 0xE3,
    0x10, 0xC3, 0x08, 0x61, 0x08, 0x81, 0x10, 0xC2, 0x18, 0xE3, 0x10, 0xC2, 0x10, 0xA2, 0x10, 0xA2,
    0x10, 0xA2, 0x10, 0x82, 0x08, 0xA2, 0x21, 0x24, 0xA4, 0xD1, 0xB5, 0x32, 0xAD, 0x11, 0xA4, 0xD0,
    0x18, 0xE3, 0x10, 0x82, 0x10, 0x82, 0x08, 0x61, 0x18, 0xA3, 0x83, 0xAD, 0x8B, 0xCD, 0x8B, 0xEE,
    0x31, 0x43, 0x08, 0x40, 0x6B, 0x08, 0x7B, 0x6A, 0x6B, 0x09, 0x6A, 0xE8, 0x6A, 0xC8, 0x6A, 0xC8,
    0x6A, 0xC8, 0x6A, 0xA8, 0x72, 0xE8, 0x9B, 0xEA, 0x8B, 0x68, 0x8B, 0x69, 0x8B, 0x8A, 0xA4, 0x4C,
    0xBC, 0xCC, 0xBD, 0x2E, 0xCD, 0x8F, 0xBD, 0x2E, 0x83, 0x29, 0x72, 0xA6, 0x6A, 0x86, 0x72, 0xE8,
    0x62, 0x87, 0x52, 0x06, 0x62, 0x88, 0x94, 0x2C, 0x8C, 0x2C, 0x83, 0xAA, 0x8C, 0x8E, 0xBE, 0x57,
    0x9C, 0x50, 0x94, 0x4F, 0x94, 0x0E, 0x83, 0x8C, 0x62, 0x88, 0x6A, 0xC9, 0x8B, 0xED, 0xAC, 0xD2,
    0x94, 0x0E, 0x51, 0xE6, 0x49, 0xC5, 0x49, 0xA4, 0x5A, 0x26, 0x5A, 0x26, 0x5A, 0x26, 0x62, 0x26,
    0x62, 0x26, 0x6A, 0x67, 0x73, 0x2A, 0x7B, 0x6B, 0x83, 0x8B, 0x9C, 0x2D, 0x9C, 0x2D, 0x8B, 0xCC,
    0x83, 0x6B, 0xAD, 0x34, 0xB5, 0xF8, 0xB5, 0xF7, 0xDF, 0x5E, 0xDF, 0x7F, 0xDF, 0x7E, 0xDF, 0x7E,
    0xDF, 0x7E, 0xDF, 0x7E, 0xDF, 0x7E, 0xDF, 0x7E, 0xDF, 0x7E, 0xDF, 0x7E, 0xDF, 0x7E, 0xDF, 0x5E,
    0xDF, 0x5E, 0xD7, 0x3D, 0xD7, 0x1D, 0xCE, 0xFD, 0xCE, 0xDC, 0xC6, 0xBB, 0xC6, 0x7A, 0xBE, 0x59,
    0xB6, 0x18, 0xB5, 0xD7, 0xAD, 0xB7, 0x94, 0x91, 0x8C, 0x71, 0x9C, 0xF3, 0xA5, 0x34, 0xAD, 0x76,
    0xB5, 0xD7, 0xBE, 0x39, 0xCE, 0x9A, 0xD6, 0xFC, 0xDF, 0x5E, 0xE7, 0x7E, 0xAD, 0xD8, 0xD7, 0x1D,
    0xE7, 0x9F, 0xDF, 0x5E, 0xD7, 0x1D, 0xCE, 0xBB, 0xBE, 0x7A, 0xB6, 0x19, 0xB5, 0xD8, 0xAD, 0xB7,
    0xAD, 0x96, 0xAD, 0x76, 0xA5, 0x55, 0xAD, 0x96, 0x52, 0xCC, 0x49, 0xE6, 0xAD, 0x11, 0xB5, 0x74,
    0xA4, 0xF2, 0x94, 0x91, 0x94, 0x91, 0x94, 0x70, 0x94, 0x70, 0x94, 0x4F, 0x94, 0x4F, 0x94, 0x2F,
    0x94, 0x2F, 0x8C, 0x2F, 0x8C, 0x2F, 0x8C, 0x2F, 0x8C, 0x2F, 0x8C, 0x0E, 0x8C, 0x0E, 0x8B, 0xEE,
    0x8B, 0xED, 0x83, 0xED, 0x83, 0xEE, 0x83, 0xCD, 0x83, 0xAD, 0x7B, 0xAD, 0x7B, 0x8C, 0x7B, 0xAD,
    0x7B, 0x8C, 0x73, 0x8C, 0x73, 0x6C, 0x73, 0x6B, 0x73, 0x6B, 0x73, 0x6B, 0x73, 0x4B, 0x73, 0x4B,
    0x6B, 0x2B, 0x73, 0x4B, 0x6B, 0x2B, 0x83, 0xCD, 0xB5, 0x52, 0xAC, 0xF1, 0xBD, 0x72, 0x73, 0x4B,
    0x08, 0x61, 0x18, 0xA2, 0x18, 0xA2, 0x08, 0x40, 0x49, 0xE7, 0x94, 0x0E, 0x8B, 0xCD, 0x94, 0x0E,
    0x20, 0xC2, 0x10, 0x80, 0x94, 0x4C, 0x9C, 0x8D, 0x94, 0x4C, 0x94, 0x4C, 0x8B, 0xEB, 0x83, 0xCB,
    0x83, 0x8A, 0x7B, 0x6A, 0x8B, 0x8A, 0x9B, 0xCA, 0x93, 0x89, 0x93, 0xA9, 0xA4, 0x0B, 0xC4, 0xCD,
    0xE5, 0xAE, 0xF6, 0xF2, 0xF7, 0x16, 0xD5, 0x8F, 0xBB, 0xE8, 0xCC, 0x07, 0x83, 0x07, 0x72, 0xC8,
    0x62, 0x67, 0x51, 0xE6, 0x73, 0x08, 0x9C, 0x4C, 0x94, 0x2C, 0x83, 0xAA, 0xA5, 0x93, 0xBD, 0xF6,
    0xA4, 0x90, 0x9C, 0x90, 0x8B, 0xEE, 0x7B, 0x4B, 0x6A, 0xC9, 0x73, 0x0A, 0x94, 0x2F, 0xB5, 0x13,
    0x83, 0x8C, 0x49, 0xA5, 0x49, 0xA4, 0x49, 0xC4, 0x5A, 0x06, 0x5A, 0x05, 0x5A, 0x05, 0x5A, 0x06,
    0x62, 0x26, 0x6A, 0xA8, 0x7B, 0x6B, 0x7B, 0x4A, 0x8B, 0xAC, 0x9C, 0x4D, 0x94, 0x0D, 0x8B, 0xAC,
    0x8B, 0xCC, 0xB5, 0xF7, 0xAD, 0xB7, 0xC6, 0x5A, 0xE7, 0x9F, 0xDF, 0x7E, 0xE7, 0x7E, 0xE7, 0x7E,
    0xE7, 0x7E, 0xE7, 0x7F, 0xE7, 0x7E, 0xE7, 0x7F, 0xE7, 0x7E, 0xE7, 0x7E, 0xDF, 0x7E, 0xDF, 0x7E,
    0xDF, 0x5E, 0xDF, 0x5E, 0xD7, 0x3E, 0xD7, 0x3D, 0xCF, 0x1D, 0xCE, 0xDC, 0xC6, 0xBB, 0xC6, 0x9B,
    0xBE, 0x5A, 0xBE, 0x39, 0xAD, 0xB6, 0x8C, 0x71, 0x9C, 0xD3, 0xA5, 0x34, 0xAD, 0x96, 0xB5, 0xF8,
    0xC6, 0x7A, 0xCE, 0xBB, 0xD7, 0x1D, 0xDF, 0x5E, 0xEF, 0xDF, 0xCE, 0xDB, 0xC6, 0x9A, 0xE7, 0x9E,
    0xEF, 0xBF, 0xE7, 0x9F, 0xDF, 0x5E, 0xD6, 0xFD, 0xC6, 0xBB, 0xBE, 0x5A, 0xB6, 0x19, 0xAD, 0xB7,
    0xAD, 0x96, 0xA5, 0x76, 0xAD, 0x76, 0x9C, 0xF4, 0x29, 0x46, 0x73, 0x2A, 0xB5, 0x53, 0xAD, 0x54,
    0xAD, 0x54, 0xB5, 0x74, 0xB5, 0x53, 0xB5, 0x53, 0xB5, 0x33, 0xB5, 0x53, 0xB5, 0x32, 0xB5, 0x52,
    0xB5, 0x52, 0xB5, 0x32, 0xB5, 0x53, 0xBD, 0x53, 0xB5, 0x53, 0xBD, 0x52, 0xBD, 0x52, 0xBD, 0x52,
    0xBD, 0x52, 0xBD, 0x52, 0xBD, 0x52, 0xBD, 0x52, 0xBD, 0x53, 0xBD, 0x53, 0xBD, 0x52, 0xBD, 0x52,
    0xBD, 0x52, 0xBD, 0x52, 0xBD, 0x72, 0xBD, 0x72, 0xBD, 0x72, 0xBD, 0x52, 0xBD, 0x52, 0xBD, 0x52,
    0xBD, 0x52, 0xBD, 0x52, 0xBD, 0x72, 0xBD, 0x52, 0xB5, 0x11, 0xB5, 0x11, 0xB5, 0x32, 0x31, 0x85,
    0x10, 0x81, 0x18, 0xA2, 0x10, 0x61, 0x10, 0x81, 0x7B, 0x6C, 0x8B, 0xCD, 0x8B, 0xED, 0x94, 0x2E,
    0x18, 0xA1, 0x20, 0xE2, 0x94, 0x2B, 0x9C, 0x6C, 0x9C, 0x6C, 0x9C, 0x8C, 0x9C, 0xAD, 0x9C, 0xAD,
    0x9C, 0xAD, 0x9C, 0x8D, 0x94, 0x4C, 0x8C, 0x0C, 0x83, 0xCB, 0x83, 0xAB, 0x8B, 0xEC, 0x8B, 0xEC,
    0x94, 0x0D, 0x9C, 0x2D, 0xA4, 0x6F, 0x7B, 0x2B, 0x62, 0x25, 0x6A, 0x45, 0x6A, 0x87, 0x62, 0x66,
    0x52, 0x06, 0x52, 0x06, 0x83, 0x8A, 0x83, 0xCB, 0x8C, 0x2D, 0x83, 0xEB, 0xBE, 0x56, 0xAD, 0x53,
    0xA4, 0xB1, 0x9C, 0x50, 0x94, 0x0E, 0x73, 0x0A, 0x6A, 0xC9, 0x83, 0xAD, 0xA4, 0xB1, 0xB5, 0x33,
    0x6A, 0xC9, 0x49, 0xC5, 0x49, 0x83, 0x51, 0xE5, 0x62, 0x26, 0x5A, 0x26, 0x5A, 0x26, 0x62, 0x26,
    0x62, 0x47, 0x6A, 0xE8, 0x7B, 0x4A, 0x7B, 0x4A, 0x8B, 0xEC, 0x9C, 0x2D, 0x93, 0xED, 0x83, 0x8B,
    0x94, 0x70, 0xBE, 0x38, 0xAD, 0x96, 0xD6, 0xFC, 0xE7, 0x9F, 0xDF, 0x7E, 0xDF, 0x7E, 0xDF, 0x7E,
    0xE7, 0x7E, 0xE7, 0x7E, 0xE7, 0x7E, 0xE7, 0x7E, 0xE7, 0x9E, 0xE7, 0x7E, 0xE7, 0x7E, 0xDF, 0x7E,
    0xDF, 0x7E, 0xDF, 0x5E, 0xDF, 0x5E, 0xDF, 0x3D, 0xD7, 0x1D, 0xCE, 0xFD, 0xCE, 0xDC, 0xCE, 0xBB,
    0xC6, 0x9A, 0xC6, 0x7A, 0xAD, 0x96, 0x94, 0xB2, 0xA5, 0x55, 0xAD, 0x96, 0xB5, 0xF8, 0xC6, 0x79,
    0xCE, 0xBB, 0xD7, 0x1C, 0xE7, 0x5E, 0xEF, 0xBF, 0xEF, 0xBF, 0xCE, 0x9A, 0xDF, 0x3D, 0xEF, 0xBF,
    0xEF, 0xBF, 0xE7, 0x9F, 0xDF, 0x5E, 0xD7, 0x1D, 0xCE, 0xDC, 0xC6, 0x7A, 0xBE, 0x39, 0xB5, 0xF8,
    0xAD, 0xB7, 0xA5, 0x76, 0xB5, 0xB7, 0x63, 0x6E, 0x29, 0x24, 0xA4, 0x8F, 0xBD, 0x95, 0xB5, 0x95,
    0xB5, 0x74, 0xB5, 0x74, 0xB5, 0x73, 0xB5, 0x53, 0xB5, 0x33, 0xB5, 0x32, 0xB5, 0x32, 0xB5, 0x32,
    0xB5, 0x32, 0xB5, 0x12, 0xB5, 0x32, 0xB5, 0x32, 0xAD, 0x12, 0xAD, 0x11, 0xAD, 0x11, 0xAD, 0x11,
    0xAC, 0xF1, 0xAD, 0x11, 0xAD, 0x11, 0xAC, 0xF1, 0xAC, 0xF1, 0xAC, 0xF1, 0xAC, 0xF1, 0xAC, 0xF1,
    0xAC, 0xF1, 0xAC, 0xF1, 0xAC, 0xF1, 0xAC, 0xF1, 0xAC, 0xF1, 0xAC, 0xF1, 0xAC, 0xF1, 0xAC, 0xF1,
    0xAC, 0xF1, 0xAC, 0xF1, 0xAC, 0xF1, 0xAC, 0xF1, 0xAC, 0xF1, 0xBD, 0x52, 0x83, 0xED, 0x10, 0x82,
    0x18, 0xA2, 0x18, 0xA2, 0x08, 0x40, 0x39, 0x85, 0x8B, 0xEE, 0x83, 0xAD, 0x94, 0x0E, 0x94, 0x2E,
    0x18, 0xC2, 0x31, 0x43, 0x73, 0x29, 0x73, 0x09, 0x7B, 0x49, 0x83, 0x89, 0x83, 0xAA, 0x8B, 0xEB,
    0x94, 0x0B, 0x94, 0x0B, 0x94, 0x0B, 0x8B, 0xEB, 0x8B, 0xCA, 0x83, 0xCA, 0x94, 0x2C, 0x94, 0x4D,
    0x8C, 0x2C, 0x94, 0x4C, 0x94, 0x4D, 0x8C, 0x0C, 0x7B, 0x8A, 0x7B, 0x49, 0x73, 0x29, 0x6A, 0xC8,
    0x5A, 0x66, 0x62, 0x87, 0x7B, 0x8A, 0x7B, 0x8A, 0x73, 0x49, 0x8C, 0x8F, 0xC6, 0x98, 0xA4, 0xD1,
    0xA4, 0xB1, 0x9C, 0x50, 0x94, 0x0E, 0x73, 0x2B, 0x73, 0x2B, 0x94, 0x2F, 0xAD, 0x12, 0xA4, 0x91,
    0x52, 0x06, 0x51, 0xC5, 0x49, 0xA4, 0x59, 0xE5, 0x62, 0x46, 0x62, 0x26, 0x5A, 0x06, 0x59, 0xE5,
    0x6A, 0x67, 0x73, 0x2A, 0x73, 0x2A, 0x7B, 0x4A, 0x93, 0xEC, 0x94, 0x0D, 0x8B, 0xCC, 0x83, 0x6A,
    0xAD, 0x33, 0xBE, 0x18, 0xB5, 0xD7, 0xDF, 0x5E, 0xDF, 0x7E, 0xDF, 0x5E, 0xDF, 0x5E, 0xDF, 0x7E,
    0xDF, 0x7E, 0xDF, 0x7E, 0xE7, 0x7E, 0xE7, 0x7E, 0xE7, 0x7E, 0xE7, 0x7E, 0xE7, 0x7E, 0xDF, 0x7E,
    0xDF, 0x7E, 0xDF, 0x5E, 0xDF, 0x5E, 0xDF, 0x5E, 0xD7, 0x3D, 0xD7, 0x1D, 0xD6, 0xFC, 0xCE, 0xDC,
    0xC6, 0xBB, 0xC6, 0x9B, 0xA5, 0x55, 0x9D, 0x14, 0xAD, 0x96, 0xB5, 0xF8, 0xBE, 0x59, 0xCE, 0x9A,
    0xD6, 0xFC, 0xDF, 0x3D, 0xE7, 0x7E, 0xEF, 0xDF, 0xE7, 0x5D, 0xCE, 0xBA, 0xE7, 0x7E, 0xF7, 0xDF,
    0xEF, 0xBF, 0xE7, 0x9F, 0xDF, 0x5E, 0xD7, 0x1D, 0xCE, 0xDC, 0xC6, 0x9B, 0xBE, 0x59, 0xB5, 0xF8,
    0xAD, 0xD7, 0xAD, 0xB7, 0xA5, 0x55, 0x3A, 0x29, 0x4A, 0x6A, 0x7C, 0x10, 0x8C, 0x92, 0x8C, 0xB2,
    0x8C, 0x92, 0x94, 0xB2, 0x94, 0xB2, 0x94, 0xB1, 0x9C, 0xB1, 0x9C, 0xB1, 0x9C, 0xB1, 0xA4, 0xD1,
    0xA4, 0xD1, 0xAC, 0xF2, 0xAD, 0x12, 0xAD, 0x32, 0xB5, 0x32, 0xB5, 0x32, 0xB5, 0x32, 0xB5, 0x52,
    0xB5, 0x52, 0xBD, 0x73, 0xBD, 0x73, 0xBD, 0x72, 0xBD, 0x73, 0xBD, 0x73, 0xC5, 0x93, 0xC5, 0x93,
    0xBD, 0x73, 0xC5, 0x93, 0xC5, 0x93, 0xC5, 0x73, 0xBD, 0x73, 0xBD, 0x72, 0xBD, 0x72, 0xBD, 0x52,
    0xBD, 0x52, 0xB5, 0x32, 0xB5, 0x32, 0xB5, 0x32, 0xB5, 0x11, 0xBD, 0x52, 0x4A, 0x27, 0x10, 0x82,
    0x18, 0xA2, 0x18, 0x82, 0x10, 0x41, 0x73, 0x0A, 0x8B, 0xCD, 0x8B, 0xED, 0x94, 0x2E, 0x94, 0x2E,
    0x18, 0xE3, 0x41, 0xE5, 0x73, 0x09, 0x6A, 0xC8, 0x62, 0xA8, 0x62, 0x87, 0x62, 0x87, 0x62, 0xA8,
    0x62, 0xA8, 0x6A, 0xC8, 0x73, 0x08, 0x73, 0x28, 0x73, 0x29, 0x73, 0x49, 0x7B, 0x6A, 0x83, 0xAA,
    0x83, 0xAA, 0x83, 0xAA, 0x8B, 0xEA, 0x94, 0x2B, 0x94, 0x2C, 0x94, 0x2C, 0x8C, 0x2B, 0x8C, 0x0B,
    0x8B, 0xEB, 0x7B, 0x8A, 0x73, 0x28, 0x83, 0xAA, 0x73, 0x28, 0x9D, 0x31, 0xBE, 0x36, 0xAC, 0xD1,
    0x9C, 0x70, 0x94, 0x0E, 0x8B, 0xCD, 0x73, 0x2B, 0x7B, 0x4B, 0xA4, 0x8F, 0xBD, 0x74, 0x83, 0xAD,
    0x52, 0x06, 0x49, 0xC5, 0x49, 0xC4, 0x5A, 0x06, 0x62, 0x27, 0x62, 0x26, 0x5A, 0x26, 0x5A, 0x05,
    0x6A, 0xA8, 0x73, 0x2A, 0x6A, 0xE9, 0x83, 0x6A, 0x93, 0xEC, 0x93, 0xED, 0x83, 0xAC, 0x83, 0xAC,
    0xB5, 0xD7, 0xB5, 0xB7, 0xBE, 0x59, 0xDF, 0x7E, 0xDF, 0x3E, 0xDF, 0x5E, 0xDF, 0x5E, 0xDF, 0x5E,
    0xDF, 0x5E, 0xDF, 0x5E, 0xDF, 0x5E, 0xDF, 0x7E, 0xDF, 0x7E, 0xE7, 0x7E, 0xDF, 0x7E, 0xDF, 0x7E,
    0xDF, 0x7E, 0xDF, 0x5E, 0xDF, 0x5E, 0xDF, 0x5D, 0xD7, 0x3D, 0xD7, 0x1D, 0xD7, 0x1D, 0xCE, 0xFC,
    0xCE, 0xDC, 0xC6, 0x7A, 0x9D, 0x14, 0xAD, 0x75, 0xB5, 0xD7, 0xBE, 0x39, 0xC6, 0x7A, 0xCE, 0xDB,
    0xD7, 0x1C, 0xDF, 0x3D, 0xE7, 0x7E, 0xEF, 0xBF, 0xCE, 0x9A, 0xCE, 0xBB, 0xEF, 0x9E, 0xEF, 0xBF,
    0xE7, 0x9E, 0xE7, 0x7E, 0xDF, 0x3D, 0xD6, 0xFC, 0xCE, 0xBB, 0xC6, 0x7A, 0xBE, 0x59, 0xB6, 0x18,
    0xB5, 0xD7, 0xAD, 0xB7, 0xA5, 0x55, 0x84, 0x52, 0x74, 0x11, 0x5B, 0x0D, 0x42, 0x08, 0x3A, 0x29,
    0x3A, 0x29, 0x42, 0x29, 0x42, 0x2A, 0x3A, 0x09, 0x31, 0xE8, 0x31, 0xC8, 0x31, 0xA7, 0x31, 0xA7,
    0x31, 0xC7, 0x31, 0xA7, 0x31, 0xC7, 0x31, 0xC7, 0x39, 0xC7, 0x39, 0xC7, 0x39, 0xE7, 0x42, 0x07,
    0x42, 0x07, 0x4A, 0x28, 0x4A, 0x48, 0x52, 0x69, 0x52, 0x89, 0x5A, 0xA9, 0x62, 0xEA, 0x63, 0x0A,
    0x6B, 0x2B, 0x73, 0x4C, 0x7B, 0x8C, 0x7B, 0xAC, 0x83, 0xCD, 0x83, 0xED, 0x8C, 0x0E, 0x94, 0x2E,
    0x94, 0x4E, 0x9C, 0x6F, 0x9C, 0x6F, 0x9C, 0x8F, 0xA4, 0xD0, 0x94, 0x0E, 0x20, 0xE3, 0x18, 0xA2,
    0x18, 0xA1, 0x08, 0x40, 0x31, 0x44, 0x8B, 0xED, 0x8B, 0xAD, 0x94, 0x0E, 0x94, 0x0E, 0x94, 0x2E,
    0x19, 0x03, 0x5A, 0xA8, 0x83, 0x6A, 0x73, 0x09, 0x6A, 0xE9, 0x73, 0x09, 0x6A, 0xE9, 0x6A, 0xC8,
    0x62, 0x87, 0x5A, 0x67, 0x6A, 0xC8, 0x72, 0xE8, 0x73, 0x09, 0x83, 0x6A, 0x8B, 0xEC, 0x8B, 0xED,
    0x8B, 0xED, 0x83, 0xCC, 0x73, 0x29, 0x73, 0x29, 0x7B, 0x49, 0x7B, 0x8A, 0x7B, 0x8A, 0x7B, 0x8A,
    0x7B, 0x8A, 0x7B, 0x8A, 0x7B, 0x69, 0x7B, 0x8A, 0x73, 0x69, 0xB6, 0x36, 0xB5, 0x74, 0xAC, 0xD1,
    0xA4, 0x90, 0x94, 0x0E, 0x7B, 0x6C, 0x7B, 0x4C, 0x8B, 0xCD, 0xAC, 0xD1, 0xB5, 0x12, 0x62, 0x88,
    0x51, 0xE5, 0x49, 0xA4, 0x51, 0xE6, 0x5A, 0x06, 0x62, 0x26, 0x5A, 0x06, 0x62, 0x26, 0x62, 0x46,
    0x73, 0x09, 0x6B, 0x09, 0x73, 0x09, 0x83, 0x8B, 0x8B, 0xCC, 0x8B, 0xCC, 0x83, 0x8B, 0x94, 0x2F,
    0xBE, 0x18, 0xAD, 0x76, 0xCE, 0xBB, 0xDF, 0x5E, 0xD7, 0x3D, 0xD7, 0x3D, 0xD7, 0x3D, 0xD7, 0x3D,
    0xDF, 0x3D, 0xDF, 0x5D, 0xDF, 0x5D, 0xDF, 0x5E, 0xDF, 0x5E, 0xDF, 0x5E, 0xDF, 0x5E, 0xDF, 0x5E,
    0xDF, 0x5E, 0xDF, 0x5E, 0xDF, 0x5E, 0xDF, 0x3D, 0xD7, 0x3D, 0xD7, 0x1D, 0xD7, 0x1D, 0xCE, 0xFC,
    0xD6, 0xFC, 0xB5, 0xF8, 0xA5, 0x34, 0xAD, 0xB7, 0xBD, 0xF8, 0xC6, 0x59, 0xCE, 0x9A, 0xD6, 0xDC,
    0xDF, 0x1C, 0xDF, 0x3D, 0xE7, 0x5E, 0xDF, 0x5D, 0xB5, 0xF8, 0xD6, 0xDC, 0xE7, 0x7E, 0xE7, 0x7E,
    0xE7, 0x7E, 0xDF, 0x5D, 0xDF, 0x1D, 0xD6, 0xDC, 0xCE, 0xBB, 0xC6, 0x7A, 0xBE, 0x39, 0xB6, 0x18,
    0xB5, 0xD7, 0xAD, 0xB7, 0xAD, 0x96, 0xB5, 0xB7, 0xAD, 0x96, 0xA5, 0x35, 0x83, 0xEE, 0x6B, 0x0A,
    0x73, 0x2B, 0x73, 0x2B, 0x73, 0x0B, 0x6B, 0x0A, 0x6A, 0xEA, 0x6A, 0xEA, 0x62, 0xCA, 0x62, 0xA9,
    0x5A, 0xA9, 0x5A, 0x68, 0x52, 0x48, 0x4A, 0x28, 0x4A, 0x07, 0x4A, 0x06, 0x41, 0xE6, 0x39, 0xC6,
    0x39, 0xA6, 0x31, 0x85, 0x31, 0x65, 0x29, 0x44, 0x29, 0x24, 0x21, 0x03, 0x21, 0x03, 0x20, 0xE3,
    0x18, 0xE3, 0x18, 0xC3, 0x18, 0xC2, 0x18, 0xA2, 0x10, 0xA2, 0x10, 0xA2, 0x10, 0xA2, 0x10, 0xA2,
    0x10, 0xA2, 0x10, 0xA2, 0x18, 0xA2, 0x18, 0xC2, 0x18, 0xC2, 0x18, 0xA2, 0x10, 0xA2, 0x10, 0x61,
    0x10, 0x61, 0x08, 0x20, 0x62, 0xCA, 0x8B, 0xEE, 0x8B, 0xED, 0x94, 0x0E, 0x94, 0x0E, 0x94, 0x0D,
    0x29, 0x44, 0x62, 0x88, 0x62, 0xA7, 0x62, 0x87, 0x6A, 0xC8, 0x7B, 0x6A, 0x7B, 0x29, 0x7B, 0x49,
    0x83, 0x6A, 0x7B, 0x29, 0x7B, 0x4A, 0x7B, 0x49, 0x83, 0x8B, 0x94, 0x0D, 0xAC, 0xAF, 0xAC, 0xB0,
    0xAC, 0xD1, 0xA4, 0xB1, 0x62, 0x88, 0x52, 0x26, 0x52, 0x26, 0x5A, 0x26, 0x5A, 0x67, 0x62, 0x87,
    0x62, 0x87, 0x6B, 0x08, 0x7B, 0xAA, 0x7B, 0x6A, 0x7B, 0xEC, 0xC6, 0x98, 0xB5, 0x33, 0xB5, 0x33,
    0xA4, 0x90, 0x9C, 0x2E, 0x83, 0x8C, 0x7B, 0x6C, 0x9C, 0x6F, 0xB5, 0x12, 0x9C, 0x70, 0x52, 0x07,
    0x51, 0xE5, 0x49, 0xA4, 0x5A, 0x06, 0x5A, 0x06, 0x62, 0x26, 0x5A, 0x06, 0x62, 0x26, 0x62, 0x67,
    0x73, 0x0A, 0x6A, 0xE9, 0x73, 0x2A, 0x8B, 0xAB, 0x8B, 0xCC, 0x8B, 0xAC, 0x7B, 0x6B, 0xA4, 0xF2,
    0xB5, 0xD7, 0xAD, 0x96, 0xD7, 0x1D, 0xD7, 0x1D, 0xD7, 0x1D, 0xD7, 0x1D, 0xD7, 0x1D, 0xD7, 0x1D,
    0xD7, 0x1D, 0xD7, 0x1D, 0xD7, 0x3D, 0xD7, 0x3D, 0xD7, 0x3D, 0xD7, 0x3D, 0xDF, 0x3D, 0xDF, 0x3D,
    0xDF, 0x3D, 0xDF, 0x3D, 0xD7, 0x3D, 0xD7, 0x3D, 0xD7, 0x3D, 0xD7, 0x1D, 0xD7, 0x1D, 0xD6, 0xFC,
    0xCE, 0xFC, 0xA5, 0x76, 0xA5, 0x75, 0xB5, 0xD7, 0xBE, 0x18, 0xC6, 0x59, 0xCE, 0x9A, 0xCE, 0xBB,
    0xD6, 0xFC, 0xD6, 0xFC, 0xDF, 0x5D, 0xC6, 0x7A, 0xAD, 0xB7, 0xD6, 0xFC, 0xE7, 0x5E, 0xDF, 0x3D,
    0xDF, 0x3D, 0xDF, 0x1D, 0xD6, 0xFC, 0xCE, 0xDB, 0xC6, 0x9B, 0xC6, 0x7A, 0xBE, 0x39, 0xB5, 0xF8,
    0xB5, 0xD7, 0xAD, 0xB7, 0xAD, 0x96, 0xAD, 0x76, 0xA5, 0x55, 0xA5, 0x55, 0xAD, 0x76, 0x94, 0x70,
    0x83, 0xCD, 0x83, 0xCD, 0x8B, 0xED, 0x8B, 0xCD, 0x8B, 0xED, 0x8B, 0xED, 0x8B, 0xED, 0x8B, 0xED,
    0x8B, 0xED, 0x8B, 0xED, 0x8B, 0xCD, 0x8B, 0xCD, 0x8B, 0xCD, 0x8B, 0xCD, 0x8B, 0xCD, 0x8B, 0xCC,
    0x83, 0xAD, 0x83, 0xAC, 0x83, 0x8C, 0x83, 0x8C, 0x83, 0x8C, 0x7B, 0x6B, 0x7B, 0x4B, 0x73, 0x4B,
    0x73, 0x2A, 0x73, 0x0A, 0x6A, 0xEA, 0x6A, 0xC9, 0x62, 0xA8, 0x5A, 0x88, 0x5A, 0x68, 0x52, 0x48,
    0x52, 0x27, 0x4A, 0x27, 0x49, 0xE6, 0x41, 0xC6, 0x41, 0xA5, 0x39, 0xA5, 0x39, 0x85, 0x31, 0x44,
    0x21, 0x03, 0x39, 0x85, 0x8B, 0xEE, 0x8B, 0xED, 0x94, 0x2E, 0x94, 0x2E, 0x94, 0x2E, 0x94, 0x0D,
    0x31, 0x85, 0x62, 0x88, 0x5A, 0x67, 0x5A, 0x67, 0x5A, 0x67, 0x5A, 0x67, 0x5A, 0x46, 0x5A, 0x67,
    0x62, 0xA7, 0x7B, 0x29, 0x7B, 0x29, 0x7B, 0x29, 0x8B, 0xAC, 0x8B, 0xED, 0x9C, 0x4F, 0x9C, 0x90,
    0xA4, 0xB1, 0x8B, 0xCD, 0x52, 0x26, 0x5A, 0x67, 0x5A, 0x47, 0x5A, 0x26, 0x52, 0x26, 0x5A, 0x46,
    0x6A, 0xC8, 0x83, 0xAA, 0x7B, 0xAA, 0x73, 0x29, 0x95, 0x11, 0xC6, 0x57, 0xAC, 0xF2, 0xAC, 0xD1,
    0xA4, 0x90, 0x8B, 0xAD, 0x7B, 0x6B, 0x8B, 0xAD, 0xAC, 0xF2, 0xBD, 0x53, 0x83, 0x8D, 0x52, 0x06,
    0x49, 0xC5, 0x51, 0xC4, 0x5A, 0x06, 0x5A, 0x26, 0x5A, 0x06, 0x5A, 0x06, 0x62, 0x26, 0x6A, 0xA8,
    0x73, 0x09, 0x6A, 0xC8, 0x7B, 0x4A, 0x8B, 0xCC, 0x8B, 0xCC, 0x83, 0xAC, 0x83, 0x8C, 0xB5, 0x95,
    0xAD, 0x76, 0xB5, 0xF8, 0xD7, 0x3D, 0xD6, 0xFC, 0xD6, 0xFC, 0xD6, 0xFC, 0xCE, 0xFC, 0xCE, 0xFC,
    0xCE, 0xFC, 0xD6, 0xFC, 0xD7, 0x1C, 0xD7, 0x1C, 0xD7, 0x1C, 0xD7, 0x1D, 0xD7, 0x1D, 0xD7, 0x1D,
    0xD7, 0x1D, 0xD7, 0x1D, 0xD7, 0x1D, 0xD7, 0x1D, 0xD7, 0x1D, 0xD7, 0x1C, 0xD6, 0xFC, 0xD6, 0xFC,
    0xC6, 0x9A, 0xA5, 0x55, 0xAD, 0x96, 0xB5, 0xD7, 0xBE, 0x18, 0xC6, 0x59, 0xC6, 0x7A, 0xCE, 0x9A,
    0xCE, 0xBB, 0xCE, 0xBB, 0xDF, 0x1C, 0xA5, 0x96, 0xB5, 0xD7, 0xD7, 0x1C, 0xD7, 0x1C, 0xD7, 0x1C,
    0xD6, 0xFC, 0xD6, 0xFC, 0xCE, 0xBB, 0xCE, 0x9B, 0xC6, 0x7A, 0xBE, 0x59, 0xBE, 0x19, 0xB5, 0xF8,
    0xB5, 0xB7, 0xAD, 0xB7, 0xAD, 0xB7, 0xB5, 0xB7, 0xAD, 0x96, 0xAD, 0x55, 0xAD, 0x55, 0xAD, 0x75,
    0xA5, 0x13, 0x9C, 0xD2, 0x9C, 0xB2, 0x9C, 0x91, 0x9C, 0x70, 0x94, 0x70, 0x94, 0x4F, 0x94, 0x4F,
    0x94, 0x2F, 0x94, 0x2F, 0x94, 0x2E, 0x94, 0x0E, 0x94, 0x0E, 0x94, 0x0E, 0x94, 0x0E, 0x94, 0x0E,
    0x8C, 0x0E, 0x93, 0xEE, 0x94, 0x0D, 0x94, 0x0D, 0x93, 0xED, 0x8C, 0x0D, 0x94, 0x0E, 0x94, 0x0E,
    0x94, 0x0D, 0x93, 0xED, 0x93, 0xED, 0x8B, 0xED, 0x93, 0xED, 0x8B, 0xED, 0x8B, 0xED, 0x8B, 0xED,
    0x8B, 0xCD, 0x8B, 0xCD, 0x8B, 0xAC, 0x83, 0xAC, 0x83, 0xAC, 0x83, 0xAC, 0x7B, 0x8C, 0x7B, 0x6B,
    0x7B, 0x6B, 0x94, 0x0D, 0x9C, 0x4E, 0x94, 0x2E, 0x94, 0x2E, 0x94, 0x2E, 0x94, 0x2E, 0x94, 0x2E,
    0x41, 0xC6, 0x62, 0x87, 0x62, 0x87, 0x62, 0x87, 0x62, 0x87, 0x5A, 0x67, 0x5A, 0x26, 0x52, 0x26,
    0x51, 0xE5, 0x6A, 0xA8, 0x73, 0x09, 0x7B, 0x2A, 0x8B, 0xAC, 0x9C, 0x4F, 0xA4, 0xB0, 0x9C, 0x90,
    0xA4, 0x90, 0x6A, 0xC9, 0x52, 0x06, 0x5A, 0x47, 0x52, 0x26, 0x52, 0x06, 0x49, 0xE5, 0x5A, 0x47,
    0x7B, 0x4A, 0x7B, 0x6A, 0x73, 0x4A, 0x6B, 0x09, 0xAD, 0xD4, 0xB5, 0x94, 0xAC, 0xD1, 0xAC, 0xF2,
    0x9C, 0x4F, 0x8B, 0xCD, 0x7B, 0x4B, 0x94, 0x0E, 0xAC, 0xF1, 0xB5, 0x33, 0x62, 0x88, 0x51, 0xE5,
    0x49, 0xA4, 0x59, 0xE5, 0x62, 0x26, 0x62, 0x26, 0x5A, 0x26, 0x5A, 0x06, 0x62, 0x46, 0x6A, 0xE9,
    0x6A, 0xE9, 0x6A, 0xC9, 0x83, 0x8B, 0x93, 0xED, 0x8B, 0xCC, 0x83, 0x8B, 0x8C, 0x0E, 0xB5, 0xD7,
    0xA5, 0x55, 0xC6, 0x7A, 0xD7, 0x1D, 0xCE, 0xDC, 0xCE, 0xDC, 0xCE, 0xDC, 0xCE, 0xDC, 0xCE, 0xDC,
    0xCE, 0xDC, 0xCE, 0xDC, 0xCE, 0xDC, 0xCE, 0xDC, 0xCE, 0xFC, 0xCE, 0xFC, 0xCE, 0xFC, 0xCE, 0xFC,
    0xCE, 0xFC, 0xD6, 0xFC, 0xD6, 0xFC, 0xD6, 0xFC, 0xD6, 0xFC, 0xCE, 0xFC, 0xCE, 0xDC, 0xD7, 0x1C,
    0xB5, 0xF8, 0xA5, 0x55, 0xB5, 0xB7, 0xB5, 0xD7, 0xBE, 0x18, 0xBE, 0x39, 0xC6, 0x59, 0xC6, 0x59,
    0xC6, 0x7A, 0xCE, 0x9B, 0xCE, 0x9A, 0x94, 0xD3, 0xBE, 0x39, 0xD6, 0xDB, 0xCE, 0xBB, 0xCE, 0xBB,
    0xCE, 0xBB, 0xCE, 0xBB, 0xCE, 0x9A, 0xC6, 0x7A, 0xC6, 0x59, 0xBE, 0x39, 0xB5, 0xF8, 0xB5, 0xD7,
    0xB5, 0xF8, 0xAD, 0xF8, 0xA5, 0x97, 0xA5, 0x55, 0xA5, 0x55, 0xAD, 0x96, 0xAD, 0x75, 0xAD, 0x75,
    0xAD, 0x55, 0xAD, 0x54, 0xA5, 0x34, 0xA4, 0xF3, 0xA4, 0xF3, 0xA4, 0xF2, 0xA4, 0xD2, 0xA4, 0xD2,
    0xA4, 0xB1, 0x9C, 0xB1, 0x9C, 0x91, 0x9C, 0x91, 0x9C, 0x90, 0x9C, 0x70, 0x9C, 0x70, 0x9C, 0x6F,
    0x9C, 0x4F, 0x9C, 0x4F, 0x94, 0x2F, 0x94, 0x2F, 0x94, 0x2F, 0x94, 0x2E, 0x94, 0x2E, 0x94, 0x0E,
    0x94, 0x0E, 0x94, 0x0E, 0x94, 0x0E, 0x94, 0x0E, 0x94, 0x0E, 0x94, 0x0D, 0x94, 0x0E, 0x94, 0x0E,
    0x94, 0x0E, 0x94, 0x0E, 0x94, 0x0D, 0x94, 0x0E, 0x94, 0x0D, 0x93, 0xED, 0x94, 0x0E, 0x94, 0x0E,
    0x94, 0x2E, 0x94, 0x2E, 0x94, 0x2E, 0x94, 0x2E, 0x94, 0x2E, 0x94, 0x2E, 0x94, 0x0E, 0x94, 0x2E,
    0x4A, 0x06, 0x62, 0xA8, 0x62, 0x87, 0x62, 0x87, 0x62, 0x67, 0x62, 0x67, 0x5A, 0x46, 0x52, 0x05,
    0x52, 0x05, 0x6A, 0xA7, 0x72, 0xE9, 0x83, 0x4B, 0x8B, 0xCC, 0x94, 0x2E, 0x9C, 0x90, 0xA4, 0xB1,
    0x9C, 0x70, 0x5A, 0x47, 0x52, 0x26, 0x52, 0x26, 0x52, 0x06, 0x49, 0xE5, 0x51, 0xE6, 0x6A, 0xA8,
    0x7B, 0x6A, 0x83, 0xCB, 0x83, 0xAB, 0x7B, 0xAB, 0xBE, 0x77, 0xAD, 0x33, 0xAC, 0xF2, 0xA4, 0xB0,
    0x94, 0x2E, 0x83, 0xAC, 0x83, 0x6C, 0xA4, 0x70, 0xAC, 0xF2, 0x94, 0x0E, 0x52, 0x06, 0x51, 0xE5,
    0x49, 0xC4, 0x5A, 0x05, 0x5A, 0x05, 0x5A, 0x05, 0x5A, 0x26, 0x5A, 0x05, 0x6A, 0xA7, 0x6B, 0x09,
    0x62, 0xC8, 0x73, 0x09, 0x93, 0xCC, 0x94, 0x0D, 0x8B, 0xCC, 0x7B, 0x6B, 0xA4, 0xD2, 0xB5, 0xB6,
    0xA5, 0x75, 0xCE, 0xDC, 0xCE, 0xDC, 0xCE, 0xBB, 0xC6, 0xBB, 0xC6, 0xBB, 0xC6, 0xBB, 0xC6, 0xBB,
    0xC6, 0xBB, 0xC6, 0xBB, 0xC6, 0xBB, 0xC6, 0xBB, 0xC6, 0xBB, 0xCE, 0xBB, 0xCE, 0xBB, 0xCE, 0xDB,
    0xCE, 0xDB, 0xCE, 0xDC, 0xCE, 0xDC, 0xCE, 0xDC, 0xCE, 0xDC, 0xCE, 0xDC, 0xCE, 0xDB, 0xCE, 0x9A,
    0xAD, 0x76, 0xAD, 0x75, 0xB5, 0xB7, 0xB5, 0xD7, 0xB5, 0xF7, 0xB5, 0xF8, 0xBE, 0x18, 0xBE, 0x39,
    0xC6, 0x59, 0xCE, 0x9B, 0xAD, 0x96, 0x94, 0xF4, 0xC6, 0x7A, 0xCE, 0x9A, 0xCE, 0x9A, 0xCE, 0x9A,
    0xC6, 0x9A, 0xC6, 0x7A, 0xC6, 0x7A, 0xC6, 0x59, 0xBE, 0x39, 0xBE, 0x18, 0xBE, 0x39, 0xB6, 0x39,
    0x9D, 0x76, 0x74, 0x10, 0x5A, 0xEB, 0x52, 0xA9, 0x42, 0x07, 0x7B, 0xCE, 0xB5, 0xB7, 0xAD, 0x55,
    0xAD, 0x55, 0xAD, 0x34, 0xA5, 0x13, 0xA5, 0x13, 0xA4, 0xF3, 0xA4, 0xF2, 0xA4, 0xD2, 0xA4, 0xD2,
    0xA4, 0xD2, 0xA4, 0xB1, 0xA4, 0xB1, 0xA4, 0xB1, 0x9C, 0xB1, 0x9C, 0xB1, 0x9C, 0x91, 0x9C, 0x90,
    0x9C, 0x90, 0x9C, 0x70, 0x9C, 0x70, 0x9C, 0x70, 0x9C, 0x70, 0x9C, 0x4F, 0x9C, 0x4F, 0x9C, 0x4F,
    0x9C, 0x4F, 0x9C, 0x4F, 0x9C, 0x4F, 0x9C, 0x4F, 0x94, 0x2F, 0x94, 0x2E, 0x94, 0x2F, 0x94, 0x2F,
    0x94, 0x2E, 0x9C, 0x2E, 0x9C, 0x2E, 0x9C, 0x2E, 0x9C, 0x2E, 0x9C, 0x2F, 0x9C, 0x2E, 0x9C, 0x2E,
    0x94, 0x2E, 0x94, 0x2E, 0x94, 0x2E, 0x94, 0x2E, 0x94, 0x2E, 0x94, 0x2E, 0x94, 0x2E, 0x94, 0x2E,
    0x52, 0x26, 0x5A, 0x66, 0x62, 0x67, 0x62, 0x67, 0x5A, 0x46, 0x5A, 0x46, 0x5A, 0x67, 0x62, 0x87,
    0x6A, 0xA8, 0x6A, 0xA8, 0x6A, 0xC8, 0x7B, 0x2A, 0x83, 0xAC, 0x9C, 0x4F, 0x9C, 0x6F, 0xAC, 0xF2,
    0x83, 0xAD, 0x49, 0xE6, 0x49, 0xE6, 0x49, 0xE5, 0x52, 0x06, 0x49, 0xE5, 0x5A, 0x27, 0x73, 0x09,
    0x7B, 0x8A, 0x7B, 0xCB, 0x7B, 0x6A, 0x8C, 0x6E, 0xBE, 0x57, 0xB5, 0x33, 0xAC, 0xF2, 0x9C, 0x70,
    0x8B, 0xCD, 0x8B, 0xCD, 0x94, 0x0F, 0xAC, 0xD2, 0xBD, 0x94, 0x7B, 0x6C, 0x52, 0x06, 0x49, 0xA4,
    0x51, 0xC4, 0x5A, 0x06, 0x5A, 0x06, 0x62, 0x26, 0x5A, 0x06, 0x62, 0x26, 0x72, 0xE9, 0x6A, 0xE9,
    0x62, 0xA8, 0x7B, 0x4A, 0x94, 0x0D, 0x94, 0x0D, 0x8B, 0xAC, 0x83, 0xAC, 0xAD, 0x95, 0xAD, 0x75,
    0xB5, 0xD7, 0xCE, 0xFC, 0xC6, 0xBB, 0xC6, 0x9B, 0xC6, 0x9B, 0xC6, 0x9B, 0xC6, 0x9B, 0xC6, 0x9A,
    0xC6, 0x9B, 0xC6, 0x9A, 0xC6, 0x7A, 0xC6, 0x9A, 0xC6, 0x9A, 0xC6, 0x9B, 0xC6, 0x9B, 0xC6, 0x9B,
    0xC6, 0x9B, 0xC6, 0x9B, 0xC6, 0xBB, 0xC6, 0xBB, 0xCE, 0xBB, 0xCE, 0xBB, 0xCE, 0x79, 0xC6, 0x18,
    0xA5, 0x34, 0xAD, 0x96, 0xAD, 0xB6, 0xB5, 0xB7, 0xBE, 0x18, 0xBE, 0x39, 0xBE, 0x39, 0xB5, 0xF8,
    0xBE, 0x18, 0xC6, 0x59, 0x8C, 0xD3, 0xAD, 0x76, 0xC6, 0x59, 0xC6, 0x59, 0xC6, 0x5A, 0xC6, 0x59,
    0xBE, 0x59, 0xBE, 0x39, 0xBE, 0x39, 0xBE, 0x39, 0xBE, 0x39, 0xAD, 0xF8, 0x8C, 0xB3, 0x63, 0x2C,
    0x4A, 0x48, 0x52, 0x27, 0x5A, 0xA8, 0x5A, 0xA9, 0x4A, 0x27, 0x42, 0x07, 0x94, 0xD3, 0xAD, 0x76,
    0xAD, 0x55, 0xAD, 0x34, 0xA5, 0x13, 0xA4, 0xF3, 0xA4, 0xF2, 0xA4, 0xD2, 0xA4, 0xD2, 0xA4, 0xD2,
    0xA4, 0xD1, 0xA4, 0xB1, 0xA4, 0xB1, 0xA4, 0xB1, 0xA4, 0xB1, 0xA4, 0xB0, 0x9C, 0x90, 0x9C, 0x90,
    0xA4, 0x90, 0x9C, 0x90, 0x9C, 0x90, 0x9C, 0x70, 0x9C, 0x70, 0x9C, 0x70, 0x9C, 0x70, 0x9C, 0x70,
    0x9C, 0x6F, 0x9C, 0x6F, 0x9C, 0x4F, 0x9C, 0x4F, 0x9C, 0x4F, 0x9C, 0x4F, 0x9C, 0x4F, 0x9C, 0x4F,
    0x9C, 0x4F, 0x94, 0x2F, 0x8C, 0x0E, 0x8B, 0xEE, 0x83, 0xED, 0x83, 0xCD, 0x8B, 0xEE, 0x94, 0x2E,
    0x9C, 0x4F, 0x9C, 0x4F, 0x9C, 0x4F, 0x9C, 0x4F, 0x94, 0x2E, 0x94, 0x2E, 0x9C, 0x2E, 0x9C, 0x4E,
    0x5A, 0x26, 0x5A, 0x46, 0x5A, 0x46, 0x5A, 0x46, 0x5A, 0x47, 0x5A, 0x46, 0x52, 0x05, 0x5A, 0x26,
    0x6A, 0xA7, 0x72, 0xE8, 0x73, 0x09, 0x6A, 0xE9, 0x62, 0xA8, 0x6A, 0xE9, 0x73, 0x0A, 0x7B, 0x8C,
    0x62, 0xA9, 0x49, 0xE6, 0x49, 0xE6, 0x49, 0xC5, 0x49, 0xE5, 0x52, 0x06, 0x5A, 0x47, 0x72, 0xE9,
    0x73, 0x6A, 0x7B, 0x8A, 0x73, 0x29, 0xA5, 0x72, 0xBD, 0xD5, 0xB5, 0x12, 0xAC, 0xD1, 0x9C, 0x4F,
    0x93, 0xEE, 0x8B, 0xAC, 0x9C, 0x2E, 0xB5, 0x33, 0xAD, 0x12, 0x62, 0x68, 0x51, 0xE5, 0x49, 0xA4,
    0x51, 0xE5, 0x5A, 0x06, 0x5A, 0x26, 0x62, 0x26, 0x62, 0x26, 0x6A, 0x67, 0x72, 0xE9, 0x62, 0xA8,
    0x6A, 0xA8, 0x8B, 0x8B, 0x94, 0x0D, 0x8B, 0xED, 0x83, 0x8B, 0x94, 0x2F, 0xB5, 0xD7, 0xA5, 0x34,
    0xBE, 0x39, 0xCE, 0xDC, 0xC6, 0x9B, 0xC6, 0x7A, 0xC6, 0x7A, 0xC6, 0x7A, 0xBE, 0x5A, 0xC6, 0x7A,
    0xBE, 0x5A, 0xBE, 0x59, 0xBE, 0x39, 0xBE, 0x39, 0xBE, 0x5A, 0xBE, 0x5A, 0xBE, 0x5A, 0xBE, 0x7A,
    0xBE, 0x7A, 0xBE, 0x7A, 0xBE, 0x7A, 0xC6, 0x7A, 0xC6, 0x9B, 0xC6, 0x17, 0xC5, 0xF5, 0xAD, 0x75,
    0xA5, 0x34, 0xAD, 0x75, 0xAD, 0xB6, 0xB5, 0xF7, 0x7C, 0x10, 0x42, 0x29, 0x7C, 0x10, 0xBE, 0x39,
    0xBE, 0x18, 0xA5, 0x76, 0x94, 0xD3, 0xAD, 0xB7, 0xBE, 0x38, 0xBE, 0x18, 0xBE, 0x18, 0xBE, 0x18,
    0xBE, 0x18, 0xB6, 0x18, 0xB5, 0xF8, 0xBE, 0x38, 0xA5, 0x96, 0x63, 0x4D, 0x4A, 0x48, 0x39, 0xA6,
    0x5A, 0xA9, 0x62, 0xEA, 0x62, 0xEA, 0x5A, 0xA9, 0x5A, 0xA9, 0x4A, 0x48, 0x52, 0x68, 0x83, 0xAD,
    0x9C, 0x70, 0xA5, 0x13, 0xAD, 0x13, 0xA4, 0xF3, 0xA4, 0xF2, 0xA4, 0xD2, 0xA4, 0xD2, 0xA4, 0xD2,
    0xA4, 0xD1, 0xA4, 0xB1, 0xA4, 0xB1, 0xA4, 0xB1, 0xA4, 0xB1, 0xA4, 0xB0, 0x9C, 0x90, 0x9C, 0x90,
    0x9C, 0x90, 0x9C, 0x90, 0x9C, 0x90, 0x9C, 0x70, 0x9C, 0x70, 0x9C, 0x70, 0x9C, 0x70, 0x9C, 0x70,
    0x9C, 0x70, 0x9C, 0x70, 0x9C, 0x6F, 0x9C, 0x6F, 0x9C, 0x4F, 0x9C, 0x6F, 0x9C, 0x4F, 0x9C, 0x6F,
    0x83, 0xEE, 0x6B, 0x6D, 0x73, 0x8D, 0x73, 0xAD, 0x73, 0x8D, 0x73, 0x6C, 0x6B, 0x2B, 0x6B, 0x0B,
    0x73, 0x4B, 0x8B, 0xED, 0x94, 0x0E, 0x9C, 0x4F, 0x94, 0x2E, 0x94, 0x2E, 0x94, 0x2E, 0x9C, 0x4E,
    0x52, 0x05, 0x52, 0x26, 0x52, 0x26, 0x5A, 0x26, 0x52, 0x26, 0x52, 0x06, 0x51, 0xE5, 0x52, 0x05,
    0x62, 0x86, 0x6A, 0xC8, 0x7B, 0x2A, 0x83, 0xAC, 0x8B, 0xED, 0x8B, 0xEE, 0x8B, 0xCD, 0x73, 0x2B,
    0x52, 0x26, 0x5A, 0x67, 0x5A, 0x47, 0x52, 0x26, 0x5A, 0x47, 0x5A, 0x67, 0x6A, 0xA8, 0x73, 0x29,
    0x7B, 0x8A, 0x73, 0x8A, 0x73, 0x6A, 0xAD, 0xF5, 0xAD, 0x33, 0xAC, 0xD1, 0xA4, 0xB1, 0x9C, 0x70,
    0x83, 0xAC, 0x8B, 0xEE, 0x9C, 0x4F, 0xBD, 0x73, 0x94, 0x2F, 0x51, 0xC5, 0x51, 0xE5, 0x51, 0xA4,
    0x59, 0xE5, 0x5A, 0x06, 0x62, 0x26, 0x62, 0x26, 0x62, 0x26, 0x72, 0xC8, 0x72, 0xE9, 0x62, 0x87,
    0x72, 0xE9, 0x93, 0xCC, 0x94, 0x2D, 0x8B, 0xEC, 0x83, 0x6B, 0xA4, 0xF2, 0xB5, 0x96, 0xA5, 0x55,
    0xC6, 0x9B, 0xC6, 0x9B, 0xC6, 0x7A, 0xC6, 0x7A, 0xBE, 0x5A, 0xBE, 0x7A, 0xC6, 0x7A, 0xB5, 0xF9,
    0xBE, 0x5A, 0xC6, 0x7A, 0xC6, 0x9B, 0xC6, 0x7A, 0xBE, 0x7A, 0xBE, 0x5A, 0xBE, 0x5A, 0xBE, 0x39,
    0xBE, 0x39, 0xBE, 0x39, 0xBE, 0x39, 0xBE, 0x39, 0xBE, 0x5A, 0xBD, 0xB5, 0xBD, 0x73, 0x9C, 0xF3,
    0xA5, 0x34, 0xAD, 0x96, 0xAD, 0xB6, 0x53, 0x0C, 0x10, 0xC3, 0x08, 0x40, 0x10, 0x82, 0x63, 0x0D,
    0xB5, 0xF8, 0x94, 0xF4, 0xA5, 0x75, 0xB5, 0xD7, 0xB5, 0xF8, 0xB5, 0xF7, 0xB5, 0xF7, 0xB5, 0xF7,
    0xB5, 0xD7, 0xB5, 0xD7, 0xB5, 0xD7, 0xB5, 0xF7, 0xAD, 0x96, 0xAD, 0xD7, 0x7C, 0x10, 0x52, 0x68,
    0x62, 0xEA, 0x73, 0x0A, 0x62, 0x26, 0x59, 0xE6, 0x59, 0xE6, 0x51, 0xE6, 0x41, 0xA5, 0x72, 0xE9,
    0x73, 0x09, 0x83, 0xAD, 0xA4, 0xF2, 0xAD, 0x13, 0xA4, 0xF2, 0xA4, 0xD2, 0xA4, 0xD2, 0xA4, 0xD2,
    0xA4, 0xD1, 0xA4, 0xB1, 0xA4, 0xB1, 0xA4, 0xB1, 0xA4, 0x91, 0xA4, 0x90, 0xA4, 0x90, 0xA4, 0x90,
    0x9C, 0x90, 0xA4, 0x90, 0x9C, 0x90, 0x9C, 0x70, 0x9C, 0x90, 0x9C, 0x70, 0x9C, 0x6F, 0x9C, 0x70,
    0x9C, 0x70, 0x9C, 0x70, 0x9C, 0x6F, 0x9C, 0x6F, 0x9C, 0x6F, 0x9C, 0x6F, 0x9C, 0x6F, 0x9C, 0x6F,
    0x94, 0x2E, 0x6B, 0x4C, 0x63, 0x0B, 0x73, 0x8D, 0x7B, 0xEE, 0x73, 0x8D, 0x73, 0x6C, 0x6B, 0x0B,
    0x52, 0x68, 0x62, 0xA9, 0x8B, 0xCD, 0x8B, 0xCD, 0x94, 0x0E, 0x94, 0x2E, 0x94, 0x2E, 0x94, 0x2E,
    0x52, 0x05, 0x52, 0x05, 0x5A, 0x26, 0x52, 0x26, 0x52, 0x05, 0x49, 0xE5, 0x49, 0xC5, 0x5A, 0x26,
    0x6A, 0xA7, 0x73, 0x09, 0x7B, 0x6B, 0x83, 0x8C, 0x94, 0x0E, 0x9C, 0x70, 0x9C, 0x90, 0x73, 0x2B,
    0x41, 0xA5, 0x49, 0xC5, 0x49, 0xC5, 0x49, 0xE6, 0x51, 0xE6, 0x5A, 0x67, 0x6A, 0xE8, 0x7B, 0x6A,
    0x7B, 0xAB, 0x73, 0x49, 0x84, 0x0C, 0xBE, 0x37, 0xAD, 0x12, 0xAD, 0x12, 0x9C, 0x90, 0x94, 0x2F,
    0x8B, 0xCD, 0x94, 0x0E, 0xA4, 0xB0, 0xB5, 0x32, 0x7B, 0x4B, 0x49, 0xC5, 0x51, 0xC4, 0x51, 0xC4,
    0x59, 0xE5, 0x5A, 0x05, 0x5A, 0x06, 0x62, 0x26, 0x62, 0x46, 0x72, 0xE9, 0x6A, 0xC8, 0x62, 0x87,
    0x7B, 0x4A, 0x94, 0x0C, 0x94, 0x0D, 0x8B, 0xCC, 0x83, 0xAC, 0xAD, 0x75, 0xA5, 0x54, 0xAD, 0xB7,
    0xCE, 0xBB, 0xC6, 0x7A, 0xBE, 0x7A, 0xBE, 0x59, 0xBE, 0x5A, 0xBE, 0x7A, 0x6B, 0x8F, 0x39, 0xC8,
    0x42, 0x4A, 0x5A, 0xED, 0x6B, 0xD0, 0x84, 0x93, 0x9D, 0x36, 0xA5, 0x97, 0xAD, 0xD8, 0xB6, 0x19,
    0xBE, 0x39, 0xBE, 0x5A, 0xBE, 0x7A, 0xBE, 0x7A, 0xC6, 0x7A, 0xC6, 0x17, 0xAD, 0x32, 0x9C, 0xF3,
    0xAD, 0x75, 0xA5, 0x55, 0x42, 0x49, 0x21, 0x25, 0x29, 0x45, 0x10, 0xA2, 0x10, 0x82, 0x08, 0x41,
    0x42, 0x08, 0x73, 0xCF, 0x94, 0xF4, 0xAD, 0x97, 0xB5, 0xF8, 0xBE, 0x18, 0xB5, 0xF8, 0xB5, 0xD7,
    0xB5, 0xB7, 0xAD, 0xB7, 0xB5, 0xF8, 0xBE, 0x39, 0xC6, 0x7A, 0x9D, 0x76, 0x63, 0x2C, 0x5A, 0xA9,
    0x6A, 0x88, 0x7A, 0xC9, 0x94, 0x30, 0x94, 0x92, 0x84, 0x30, 0x73, 0x6D, 0x62, 0xC9, 0x6A, 0xEA,
    0x6A, 0xC8, 0x72, 0xC8, 0x8B, 0xAC, 0xA4, 0xD2, 0xAC, 0xF2, 0xA4, 0xF2, 0xA4, 0xF2, 0xA4, 0xD2,
    0xA4, 0xD1, 0xA4, 0xD1, 0xA4, 0xB1, 0xA4, 0xB1, 0xA4, 0x90, 0xA4, 0x90, 0xA4, 0x90, 0xA4, 0x90,
    0x9C, 0x90, 0x9C, 0x90, 0x9C, 0x70, 0x9C, 0x70, 0x9C, 0x90, 0x9C, 0x70, 0x9C, 0x6F, 0x9C, 0x70,
    0x9C, 0x6F, 0x9C, 0x6F, 0x9C, 0x6F, 0x9C, 0x6F, 0x9C, 0x6F, 0x9C, 0x6F, 0x9C, 0x6F, 0x9C, 0x6F,
    0x9C, 0x6F, 0x9C, 0x4F, 0x83, 0xCD, 0x7B, 0xCD, 0x7B, 0xEE, 0x73, 0x6C, 0x7B, 0x8C, 0x6B, 0x0B,
    0x5A, 0xA9, 0x41, 0xE7, 0x7B, 0x4B, 0x8B, 0xAD, 0x93, 0xED, 0x94, 0x0D, 0x94, 0x0D, 0x94, 0x0D,
    0x52, 0x05, 0x52, 0x06, 0x52, 0x26, 0x52, 0x05, 0x51, 0xE6, 0x49, 0xC4, 0x41, 0xA4, 0x62, 0x67,
    0x72, 0xE9, 0x73, 0x09, 0x7B, 0x6B, 0x8B, 0xAC, 0x8B, 0xED, 0x94, 0x2F, 0x94, 0x2F, 0x52, 0x27,
    0x41, 0xA4, 0x41, 0xA5, 0x41, 0xA4, 0x49, 0xA4, 0x49, 0xC5, 0x5A, 0x47, 0x72, 0xE8, 0x7B, 0x6A,
    0x73, 0x6A, 0x6B, 0x08, 0x94, 0xF0, 0xB5, 0xB5, 0xAC, 0xB0, 0xAC, 0xD1, 0x9C, 0x4F, 0x94, 0x0E,
    0x83, 0x8C, 0x94, 0x0D, 0xAC, 0xF1, 0xAC, 0xB1, 0x62, 0x68, 0x51, 0xC5, 0x49, 0x84, 0x51, 0xC5,
    0x5A, 0x05, 0x5A, 0x06, 0x5A, 0x06, 0x62, 0x26, 0x6A, 0x67, 0x72, 0xE9, 0x62, 0xA7, 0x62, 0x87,
    0x83, 0x8B, 0x94, 0x0D, 0x94, 0x0D, 0x83, 0x8B, 0x94, 0x2F, 0xB5, 0x96, 0xA5, 0x14, 0xBE, 0x18,
    0xC6, 0x7A, 0xBE, 0x5A, 0xBE, 0x39, 0xBE, 0x39, 0xBE, 0x39, 0x52, 0xEC, 0x21, 0x05, 0x29, 0x45,
    0x21, 0x05, 0x21, 0x04, 0x21, 0x04, 0x21, 0x25, 0x19, 0x04, 0x21, 0x04, 0x29, 0x66, 0x39, 0xE8,
    0x4A, 0x8B, 0x5B, 0x2D, 0x6B, 0xB0, 0x84, 0x52, 0x94, 0xD5, 0xA5, 0x55, 0xA5, 0x34, 0xAD, 0x75,
    0x94, 0xD3, 0x29, 0xA6, 0x10, 0x82, 0x18, 0xA2, 0x18, 0xE3, 0x21, 0x45, 0x21, 0x45, 0x31, 0xC7,
    0x3A, 0x49, 0x42, 0x8B, 0x53, 0x2D, 0x63, 0xAF, 0x6C, 0x11, 0x84, 0x93, 0x9D, 0x55, 0xAD, 0xB7,
    0xB5, 0xF8, 0xBD, 0xF7, 0xAC, 0xD2, 0x8B, 0xAD, 0x83, 0x8D, 0x72, 0x67, 0x72, 0x46, 0x7A, 0x67,
    0x62, 0x48, 0xA5, 0x97, 0xAE, 0x5A, 0xA5, 0xF9, 0xA5, 0xD8, 0xA5, 0xD8, 0xA5, 0xB7, 0x9D, 0x35,
    0x94, 0xB2, 0x8C, 0x50, 0x8C, 0x0F, 0x9C, 0xB2, 0xA4, 0xF3, 0xA4, 0xF2, 0xA4, 0xF2, 0xA4, 0xD2,
    0xA4, 0xD2, 0xA4, 0xD1, 0xA4, 0xD1, 0xA4, 0xD1, 0xA4, 0xB1, 0xA4, 0xB0, 0x9C, 0x90, 0x9C, 0x70,
    0x9C, 0x70, 0x9C, 0x6F, 0x9C, 0x70, 0x9C, 0x70, 0x9C, 0x90, 0x9C, 0x70, 0x9C, 0x70, 0x9C, 0x70,
    0x9C, 0x6F, 0x9C, 0x6F, 0x9C, 0x6F, 0x9C, 0x6F, 0x9C, 0x6F, 0x9C, 0x6F, 0x9C, 0x4F, 0x9C, 0x4F,
    0x9C, 0x4F, 0x9C, 0x4F, 0x9C, 0x4F, 0x94, 0x4F, 0x7B, 0xEE, 0x73, 0x8C, 0x73, 0x6C, 0x62, 0xEA,
    0x5A, 0xA9, 0x39, 0xA6, 0x6A, 0xCA, 0x8B, 0xCD, 0x8B, 0xCD, 0x94, 0x0D, 0x94, 0x0D, 0x94, 0x0D,
    0x52, 0x06, 0x52, 0x26, 0x52, 0x26, 0x52, 0x06, 0x52, 0x06, 0x49, 0xC5, 0x49, 0xE5, 0x62, 0x87,
    0x6A, 0xC9, 0x7B, 0x2A, 0x7B, 0x6B, 0x8B, 0xCC, 0x94, 0x2E, 0x9C, 0x4F, 0x7B, 0x6C, 0x41, 0xA5,
    0x41, 0xA4, 0x41, 0xA4, 0x41, 0xA4, 0x49, 0xA5, 0x49, 0xC5, 0x62, 0x47, 0x6B, 0x09, 0x73, 0x49,
    0x73, 0x49, 0x6B, 0x29, 0xAD, 0xB4, 0xAD, 0x33, 0xB5, 0x12, 0xA4, 0x90, 0x93, 0xEE, 0x8B, 0xED,
    0x8B, 0xCD, 0x9C, 0x6F, 0xB5, 0x33, 0x8B, 0xCE, 0x51, 0xC5, 0x51, 0xC5, 0x49, 0x83, 0x59, 0xE5,
    0x5A, 0x05, 0x59, 0xE5, 0x5A, 0x05, 0x62, 0x26, 0x6A, 0xA8, 0x6A, 0xE9, 0x62, 0x67, 0x6A, 0xC9,
    0x8B, 0xAB, 0x94, 0x0D, 0x8B, 0xED, 0x83, 0x8B, 0xA4, 0xF2, 0xAD, 0x75, 0xA5, 0x34, 0xC6, 0x7A,
    0xBE, 0x59, 0xB6, 0x19, 0xBE, 0x39, 0xB6, 0x18, 0x4A, 0xAA, 0x21, 0x04, 0x29, 0x66, 0x29, 0x45,
    0x29, 0x46, 0x29, 0x66, 0x31, 0x86, 0x18, 0xC3, 0x08, 0x61, 0x08, 0x62, 0x08, 0x41, 0x08, 0x21,
    0x00, 0x21, 0x00, 0x21, 0x00, 0x21, 0x08, 0x41, 0x10, 0x82, 0x18, 0xA3, 0x29, 0x66, 0x5B, 0x2D,
    0x31, 0xC7, 0x10, 0xA2, 0x18, 0xC2, 0x10, 0x81, 0x10, 0x81, 0x18, 0xA2, 0x18, 0xC2, 0x10, 0x82,
    0x10, 0xA2, 0x10, 0xC3, 0x21, 0x45, 0x31, 0xC7, 0x31, 0xC7, 0x31, 0xE8, 0x3A, 0x6A, 0x53, 0x0C,
    0x63, 0x8F, 0x7C, 0x31, 0x84, 0x31, 0x72, 0xCA, 0x6A, 0x47, 0x82, 0x87, 0x8A, 0xE9, 0x59, 0xE5,
    0x73, 0x6D, 0xAE, 0x19, 0x9D, 0x76, 0x9D, 0x76, 0x9D, 0x76, 0x9D, 0x96, 0x9D, 0x96, 0xA5, 0xB7,
    0xA5, 0xD7, 0xA5, 0x96, 0xA5, 0x76, 0x9D, 0x35, 0x94, 0xF3, 0x94, 0xF3, 0x94, 0xF3, 0x94, 0xD3,
    0x94, 0xD3, 0x94, 0xD2, 0x94, 0x91, 0x94, 0x70, 0x94, 0x70, 0x94, 0x70, 0x94, 0x70, 0x94, 0x70,
    0x94, 0x70, 0x94, 0x50, 0x94, 0x50, 0x9C, 0x70, 0x9C, 0x70, 0x9C, 0x70, 0xA4, 0x70, 0x9C, 0x6F,
    0x9C, 0x6F, 0xA4, 0x6F, 0x9C, 0x6F, 0xA4, 0x6F, 0x9C, 0x6F, 0x9C, 0x4F, 0x9C, 0x4F, 0x9C, 0x4F,
    0x9C, 0x4F, 0x9C, 0x4F, 0x9C, 0x4F, 0x84, 0x0E, 0x73, 0x8D, 0x6B, 0x4C, 0x6B, 0x2B, 0x62, 0xCA,
    0x5A, 0x68, 0x39, 0x85, 0x62, 0xA9, 0x8B, 0xCD, 0x8B, 0xAD, 0x94, 0x0D, 0x94, 0x0D, 0x94, 0x0D,
    0x49, 0xE5, 0x52, 0x06, 0x52, 0x06, 0x52, 0x26, 0x52, 0x26, 0x52, 0x06, 0x52, 0x26, 0x62, 0x67,
    0x6A, 0xC9, 0x7B, 0x4B, 0x83, 0xAC, 0x94, 0x2E, 0x9C, 0x4F, 0x9C, 0x91, 0x5A, 0x68, 0x41, 0xA4,
    0x49, 0xC5, 0x49, 0xC5, 0x49, 0xC5, 0x41, 0xA5, 0x49, 0xE5, 0x6A, 0x88, 0x6B, 0x29, 0x73, 0x29,
    0x6B, 0x29, 0x7B, 0xCB, 0xB5, 0xF6, 0xA4, 0x90, 0xA4, 0x90, 0x94, 0x2F, 0x8B, 0xEE, 0x8B, 0xEE,
    0x8B, 0xED, 0x9C, 0x4F, 0xAC, 0xB1, 0x6A, 0xC9, 0x49, 0xA4, 0x49, 0xA4, 0x51, 0xA4, 0x51, 0xE5,
    0x5A, 0x05, 0x5A, 0x06, 0x5A, 0x06, 0x62, 0x26, 0x72, 0xE9, 0x6A, 0xC8, 0x5A, 0x47, 0x7B, 0x29,
    0x93, 0xEC, 0x94, 0x0D, 0x8B, 0xCC, 0x8B, 0xCD, 0xAD, 0x75, 0xA5, 0x34, 0xAD, 0xB6, 0xC6, 0x7A,
    0xB6, 0x18, 0xBE, 0x39, 0xB5, 0xF8, 0x4A, 0x6A, 0x21, 0x04, 0x31, 0x86, 0x29, 0x46, 0x29, 0x45,
    0x29, 0x46, 0x31, 0x86, 0x18, 0xC3, 0x08, 0x62, 0x10, 0xA3, 0x10, 0x83, 0x10, 0x82, 0x10, 0x82,
    0x10, 0x82, 0x10, 0x82, 0x10, 0x62, 0x10, 0x82, 0x00, 0x20, 0x08, 0x61, 0x21, 0x45, 0x10, 0xA2,
    0x10, 0x82, 0x18, 0xA2, 0x10, 0xA2, 0x10, 0xA2, 0x10, 0x81, 0x18, 0xA2, 0x21, 0x04, 0x29, 0x66,
    0x29, 0x86, 0x29, 0x66, 0x21, 0x65, 0x29, 0x66, 0x31, 0xA7, 0x3A, 0x08, 0x3A, 0x28, 0x3A, 0x49,
    0x42, 0x8B, 0x4B, 0x0C, 0x53, 0x2D, 0x63, 0xD0, 0x7C, 0x52, 0x73, 0xAF, 0x84, 0x72, 0x6B, 0x8D,
    0x73, 0xCF, 0x9D, 0x76, 0x95, 0x14, 0x94, 0xF4, 0x8C, 0xD3, 0x94, 0xF3, 0x94, 0xF4, 0x94, 0xF3,
    0x94, 0xF4, 0x94, 0xD3, 0x8C, 0xB3, 0x94, 0xF3, 0x9D, 0x14, 0x9D, 0x34, 0x9D, 0x34, 0x9D, 0x14,
    0x94, 0xF3, 0x94, 0xB2, 0x8C, 0x91, 0x8C, 0x91, 0x8C, 0x71, 0x8C, 0x71, 0x8C, 0x50, 0x84, 0x50,
    0x84, 0x0F, 0x84, 0x2F, 0x84, 0x2F, 0x84, 0x0F, 0x8C, 0x2F, 0x8C, 0x0F, 0x8C, 0x0F, 0x8C, 0x2F,
    0x8C, 0x2F, 0x94, 0x2F, 0x94, 0x4F, 0x9C, 0x4F, 0x9C, 0x4F, 0x9C, 0x4F, 0x9C, 0x4F, 0x9C, 0x4F,
    0x94, 0x2F, 0x8C, 0x0E, 0x83, 0xEE, 0x7B, 0xAD, 0x73, 0x4C, 0x6B, 0x4C, 0x6B, 0x0B, 0x5A, 0xAA,
    0x52, 0x48, 0x31, 0x65, 0x62, 0xC9, 0x8B, 0xCD, 0x83, 0x8C, 0x93, 0xED, 0x94, 0x0D, 0x94, 0x0D,
    0x49, 0xC5, 0x52, 0x06, 0x51, 0xE5, 0x51, 0xE5, 0x51, 0xE6, 0x52, 0x06, 0x52, 0x06, 0x52, 0x26,
    0x5A, 0x47, 0x5A, 0x47, 0x5A, 0x88, 0x6A, 0xCA, 0x7B, 0x4B, 0x83, 0x8C, 0x5A, 0x47, 0x51, 0xE6,
    0x49, 0xE5, 0x49, 0xC5, 0x41, 0xA5, 0x41, 0x84, 0x5A, 0x26, 0x6A, 0xE9, 0x6B, 0x09, 0x73, 0x29,
    0x6A, 0xE8, 0x8C, 0xB0, 0xB5, 0xB5, 0xAC, 0xD1, 0xA4, 0xB1, 0x94, 0x0E, 0x93, 0xEE, 0x94, 0x2F,
    0x93, 0xEE, 0xA4, 0x90, 0x9C, 0x4F, 0x52, 0x06, 0x51, 0xC4, 0x49, 0x83, 0x51, 0xC5, 0x59, 0xE5,
    0x59, 0xE5, 0x5A, 0x05, 0x5A, 0x05, 0x6A, 0x87, 0x72, 0xE9, 0x62, 0x87, 0x62, 0x67, 0x83, 0x6A,
    0x94, 0x0D, 0x94, 0x0D, 0x83, 0xAC, 0x94, 0x4F, 0xB5, 0x95, 0xA5, 0x13, 0xBE, 0x18, 0xBE, 0x39,
    0xBE, 0x39, 0xAD, 0xD7, 0x42, 0x49, 0x21, 0x04, 0x29, 0x66, 0x29, 0x66, 0x29, 0x66, 0x29, 0x45,
    0x29, 0x66, 0x18, 0xC3, 0x08, 0x41, 0x10, 0x82, 0x10, 0x62, 0x08, 0x62, 0x10, 0x62, 0x08, 0x62,
    0x08, 0x62, 0x08, 0x62, 0x08, 0x62, 0x00, 0x00, 0x19, 0x25, 0x3A, 0x6A, 0x18, 0xE3, 0x10, 0xA2,
    0x18, 0xC2, 0x18, 0xC2, 0x10, 0xA2, 0x10, 0x82, 0x10, 0x81, 0x10, 0x81, 0x10, 0xA2, 0x21, 0x04,
    0x31, 0xA7, 0x3A, 0x08, 0x3A, 0x49, 0x42, 0x6A, 0x3A, 0x29, 0x3A, 0x08, 0x3A, 0x08, 0x3A, 0x08,
    0x3A, 0x08, 0x42, 0x49, 0x42, 0x69, 0x4A, 0xAB, 0x4A, 0xCB, 0x53, 0x2C, 0x53, 0x4D, 0x53, 0x2D,
    0x53, 0x2D, 0x5B, 0x6E, 0x63, 0x8E, 0x63, 0x8E, 0x6B, 0xAE, 0x73, 0xEE, 0x73, 0xEF, 0x84, 0x50,
    0x84, 0x51, 0x84, 0x30, 0x84, 0x71, 0x8C, 0xB2, 0x94, 0xD3, 0x8C, 0xB2, 0x8C, 0xB2, 0x8C, 0xB2,
    0x8C, 0x91, 0x8C, 0x91, 0x8C, 0x91, 0x94, 0xB1, 0x8C, 0x71, 0x8C, 0x71, 0x8C, 0x70, 0x84, 0x30,
    0x84, 0x50, 0x84, 0x30, 0x84, 0x2F, 0x84, 0x0F, 0x7B, 0xEF, 0x7B, 0xEE, 0x7B, 0xCE, 0x73, 0xCE,
    0x7B, 0xCE, 0x7B, 0xCE, 0x7B, 0xEE, 0x7B, 0xEE, 0x7B, 0xEE, 0x7B, 0xEE, 0x7B, 0xEE, 0x73, 0xAD,
    0x73, 0x6C, 0x73, 0x4C, 0x73, 0x4B, 0x6B, 0x2B, 0x6B, 0x2B, 0x6A, 0xEA, 0x5A, 0x89, 0x52, 0x68,
    0x41, 0xE6, 0x31, 0x45, 0x6A, 0xEA, 0x8B, 0xAD, 0x83, 0x8C, 0x8B, 0xAD, 0x94, 0x0D, 0x94, 0x0D,
    0x49, 0xC5, 0x49, 0xC5, 0x49, 0xC5, 0x49, 0xC5, 0x49, 0xC5, 0x49, 0xC5, 0x52, 0x06, 0x5A, 0x47,
    0x5A, 0x88, 0x73, 0x0A, 0x7B, 0x4B, 0x7B, 0x6C, 0x73, 0x4B, 0x5A, 0x67, 0x52, 0x06, 0x5A, 0x67,
    0x62, 0xA8, 0x62, 0x68, 0x52, 0x26, 0x52, 0x06, 0x62, 0x67, 0x62, 0x87, 0x62, 0xC8, 0x6B, 0x29,
    0x62, 0xE8, 0xA5, 0x73, 0xAD, 0x32, 0xA4, 0xB0, 0x9C, 0x4F, 0x8B, 0xCD, 0x83, 0x8C, 0x83, 0x8C,
    0x94, 0x2E, 0xAC, 0xF1, 0x7B, 0x6B, 0x49, 0xC4, 0x51, 0xC4, 0x49, 0x83, 0x51, 0xC4, 0x5A, 0x05,
    0x5A, 0x06, 0x5A, 0x05, 0x5A, 0x05, 0x6A, 0xA8, 0x6A, 0xC8, 0x5A, 0x46, 0x6A, 0x87, 0x8B, 0xAB,
    0x94, 0x0D, 0x8B, 0xED, 0x83, 0xAB, 0xAD, 0x12, 0xAD, 0x75, 0xA5, 0x54, 0xBE, 0x39, 0xBE, 0x39,
    0xAD, 0xB7, 0x3A, 0x08, 0x18, 0xE3, 0x29, 0x45, 0x29, 0x45, 0x29, 0x66, 0x29, 0x65, 0x29, 0x65,
    0x18, 0xC3, 0x08, 0x41, 0x08, 0x62, 0x08, 0x62, 0x08, 0x61, 0x08, 0x62, 0x08, 0x62, 0x08, 0x62,
    0x08, 0x62, 0x08, 0x41, 0x00, 0x00, 0x32, 0x29, 0x4A, 0xEC, 0x18, 0xE3, 0x10, 0xA2, 0x18, 0xA2,
    0x18, 0xC2, 0x18, 0xC3, 0x18, 0xA2, 0x10, 0x82, 0x10, 0x81, 0x10, 0x81, 0x10, 0x61, 0x08, 0x61,
    0x08, 0x41, 0x08, 0x41, 0x08, 0x61, 0x08, 0x61, 0x08, 0x40, 0x08, 0x40, 0x08, 0x41, 0x08, 0x61,
    0x10, 0x61, 0x10, 0xA2, 0x10, 0xA2, 0x10, 0xA2, 0x18, 0xE3, 0x29, 0x45, 0x31, 0xE7, 0x4A, 0xAB,
    0x42, 0x8B, 0x3A, 0x49, 0x3A, 0x29, 0x3A, 0x49, 0x42, 0x6A, 0x4A, 0x8A, 0x52, 0xCB, 0x5B, 0x2D,
    0x63, 0x2C, 0x6B, 0x8D, 0x73, 0xAE, 0x7B, 0xEF, 0x7B, 0xEF, 0x73, 0xCF, 0x7C, 0x0F, 0x7B, 0xCE,
    0x73, 0xAE, 0x7B, 0xCE, 0x84, 0x0F, 0x84, 0x30, 0x84, 0x2F, 0x8C, 0x50, 0x84, 0x0F, 0x84, 0x2F,
    0x84, 0x2F, 0x84, 0x2F, 0x8C, 0x2F, 0x84, 0x2F, 0x84, 0x0F, 0x84, 0x0E, 0x84, 0x0F, 0x84, 0x0F,
    0x84, 0x0F, 0x84, 0x0F, 0x7B, 0xCE, 0x7B, 0xCD, 0x7B, 0xCD, 0x7B, 0xAD, 0x73, 0x8C, 0x73, 0x4B,
    0x6B, 0x4B, 0x7B, 0x8D, 0x7B, 0xAD, 0x7B, 0x6C, 0x73, 0x4C, 0x73, 0x2B, 0x6A, 0xEA, 0x62, 0xCA,
    0x5A, 0x68, 0x52, 0x28, 0x7B, 0x6C, 0x93, 0xED, 0x8B, 0xAD, 0x8B, 0x8C, 0x8B, 0xCD, 0x94, 0x0D,
    0x41, 0x84, 0x49, 0xC5, 0x49, 0xC5, 0x49, 0xA4, 0x49, 0xA4, 0x51, 0xE5, 0x5A, 0x46, 0x5A, 0x67,
    0x62, 0xC9, 0x73, 0x4B, 0x8B, 0xCD, 0x94, 0x0E, 0x9C, 0x50, 0x52, 0x27, 0x39, 0x63, 0x41, 0x84,
    0x41, 0xA5, 0x49, 0xE5, 0x49, 0xE5, 0x49, 0xE5, 0x52, 0x06, 0x5A, 0x87, 0x62, 0xE8, 0x62, 0xE8,
    0x6B, 0x6A, 0xAD, 0xD5, 0xA4, 0xB1, 0x9C, 0x70, 0x94, 0x0E, 0x8B, 0xEE, 0x8B, 0xCD, 0x93, 0xEE,
    0xA4, 0x90, 0xA4, 0x90, 0x62, 0x87, 0x51, 0xC4, 0x49, 0xA4, 0x51, 0xA4, 0x51, 0xC5, 0x5A, 0x06,
    0x5A, 0x05, 0x59, 0xE5, 0x62, 0x46, 0x72, 0xE8, 0x62, 0xA8, 0x5A, 0x46, 0x73, 0x09, 0x8B, 0xCC,
    0x93, 0xEC, 0x8B, 0xCC, 0x8B, 0xCD, 0xB5, 0x95, 0xAD, 0x54, 0xB5, 0xB6, 0xC6, 0x7A, 0xAD, 0x96,
    0x3A, 0x08, 0x18, 0xE3, 0x29, 0x45, 0x29, 0x45, 0x29, 0x45, 0x29, 0x25, 0x29, 0x45, 0x20, 0xE4,
    0x08, 0x41, 0x08, 0x41, 0x08, 0x62, 0x08, 0x61, 0x08, 0x41, 0x08, 0x62, 0x08, 0x61, 0x08, 0x62,
    0x08, 0x21, 0x08, 0x21, 0x53, 0x6E, 0x53, 0x4D, 0x10, 0x81, 0x10, 0x81, 0x10, 0xA2, 0x10, 0xA2,
    0x10, 0xA2, 0x10, 0xA2, 0x10, 0x82, 0x10, 0xA2, 0x10, 0xA2, 0x10, 0xA2, 0x18, 0xA2, 0x18, 0xA2,
    0x10, 0x82, 0x10, 0x81, 0x10, 0x81, 0x10, 0x81, 0x10, 0x61, 0x10, 0x61, 0x08, 0x61, 0x10, 0x61,
    0x10, 0x61, 0x10, 0x81, 0x10, 0x61, 0x08, 0x61, 0x10, 0x81, 0x10, 0x81, 0x08, 0x61, 0x10, 0xA2,
    0x29, 0x66, 0x31, 0xC7, 0x3A, 0x28, 0x3A, 0x08, 0x31, 0xC7, 0x31, 0xE7, 0x31, 0xC7, 0x29, 0xA7,
    0x31, 0xE7, 0x3A, 0x28, 0x42, 0x48, 0x4A, 0x69, 0x52, 0xCB, 0x5B, 0x0C, 0x63, 0x0B, 0x5A, 0xEA,
    0x5A, 0xCA, 0x63, 0x0B, 0x6B, 0x6D, 0x6B, 0x6D, 0x73, 0x8D, 0x6B, 0x4C, 0x73, 0x6C, 0x73, 0xAD,
    0x7B, 0xCD, 0x7B, 0xCD, 0x83, 0xEE, 0x83, 0xEE, 0x83, 0xEE, 0x84, 0x0F, 0x84, 0x0F, 0x84, 0x0F,
    0x84, 0x0F, 0x7B, 0xCD, 0x7B, 0xCD, 0x7B, 0xCD, 0x7B, 0xAD, 0x73, 0x8C, 0x73, 0x6C, 0x73, 0x6C,
    0x73, 0x6C, 0x73, 0x4B, 0x73, 0x2B, 0x6B, 0x0B, 0x6B, 0x0B, 0x73, 0x2B, 0x7B, 0x8D, 0x83, 0xAD,
    0x8B, 0x8D, 0x8B, 0x8C, 0x93, 0x8C, 0x8B, 0x6C, 0x8B, 0x6B, 0x8B, 0x6B, 0x93, 0x8C, 0x93, 0xCD,
    0x41, 0x63, 0x41, 0x84, 0x41, 0x84, 0x41, 0x84, 0x41, 0xA4, 0x52, 0x06, 0x5A, 0x47, 0x6A, 0xA9,
    0x73, 0x2B, 0x7B, 0x6C, 0x8B, 0xCD, 0x8C, 0x0E, 0x73, 0x4B, 0x39, 0x84, 0x41, 0x84, 0x39, 0x84,
    0x41, 0x84, 0x41, 0x84, 0x41, 0x84, 0x49, 0xC5, 0x5A, 0x67, 0x62, 0xE8, 0x6B, 0x08, 0x62, 0xA8,
    0x7C, 0x2E, 0xAD, 0x74, 0x9C, 0x4F, 0x94, 0x0E, 0x94, 0x0E, 0x8B, 0xEE, 0x83, 0xAD, 0x8B, 0xEE,
    0xA4, 0x90, 0x93, 0xEE, 0x51, 0xC5, 0x49, 0xA4, 0x49, 0x83, 0x51, 0xC4, 0x51, 0xE5, 0x5A, 0x05,
    0x5A, 0x05, 0x59, 0xE5, 0x72, 0xA8, 0x72, 0xE8, 0x62, 0x67, 0x5A, 0x67, 0x7B, 0x4A, 0x93, 0xEC,
    0x8B, 0xEC, 0x83, 0x8B, 0x94, 0x4F, 0xB5, 0xB6, 0xAD, 0x54, 0xBE, 0x38, 0xBE, 0x18, 0x5B, 0x0C,
    0x19, 0x04, 0x21, 0x04, 0x21, 0x24, 0x29, 0x45, 0x29, 0x45, 0x29, 0x46, 0x21, 0x04, 0x08, 0x41,
    0x08, 0x41, 0x08, 0x61, 0x08, 0x61, 0x08, 0x41, 0x08, 0x41, 0x08, 0x41, 0x08, 0x62, 0x00, 0x00,
    0x10, 0xC3, 0x6C, 0x32, 0x4A, 0xEC, 0x08, 0x40, 0x10, 0x81, 0x10, 0xA2, 0x10, 0xA2, 0x10, 0xA2,
    0x10, 0xA2, 0x10, 0xA2, 0x10, 0xA2, 0x10, 0xA2, 0x18, 0xA2, 0x18, 0xC2, 0x18, 0xA2, 0x18, 0xA2,
    0x18, 0xA2, 0x10, 0x82, 0x10, 0x82, 0x10, 0x82, 0x10, 0x81, 0x10, 0x81, 0x10, 0x81, 0x10, 0x81,
    0x10, 0x82, 0x10, 0x61, 0x10, 0x61, 0x10, 0x81, 0x10, 0x81, 0x08, 0x61, 0x08, 0x61, 0x08, 0x61,
    0x08, 0x61, 0x10, 0xA2, 0x21, 0x03, 0x31, 0xC6, 0x42, 0x29, 0x42, 0x49, 0x3A, 0x08, 0x3A, 0x08,
    0x31, 0xE7, 0x29, 0x86, 0x29, 0xA6, 0x31, 0xE7, 0x39, 0xE8, 0x31, 0xE7, 0x39, 0xE7, 0x42, 0x28,
    0x42, 0x48, 0x4A, 0x69, 0x52, 0xAA, 0x5A, 0xCA, 0x52, 0xAA, 0x5A, 0xAA, 0x5A, 0xCA, 0x62, 0xEA,
    0x6B, 0x2B, 0x6B, 0x4B, 0x6B, 0x4B, 0x73, 0x6C, 0x73, 0x8C, 0x7B, 0xAD, 0x7B, 0x8C, 0x7B, 0xCD,
    0x7B, 0xAD, 0x7B, 0xCD, 0x83, 0xAD, 0x83, 0x6C, 0x7B, 0x4B, 0x7B, 0x6C, 0x83, 0xCD, 0x83, 0xCD,
    0x83, 0xCD, 0x83, 0xCE, 0x83, 0x8D, 0x7B, 0x6C, 0x73, 0x0B, 0x73, 0x0A, 0x7B, 0x4C, 0x7B, 0x2B,
    0x8B, 0x6C, 0x8B, 0x6B, 0x8B, 0x4B, 0x8B, 0x4B, 0x93, 0x6B, 0x93, 0x6C, 0x93, 0x8C, 0x9B, 0xCD,
    0x41, 0x84, 0x41, 0x64, 0x41, 0x84, 0x39, 0x64, 0x41, 0xA4, 0x52, 0x06, 0x5A, 0x47, 0x62, 0xC9,
    0x6B, 0x0B, 0x83, 0xAD, 0x83, 0xCD, 0x8C, 0x0F, 0x52, 0x48, 0x39, 0x44, 0x39, 0x84, 0x39, 0x84,
    0x41, 0x85, 0x39, 0x84, 0x39, 0x64, 0x5A, 0x27, 0x62, 0xA8, 0x6B, 0x29, 0x6B, 0x09, 0x62, 0xC8,
    0x9D, 0x52, 0xAD, 0x13, 0xA4, 0x6F, 0x9C, 0x4F, 0x9C, 0x2F, 0x8B, 0xED, 0x8B, 0xEE, 0x94, 0x0E,
    0xA4, 0x6F, 0x73, 0x0A, 0x51, 0xC5, 0x49, 0xA4, 0x49, 0x83, 0x51, 0xC4, 0x51, 0xE5, 0x51, 0xE5,
    0x59, 0xE5, 0x5A, 0x05, 0x72, 0xC8, 0x6A, 0xC8, 0x5A, 0x46, 0x6A, 0x88, 0x83, 0x8B, 0x93, 0xEC,
    0x8B, 0xCC, 0x83, 0x8B, 0xA4, 0xF2, 0xB5, 0x95, 0xB5, 0xD7, 0xB5, 0xB6, 0x83, 0xAC, 0x94, 0x70,
    0x84, 0x2F, 0x5A, 0xEC, 0x31, 0xC7, 0x21, 0x25, 0x21, 0x04, 0x18, 0xC4, 0x08, 0x41, 0x08, 0x41,
    0x08, 0x61, 0x08, 0x61, 0x08, 0x61, 0x08, 0x61, 0x08, 0x61, 0x08, 0x41, 0x00, 0x00, 0x21, 0x66,
    0x74, 0x93, 0x4A, 0xEC, 0x08, 0x40, 0x18, 0xC2, 0x10, 0xA2, 0x18, 0xC2, 0x18, 0xC2, 0x18, 0xC2,
    0x18, 0xC2, 0x18, 0xE3, 0x18, 0xC2, 0x18, 0xC2, 0x18, 0xC3, 0x18, 0xC2, 0x18, 0xC2, 0x18, 0xA2,
    0x10, 0xA2, 0x10, 0x82, 0x10, 0x81, 0x10, 0x81, 0x10, 0x81, 0x10, 0x82, 0x10, 0x81, 0x10, 0x81,
    0x10, 0x61, 0x10, 0x61, 0x10, 0x81, 0x10, 0x81, 0x08, 0x61, 0x08, 0x61, 0x08, 0x61, 0x08, 0x41,
    0x08, 0x41, 0x08, 0x61, 0x10, 0x61, 0x10, 0x82, 0x10, 0xA2, 0x19, 0x03, 0x31, 0x86, 0x42, 0x28,
    0x42, 0x28, 0x3A, 0x28, 0x42, 0x28, 0x39, 0xE8, 0x31, 0xA6, 0x31, 0xA6, 0x29, 0x86, 0x31, 0xA6,
    0x39, 0xC7, 0x31, 0xA6, 0x31, 0xA6, 0x39, 0xE7, 0x3A, 0x07, 0x42, 0x07, 0x42, 0x27, 0x4A, 0x48,
    0x52, 0x89, 0x5A, 0xA9, 0x5A, 0xA9, 0x62, 0xEA, 0x62, 0xEA, 0x62, 0xEA, 0x6B, 0x0A, 0x6B, 0x2B,
    0x73, 0x4C, 0x6A, 0xA8, 0x51, 0x84, 0x6A, 0x26, 0x93, 0x0A, 0x93, 0x8C, 0x8B, 0x8C, 0x83, 0x2B,
    0x7A, 0xEA, 0x72, 0xA8, 0x72, 0xC9, 0x83, 0x2A, 0x8B, 0x6C, 0x8B, 0x6B, 0x93, 0x8C, 0x93, 0x8C,
    0x93, 0x8B, 0x93, 0x6B, 0x8B, 0x6B, 0x93, 0x6B, 0x93, 0x8C, 0x93, 0x8C, 0x93, 0xAC, 0x93, 0xAC,
    0x41, 0xA5, 0x39, 0xA5, 0x41, 0xA6, 0x41, 0x85, 0x41, 0xA5, 0x52, 0x06, 0x5A, 0x68, 0x62, 0xCA,
    0x6B, 0x0B, 0x83, 0xCE, 0x83, 0xCE, 0x83, 0xAE, 0x41, 0xC6, 0x39, 0x85, 0x39, 0x85, 0x39, 0x85,
    0x41, 0xA5, 0x39, 0x84, 0x41, 0xA5, 0x52, 0x48, 0x73, 0xAE, 0x63, 0x8D, 0x5B, 0x2B, 0x52, 0xEA,
    0x6B, 0xAE, 0x73, 0x8D, 0x7B, 0xAD, 0x83, 0xCE, 0x83, 0xCE, 0x8B, 0xCD, 0x8B, 0xEE, 0x9C, 0x4F,
    0x9C, 0x2F, 0x5A, 0x47, 0x51, 0xA4, 0x49, 0x63, 0x49, 0x83, 0x51, 0xC4, 0x51, 0xC5, 0x59, 0xE6,
    0x5A, 0x05, 0x62, 0x47, 0x72, 0xE9, 0x62, 0x88, 0x5A, 0x26, 0x72, 0xE9, 0x8B, 0xAC, 0x8B, 0xEC,
    0x8B, 0xAC, 0x8B, 0xCD, 0xB5, 0x95, 0xAD, 0x54, 0xC6, 0x38, 0x9C, 0xD2, 0x8B, 0xCC, 0x94, 0x2E,
    0x9C, 0x6E, 0xAC, 0xD0, 0x94, 0x70, 0x63, 0x2C, 0x52, 0x8A, 0x21, 0x04, 0x10, 0x82, 0x08, 0x61,
    0x08, 0x20, 0x00, 0x00, 0x00, 0x00, 0x00, 0x00, 0x00, 0x00, 0x00, 0x00, 0x3A, 0x6A, 0x74, 0xB3,
    0x29, 0xA6, 0x08, 0x20, 0x10, 0xA2, 0x10, 0xA2, 0x10, 0xA2, 0x10, 0xA2, 0x10, 0xA2, 0x18, 0xA2,
    0x10, 0xA2, 0x10, 0xA2, 0x10, 0xA2, 0x10, 0xA2, 0x10, 0xA2, 0x10, 0x82, 0x10, 0x82, 0x10, 0x82,
    0x10, 0x81, 0x10, 0x81, 0x10, 0x81, 0x10, 0x81, 0x10, 0x81, 0x10, 0x81, 0x10, 0x81, 0x10, 0x81,
    0x10, 0x61, 0x10, 0x81, 0x10, 0x82, 0x10, 0x61, 0x10, 0x61, 0x08, 0x61, 0x08, 0x61, 0x08, 0x61,
    0x08, 0x61, 0x08, 0x41, 0x08, 0x41, 0x08, 0x61, 0x08, 0x61, 0x08, 0x61, 0x10, 0x81, 0x10, 0xA2,
    0x21, 0x04, 0x29, 0x65, 0x31, 0xA6, 0x39, 0xE7, 0x39, 0xE7, 0x3A, 0x07, 0x3A, 0x08, 0x3A, 0x08,
    0x39, 0xC7, 0x31, 0xC6, 0x31, 0xC7, 0x39, 0xC7, 0x31, 0xC7, 0x31, 0xC6, 0x31, 0xA6, 0x31, 0xA6,
    0x39, 0xC7, 0x39, 0xE7, 0x42, 0x07, 0x42, 0x08, 0x42, 0x07, 0x4A, 0x28, 0x5A, 0x88, 0x72, 0xEA,
    0x72, 0x88, 0x59, 0xC4, 0x7A, 0xE9, 0x8B, 0x2A, 0x7A, 0x87, 0x6A, 0x26, 0x61, 0xE5, 0x72, 0x46,
    0x7A, 0x87, 0x8A, 0xC8, 0x8B, 0x09, 0x93, 0x2A, 0x93, 0x2A, 0x93, 0x6B, 0x93, 0x6B, 0x93, 0x6B,
    0x93, 0x8C, 0x93, 0xAC, 0x9B, 0xAC, 0x9B, 0xAC, 0x93, 0xAC, 0x93, 0x8C, 0x93, 0xAC, 0x9B, 0xAC,
    0x39, 0x85, 0x39, 0x85, 0x39, 0x85, 0x41, 0xA5, 0x49, 0xE6, 0x4A, 0x06, 0x5A, 0x88, 0x6A, 0xEB,
    0x6B, 0x2C, 0x7B, 0x8D, 0x83, 0xEF, 0x62, 0xEB, 0x31, 0x65, 0x39, 0xA6, 0x39, 0x85, 0x39, 0xA5,
    0x39, 0x85, 0x41, 0xA5, 0x29, 0x44, 0x18, 0xC2, 0x31, 0xC7, 0x3A, 0x08, 0x31, 0xE8, 0x31, 0xE8,
    0x29, 0xC7, 0x29, 0xC7, 0x29, 0xE7, 0x32, 0x29, 0x3A, 0x6A, 0x42, 0x8A, 0x42, 0xAB, 0x52, 0xCB,
    0x5A, 0xEB, 0x4A, 0x69, 0x4A, 0x48, 0x4A, 0x06, 0x52, 0x27, 0x5A, 0x27, 0x5A, 0x06, 0x5A, 0x06,
    0x59, 0xE6, 0x72, 0xA8, 0x72, 0xE9, 0x62, 0x67, 0x5A, 0x47, 0x7B, 0x4A, 0x8B, 0xCC, 0x8B, 0xEC,
    0x83, 0x8B, 0x94, 0x4F, 0xB5, 0x95, 0xAD, 0x54, 0xC6, 0x38, 0x8C, 0x0E, 0x93, 0xED, 0x94, 0x2E,
    0x9C, 0x4E, 0xA4, 0x6F, 0x9C, 0x4E, 0x7B, 0x8C, 0x94, 0x70, 0x8C, 0x0E, 0x83, 0xCE, 0x7B, 0x8D,
    0x73, 0x4B, 0x62, 0xEA, 0x5A, 0xA9, 0x4A, 0x28, 0x39, 0xA6, 0x53, 0x0D, 0x64, 0x11, 0x21, 0x66,
    0x08, 0x20, 0x10, 0x81, 0x10, 0x81, 0x10, 0xA2, 0x10, 0x82, 0x10, 0x82, 0x10, 0x81, 0x10, 0x62,
    0x10, 0x81, 0x10, 0x81, 0x10, 0x82, 0x10, 0x81, 0x10, 0x81, 0x10, 0x81, 0x10, 0x81, 0x10, 0x61,
    0x10, 0x61, 0x10, 0x81, 0x10, 0x81, 0x10, 0x61, 0x10, 0x61, 0x10, 0x61, 0x10, 0x61, 0x10, 0x61,
    0x10, 0x61, 0x10, 0x81, 0x10, 0x82, 0x10, 0x61, 0x10, 0x61, 0x08, 0x61, 0x08, 0x61, 0x10, 0x61,
    0x10, 0x61, 0x08, 0x61, 0x08, 0x61, 0x08, 0x61, 0x08, 0x61, 0x08, 0x61, 0x08, 0x61, 0x08, 0x61,
    0x10, 0xA2, 0x18, 0xC3, 0x18, 0xE3, 0x19, 0x04, 0x21, 0x04, 0x29, 0x45, 0x31, 0xA7, 0x31, 0xC7,
    0x31, 0xA6, 0x31, 0xC6, 0x31, 0x85, 0x31, 0x85, 0x31, 0xA6, 0x31, 0xA6, 0x31, 0xA6, 0x31, 0x85,
    0x29, 0x45, 0x31, 0x85, 0x49, 0xE6, 0x4A, 0x06, 0x5A, 0x47, 0x52, 0x27, 0x7B, 0x0A, 0x93, 0x4A,
    0x8B, 0x2A, 0x7A, 0xC8, 0x7A, 0xA8, 0x72, 0x46, 0x6A, 0x05, 0x7A, 0xA8, 0x8B, 0x09, 0x9B, 0x4A,
    0x9B, 0x6A, 0x9B, 0x6A, 0x9B, 0x4A, 0x9B, 0x6B, 0x9B, 0x8B, 0x9B, 0xAC, 0x9B, 0xAC, 0x9B, 0x8C,
    0x9B, 0xAC, 0x9B, 0xAC, 0x9B, 0x8C, 0x93, 0x8B, 0x93, 0x8C, 0x9B, 0xAC, 0x9B, 0xCC, 0x9B, 0xCD,
    0x39, 0x85, 0x39, 0xA5, 0x39, 0xA5, 0x41, 0xC6, 0x49, 0xE6, 0x4A, 0x07, 0x62, 0xA9, 0x73, 0x4B,
    0x7B, 0x8D, 0x83, 0xCE, 0x83, 0xAE, 0x4A, 0x07, 0x39, 0x85, 0x39, 0xA6, 0x39, 0xA5, 0x39, 0xA5,
    0x41, 0xC6, 0x21, 0x23, 0x08, 0x81, 0x10, 0x81, 0x18, 0xC2, 0x21, 0x03, 0x21, 0x44, 0x21, 0x44,
    0x21, 0x65, 0x21, 0x65, 0x21, 0x65, 0x21, 0x86, 0x29, 0xC7, 0x29, 0xC8, 0x29, 0xE8, 0x21, 0xC8,
    0x21, 0xC8, 0x2A, 0x08, 0x2A, 0x08, 0x32, 0x29, 0x32, 0x49, 0x3A, 0x6A, 0x42, 0x8A, 0x4A, 0x8A,
    0x4A, 0x8A, 0x62, 0xEB, 0x62, 0xEA, 0x5A, 0x89, 0x62, 0xC9, 0x8B, 0x8C, 0x94, 0x0D, 0x94, 0x0D,
    0x93, 0xEC, 0xB5, 0x53, 0xB5, 0x74, 0xB5, 0xB6, 0xB5, 0xB5, 0x83, 0xAC, 0x94, 0x2D, 0x9C, 0x2E,
    0x9C, 0x6E, 0x9C, 0x6F, 0xA4, 0xAF, 0x9C, 0x8F, 0x83, 0xCD, 0x83, 0xEE, 0x8C, 0x0E, 0x8C, 0x0E,
    0x8C, 0x0E, 0x8C, 0x2F, 0x8C, 0x2E, 0x94, 0x50, 0x84, 0xB3, 0x4B, 0x4E, 0x3A, 0x8B, 0x21, 0x66,
    0x10, 0xA2, 0x10, 0x81, 0x10, 0x81, 0x10, 0x82, 0x10, 0x81, 0x10, 0x81, 0x10, 0x81, 0x10, 0x82,
    0x10, 0x81, 0x10, 0x81, 0x10, 0x81, 0x10, 0x81, 0x10, 0x81, 0x10, 0x81, 0x10, 0x81, 0x10, 0x81,
    0x08, 0x62, 0x10, 0x61, 0x10, 0x81, 0x10, 0x81, 0x10, 0x81, 0x10, 0x61, 0x10, 0x61, 0x08, 0x62,
    0x10, 0x81, 0x10, 0x61, 0x08, 0x61, 0x08, 0x61, 0x08, 0x61, 0x08, 0x61, 0x08, 0x61, 0x08, 0x61,
    0x08, 0x61, 0x08, 0x61, 0x08, 0x61, 0x08, 0x61, 0x08, 0x61, 0x08, 0x61, 0x08, 0x61, 0x08, 0x41,
    0x08, 0x41, 0x08, 0x41, 0x08, 0x20, 0x08, 0x20, 0x08, 0x20, 0x08, 0x20, 0x08, 0x40, 0x08, 0x40,
    0x08, 0x41, 0x18, 0xA2, 0x29, 0x44, 0x21, 0x24, 0x21, 0x45, 0x21, 0x24, 0x21, 0x24, 0x29, 0x65,
    0x31, 0x65, 0x39, 0xC6, 0x5A, 0x67, 0x7B, 0x09, 0x7B, 0x08, 0x93, 0xAB, 0xA4, 0x0D, 0x93, 0x8B,
    0x82, 0xE8, 0x7A, 0xA8, 0x7A, 0x87, 0x82, 0xC8, 0x93, 0x4A, 0xA3, 0x8B, 0xA3, 0x8B, 0x9B, 0x6A,
    0x9B, 0x6A, 0x9B, 0x6A, 0x9B, 0xAB, 0xA3, 0xAC, 0x9B, 0xAC, 0x9B, 0xAC, 0x9B, 0xAC, 0x9B, 0xAC,
    0x9B, 0xAC, 0x9B, 0xAC, 0x9B, 0xAC, 0x9B, 0x8C, 0x9B, 0xAC, 0x9B, 0xAC, 0x93, 0x8B, 0x93, 0x8B,
    0x31, 0x44, 0x31, 0x44, 0x31, 0x44, 0x39, 0xA5, 0x41, 0xE6, 0x49, 0xE6, 0x52, 0x48, 0x5A, 0xA9,
    0x62, 0xEA, 0x6B, 0x2C, 0x62, 0xCA, 0x39, 0x85, 0x39, 0xA6, 0x39, 0xA5, 0x39, 0x85, 0x41, 0xC6,
    0x31, 0x45, 0x31, 0x64, 0x5A, 0x88, 0x39, 0x84, 0x08, 0x61, 0x10, 0x81, 0x18, 0xE3, 0x18, 0xE3,
    0x10, 0xE3, 0x18, 0xE4, 0x19, 0x04, 0x19, 0x24, 0x19, 0x45, 0x21, 0x65, 0x21, 0x66, 0x21, 0x66,
    0x21, 0x86, 0x21, 0x86, 0x21, 0x86, 0x21, 0x86, 0x21, 0xA6, 0x29, 0xC7, 0x29, 0xE8, 0x29, 0xE8,
    0x2A, 0x08, 0x2A, 0x09, 0x2A, 0x29, 0x32, 0x4A, 0x3A, 0x6A, 0x42, 0x8A, 0x52, 0xCB, 0x5B, 0x0C,
    0x6B, 0x6D, 0x8C, 0x71, 0x94, 0xB2, 0xB5, 0x96, 0x9C, 0xB1, 0x94, 0x2E, 0xA4, 0x8F, 0xA4, 0x8F,
    0xA4, 0xAF, 0xA4, 0xAF, 0xAC, 0xB0, 0x8C, 0x0E, 0x83, 0xCD, 0x83, 0xEE, 0x83, 0xCE, 0x83, 0xCD,
    0x83, 0xCE, 0x7B, 0xAD, 0x83, 0xEE, 0x74, 0x31, 0x3A, 0x8B, 0x3A, 0x8B, 0x32, 0x29, 0x19, 0x04,
    0x10, 0xA2, 0x10, 0x81, 0x10, 0x81, 0x10, 0x81, 0x10, 0x81, 0x10, 0x82, 0x10, 0x82, 0x10, 0x81,
    0x10, 0x81, 0x10, 0x81, 0x10, 0x81, 0x10, 0x81, 0x10, 0x81, 0x10, 0x81, 0x10, 0x81, 0x10, 0x61,
    0x10, 0x82, 0x08, 0x61, 0x08, 0x40, 0x08, 0x41, 0x08, 0x41, 0x08, 0x41, 0x08, 0x41, 0x08, 0x41,
    0x08, 0x61, 0x08, 0x61, 0x08, 0x61, 0x08, 0x61, 0x08, 0x61, 0x08, 0x61, 0x08, 0x61, 0x08, 0x61,
    0x08, 0x61, 0x10, 0x61, 0x08, 0x61, 0x10, 0x61, 0x10, 0x61, 0x08, 0x61, 0x08, 0x61, 0x08, 0x41,
    0x08, 0x41, 0x08, 0x61, 0x08, 0x61, 0x08, 0x61, 0x08, 0x41, 0x08, 0x41, 0x08, 0x40, 0x08, 0x40,
    0x08, 0x40, 0x08, 0x40, 0x10, 0x82, 0x18, 0xE3, 0x10, 0x82, 0x08, 0x61, 0x31, 0x65, 0x39, 0x85,
    0x41, 0xA5, 0x72, 0xC8, 0x72, 0xC8, 0x62, 0x46, 0x8B, 0x6B, 0x9B, 0xAC, 0x82, 0xC8, 0x7A, 0x87,
    0x72, 0x47, 0x72, 0x67, 0x8B, 0x09, 0x9B, 0x8B, 0xA3, 0xAB, 0xA3, 0xCC, 0xA3, 0xCC, 0xA3, 0xCC,
    0xA3, 0xCC, 0xA3, 0xCC, 0xA3, 0xCC, 0x9B, 0xAC, 0xA3, 0xAC, 0xA3, 0xAC, 0x9B, 0xAC, 0x9B, 0xAC,
    0x9B, 0x8B, 0x93, 0x8B, 0x9B, 0x8C, 0x9B, 0xAC, 0x9B, 0xAC, 0x9B, 0xAC, 0x9B, 0x8C, 0x9B, 0xAC,
    0x42, 0x28, 0x39, 0xE7, 0x39, 0xE7, 0x41, 0xE7, 0x49, 0xE7, 0x52, 0x48, 0x62, 0xAA, 0x6B, 0x2B,
    0x73, 0x4C, 0x6B, 0x4C, 0x41, 0xE7, 0x39, 0xA6, 0x4A, 0x07, 0x49, 0xE7, 0x41, 0xC6, 0x39, 0x85,
    0x5A, 0x47, 0xB4, 0x2C, 0xC4, 0x6C, 0xB4, 0x2C, 0x72, 0xC9, 0x18, 0xC3, 0x08, 0x82, 0x10, 0xA2,
    0x10, 0xA2, 0x10, 0xA2, 0x10, 0xC3, 0x10, 0xC3, 0x10, 0xE3, 0x10, 0xE4, 0x19, 0x04, 0x19, 0x25,
    0x21, 0x66, 0x19, 0x45, 0x19, 0x24, 0x19, 0x24, 0x11, 0x04, 0x19, 0x24, 0x19, 0x65, 0x21, 0x66,
    0x21, 0x86, 0x21, 0x86, 0x21, 0xA6, 0x21, 0xA7, 0x21, 0xA7, 0x21, 0xA7, 0x21, 0xC7, 0x21, 0xC8,
    0x29, 0xE8, 0x29, 0xE8, 0x2A, 0x08, 0x3A, 0x49, 0x3A, 0x6A, 0x4A, 0xCB, 0x5B, 0x0C, 0x6B, 0x6D,
    0x7B, 0xAE, 0x83, 0xEE, 0x8C, 0x2F, 0x83, 0xCE, 0x83, 0xEE, 0x83, 0xEE, 0x83, 0xEE, 0x83, 0xEE,
    0x83, 0xCD, 0x8C, 0x0F, 0x6B, 0xAE, 0x32, 0x4A, 0x53, 0x4D, 0x42, 0x8B, 0x08, 0x61, 0x21, 0x24,
    0x18, 0xC2, 0x10, 0x61, 0x10, 0x81, 0x10, 0x81, 0x10, 0x82, 0x10, 0xA2, 0x10, 0xA2, 0x10, 0xA2,
    0x10, 0xA2, 0x10, 0xA2, 0x10, 0x82, 0x10, 0x81, 0x10, 0x61, 0x08, 0x41, 0x08, 0x41, 0x10, 0x81,
    0x08, 0x40, 0x10, 0x81, 0x31, 0x86, 0x62, 0xCA, 0x52, 0x48, 0x39, 0xA6, 0x31, 0x45, 0x21, 0x03,
    0x10, 0x82, 0x08, 0x41, 0x00, 0x20, 0x08, 0x41, 0x08, 0x61, 0x08, 0x61, 0x08, 0x61, 0x08, 0x61,
    0x08, 0x61, 0x08, 0x61, 0x08, 0x61, 0x08, 0x61, 0x08, 0x61, 0x08, 0x61, 0x08, 0x61, 0x08, 0x61,
    0x08, 0x61, 0x08, 0x60, 0x08, 0x61, 0x08, 0x61, 0x08, 0x41, 0x08, 0x41, 0x08, 0x41, 0x08, 0x41,
    0x08, 0x41, 0x10, 0xA2, 0x10, 0xC3, 0x08, 0x61, 0x00, 0x41, 0x08, 0x82, 0x10, 0xA3, 0x29, 0x44,
    0x72, 0xC8, 0x62, 0x26, 0x51, 0xC4, 0x72, 0x87, 0x9B, 0xCD, 0x72, 0x88, 0x6A, 0x26, 0x72, 0x67,
    0x7A, 0xC9, 0x8B, 0x2A, 0xA3, 0xAC, 0xA3, 0xCD, 0xAB, 0xED, 0xA3, 0xCC, 0xA3, 0xCC, 0xA3, 0xCC,
    0xA3, 0xCC, 0xA3, 0xCC, 0x9B, 0xAC, 0x9B, 0xAC, 0x9B, 0xAC, 0x9B, 0x8B, 0x9B, 0x6B, 0x9B, 0x6B,
    0x9B, 0xAC, 0xA3, 0xCC, 0xA3, 0xCC, 0xA3, 0xCC, 0x9B, 0xCC, 0x9B, 0xAC, 0x9B, 0x8C, 0x9B, 0xAC,
    0x42, 0x69, 0x42, 0x8A, 0x4A, 0xAA, 0x4A, 0xAA, 0x42, 0x8A, 0x42, 0x69, 0x4A, 0x89, 0x5A, 0xEB,
    0x73, 0x6D, 0x73, 0x4D, 0x41, 0xC6, 0x41, 0xC6, 0x49, 0xE6, 0x41, 0xA5, 0x39, 0x85, 0x5A, 0x67,
    0xB4, 0x2B, 0xBC, 0x4C, 0xA3, 0xAB, 0xB4, 0x2D, 0xB4, 0x4D, 0x8B, 0x8B, 0x10, 0x82, 0x08, 0x41,
    0x10, 0x61, 0x08, 0x61, 0x10, 0x61, 0x10, 0x82, 0x10, 0x82, 0x10, 0x82, 0x10, 0xA2, 0x10, 0xC3,
    0x18, 0xE3, 0x08, 0xA2, 0x00, 0x61, 0x21, 0x24, 0x39, 0xA6, 0x19, 0x03, 0x08, 0xA2, 0x10, 0xE4,
    0x19, 0x24, 0x19, 0x25, 0x19, 0x65, 0x21, 0x86, 0x21, 0x86, 0x21, 0x86, 0x21, 0x86, 0x21, 0x86,
    0x21, 0x86, 0x21, 0xA7, 0x21, 0xA7, 0x21, 0xA7, 0x21, 0xA7, 0x21, 0xC7, 0x21, 0xC8, 0x29, 0xE8,
    0x29, 0xE8, 0x2A, 0x09, 0x32, 0x29, 0x3A, 0x6A, 0x42, 0xAB, 0x52, 0xEC, 0x5B, 0x2C, 0x63, 0x4D,
    0x73, 0x8E, 0x5B, 0x0C, 0x32, 0x09, 0x5B, 0x6E, 0x3A, 0x49, 0x08, 0x61, 0x10, 0x82, 0x29, 0x65,
    0x18, 0xC2, 0x10, 0x82, 0x10, 0x61, 0x10, 0x61, 0x10, 0x81, 0x10, 0xA2, 0x18, 0xA2, 0x18, 0xC2,
    0x10, 0x82, 0x10, 0x61, 0x10, 0x61, 0x10, 0x81, 0x20, 0xE3, 0x29, 0x65, 0x29, 0x45, 0x18, 0xC2,
    0x29, 0x65, 0x52, 0x89, 0x7B, 0x8D, 0x73, 0x4C, 0x52, 0x48, 0x39, 0x64, 0x49, 0xC5, 0x41, 0xA5,
    0x41, 0xC5, 0x4A, 0x28, 0x31, 0x86, 0x10, 0x81, 0x00, 0x20, 0x08, 0x41, 0x08, 0x41, 0x08, 0x61,
    0x08, 0x61, 0x08, 0x41, 0x08, 0x61, 0x08, 0x61, 0x08, 0x41, 0x08, 0x41, 0x08, 0x40, 0x08, 0x41,
    0x08, 0x41, 0x08, 0x41, 0x08, 0x41, 0x08, 0x41, 0x08, 0x41, 0x08, 0x41, 0x08, 0x41, 0x08, 0x41,
    0x18, 0xE3, 0x10, 0xC3, 0x08, 0x41, 0x08, 0x62, 0x10, 0xC3, 0x18, 0xE3, 0x29, 0x45, 0x62, 0x87,
    0x6A, 0x66, 0x72, 0x67, 0x7A, 0xA8, 0x59, 0xE6, 0x51, 0x84, 0x82, 0xE9, 0x8B, 0x4B, 0x7B, 0x4B,
    0x6A, 0xC9, 0x7B, 0x2B, 0x83, 0x4B, 0x9B, 0x8C, 0xAB, 0xED, 0xAB, 0xED, 0xA3, 0xCC, 0xA3, 0xAC,
    0x9B, 0xAC, 0x9B, 0xAC, 0x9B, 0x6B, 0x9B, 0x8B, 0x9B, 0x6B, 0x9B, 0x6B, 0x9B, 0xAC, 0xA3, 0xCD,
    0xA3, 0xCC, 0x9B, 0xAC, 0x9B, 0x8B, 0x9B, 0x8B, 0x9B, 0x6B, 0x93, 0x6B, 0x93, 0x8B, 0x93, 0x6B,
    0x3A, 0x29, 0x3A, 0x49, 0x3A, 0x49, 0x3A, 0x28, 0x3A, 0x49, 0x3A, 0x29, 0x3A, 0x28, 0x3A, 0x28,
    0x3A, 0x28, 0x3A, 0x29, 0x3A, 0x08, 0x39, 0xE7, 0x39, 0xA5, 0x41, 0xC6, 0x72, 0xA8, 0xA3, 0x8A,
    0xBC, 0x2C, 0xA3, 0xCC, 0x9B, 0x8B, 0x9B, 0xAC, 0xAC, 0x0D, 0xB4, 0x4D, 0x62, 0x68, 0x00, 0x40,
    0x00, 0x40, 0x08, 0x41, 0x08, 0x61, 0x08, 0x61, 0x10, 0x61, 0x10, 0x61, 0x08, 0x41, 0x08, 0x41,
    0x00, 0x20, 0x31, 0x43, 0x83, 0x29, 0xA3, 0xCB, 0xA3, 0xCB, 0x83, 0x08, 0x18, 0xC3, 0x08, 0x82,
    0x10, 0xA2, 0x10, 0xC3, 0x10, 0xC3, 0x19, 0x04, 0x19, 0x04, 0x19, 0x04, 0x19, 0x24, 0x19, 0x45,
    0x19, 0x45, 0x19, 0x45, 0x19, 0x45, 0x19, 0x66, 0x19, 0x66, 0x21, 0x86, 0x21, 0x86, 0x21, 0xA7,
    0x21, 0xA7, 0x21, 0xC7, 0x21, 0xC7, 0x21, 0xC8, 0x29, 0xE8, 0x2A, 0x09, 0x32, 0x4A, 0x32, 0x4A,
    0x32, 0x2A, 0x32, 0x09, 0x31, 0xE8, 0x3A, 0x08, 0x29, 0xA6, 0x10, 0x82, 0x18, 0xA2, 0x29, 0x24,
    0x18, 0xE3, 0x10, 0xA2, 0x08, 0x61, 0x08, 0x61, 0x10, 0x61, 0x10, 0x82, 0x10, 0x81, 0x08, 0x40,
    0x08, 0x41, 0x21, 0x04, 0x39, 0xE7, 0x4A, 0x49, 0x4A, 0x48, 0x73, 0x6D, 0x73, 0x6E, 0x52, 0xAB,
    0x6B, 0x2C, 0x7B, 0x8D, 0x73, 0x6C, 0x62, 0xA9, 0x29, 0x03, 0x20, 0xA1, 0x39, 0x64, 0x41, 0x85,
    0x31, 0x23, 0x31, 0x23, 0x41, 0xC6, 0x4A, 0x48, 0x29, 0x44, 0x08, 0x40, 0x08, 0x41, 0x08, 0x41,
    0x08, 0x41, 0x08, 0x41, 0x08, 0x41, 0x08, 0x41, 0x08, 0x41, 0x08, 0x41, 0x08, 0x41, 0x08, 0x41,
    0x08, 0x41, 0x08, 0x41, 0x08, 0x41, 0x08, 0x41, 0x08, 0x61, 0x08, 0x41, 0x00, 0x20, 0x08, 0x82,
    0x10, 0x83, 0x08, 0x62, 0x10, 0xC3, 0x10, 0xE3, 0x08, 0x82, 0x10, 0xC3, 0x31, 0x65, 0x5A, 0x26,
    0x82, 0xC8, 0x6A, 0x46, 0x28, 0xC2, 0x39, 0x44, 0x7A, 0xE9, 0x8B, 0x4B, 0x83, 0x8C, 0x73, 0x2B,
    0x83, 0x8C, 0x7B, 0x6B, 0x73, 0x0A, 0x6A, 0xEA, 0x7B, 0x2A, 0x9B, 0xAC, 0xA3, 0xCC, 0xA3, 0xAC,
    0x9B, 0x8C, 0x9B, 0xAC, 0x9B, 0x8B, 0x9B, 0x6B, 0x9B, 0x8C, 0x9B, 0xAC, 0x9B, 0xAC, 0x9B, 0x8B,
    0x93, 0x4B, 0x93, 0x6B, 0x93, 0x4B, 0x93, 0x4A, 0x93, 0x4A, 0x93, 0x6B, 0x93, 0x2A, 0x8A, 0xCA,
    0x84, 0x0F, 0x84, 0x30, 0x8C, 0x30, 0x8C, 0x30, 0x83, 0xF0, 0x7B, 0xCF, 0x73, 0xAE, 0x6B, 0x4D,
    0x63, 0x2C, 0x5A, 0xEB, 0x52, 0xAB, 0x52, 0xAB, 0x42, 0x69, 0x83, 0x4B, 0xAB, 0xAA, 0xB3, 0xEB,
    0xB4, 0x2D, 0x8A, 0xE9, 0x8B, 0x09, 0x9B, 0x6B, 0x9B, 0x8B, 0xAB, 0xEC, 0x93, 0x8B, 0x62, 0x88,
    0x31, 0x85, 0x08, 0x61, 0x08, 0x61, 0x08, 0x61, 0x08, 0x41, 0x08, 0x41, 0x29, 0x24, 0x29, 0x23,
    0x62, 0x87, 0xC4, 0x8D, 0xAB, 0xEB, 0x93, 0x4A, 0x9B, 0xAB, 0xA3, 0xEC, 0x52, 0x27, 0x10, 0xA2,
    0x08, 0x41, 0x08, 0x61, 0x08, 0x61, 0x08, 0x61, 0x08, 0x62, 0x08, 0x61, 0x10, 0x82, 0x10, 0xA2,
    0x10, 0xA2, 0x10, 0xC3, 0x10, 0xE4, 0x11, 0x04, 0x11, 0x04, 0x11, 0x04, 0x19, 0x24, 0x19, 0x24,
    0x19, 0x45, 0x19, 0x66, 0x19, 0x66, 0x19, 0x66, 0x21, 0x86, 0x21, 0xA7, 0x29, 0xC8, 0x32, 0x09,
    0x42, 0xCB, 0x3A, 0x29, 0x21, 0x03, 0x21, 0x03, 0x21, 0x24, 0x10, 0x82, 0x18, 0xA2, 0x18, 0xE2,
    0x21, 0x03, 0x18, 0xA2, 0x08, 0x41, 0x08, 0x61, 0x10, 0x61, 0x08, 0x20, 0x10, 0x61, 0x42, 0x08,
    0x6B, 0x4D, 0x73, 0xAF, 0x5A, 0xEB, 0x42, 0x08, 0x41, 0xC7, 0x52, 0x48, 0x62, 0xA9, 0x29, 0x03,
    0x5A, 0x89, 0x6A, 0xEA, 0x41, 0xC6, 0x39, 0x85, 0x39, 0x85, 0x39, 0x64, 0x31, 0x23, 0x41, 0xA5,
    0x31, 0x23, 0x28, 0xE2, 0x28, 0xE2, 0x39, 0x64, 0x41, 0x84, 0x18, 0xA1, 0x00, 0x20, 0x08, 0x21,
    0x08, 0x41, 0x08, 0x41, 0x08, 0x41, 0x08, 0x41, 0x08, 0x41, 0x08, 0x41, 0x08, 0x41, 0x08, 0x41,
    0x08, 0x41, 0x08, 0x41, 0x08, 0x41, 0x08, 0x61, 0x08, 0x61, 0x08, 0x20, 0x08, 0x20, 0x00, 0x20,
    0x08, 0x41, 0x10, 0xA2, 0x08, 0x61, 0x08, 0x61, 0x21, 0x24, 0x19, 0x03, 0x00, 0x20, 0x31, 0x23,
    0x51, 0xE5, 0x10, 0x41, 0x00, 0x00, 0x5A, 0x05, 0x82, 0xE8, 0x83, 0x6C, 0x83, 0xAD, 0x93, 0xEE,
    0x8B, 0xAD, 0x7B, 0x4B, 0x73, 0x0A, 0x6A, 0xC9, 0x5A, 0x68, 0x6A, 0xA9, 0x83, 0x4B, 0x9B, 0x8C,
    0x9B, 0x8B, 0x9B, 0x8B, 0x9B, 0x6B, 0x9B, 0x8B, 0x9B, 0x8C, 0x93, 0x4A, 0x93, 0x29, 0x93, 0x2A,
    0x93, 0x4A, 0x93, 0x4A, 0x93, 0x2A, 0x93, 0x2A, 0x93, 0x2A, 0x8A, 0xEA, 0x82, 0xAA, 0x82, 0xAA,
    0x94, 0x71, 0x9C, 0x92, 0x9C, 0xB2, 0x9C, 0xB2, 0x9C, 0xB2, 0x9C, 0xB3, 0x9C, 0xD3, 0x9C, 0xB3,
    0x9C, 0xD3, 0x9C, 0xB2, 0x94, 0x92, 0x8C, 0x51, 0x94, 0x71, 0xBC, 0x8E, 0xBC, 0x2C, 0xA3, 0xAB,
    0x82, 0xC8, 0x93, 0x29, 0x9B, 0x8A, 0xA3, 0xCB, 0xAB, 0xEB, 0xB4, 0x0C, 0xAB, 0xEB, 0xBC, 0x8E,
    0x9B, 0xED, 0x31, 0x44, 0x08, 0x40, 0x10, 0x82, 0x10, 0xA2, 0x39, 0xA5, 0xBC, 0xCF, 0xBC, 0x8D,
    0xD4, 0xEE, 0xAB, 0xEB, 0x8B, 0x6B, 0x9B, 0xCC, 0x9B, 0xED, 0xAC, 0x2D, 0x72, 0xE9, 0x10, 0x61,
    0x08, 0x41, 0x08, 0x41, 0x08, 0x41, 0x08, 0x61, 0x08, 0x41, 0x08, 0x41, 0x08, 0x41, 0x08, 0x41,
    0x08, 0x41, 0x08, 0x41, 0x08, 0x41, 0x08, 0x61, 0x08, 0x62, 0x08, 0x82, 0x08, 0x82, 0x10, 0xA3,
    0x10, 0xA3, 0x10, 0xC4, 0x10, 0xC4, 0x10, 0xE4, 0x19, 0x04, 0x10, 0xC3, 0x21, 0x87, 0x42, 0x8A,
    0x42, 0x8A, 0x31, 0xE7, 0x21, 0x03, 0x21, 0x03, 0x18, 0xC2, 0x10, 0xA2, 0x18, 0xA2, 0x18, 0xC2,
    0x18, 0xE2, 0x10, 0x81, 0x08, 0x61, 0x00, 0x20, 0x00, 0x21, 0x31, 0x86, 0x6B, 0x6E, 0x73, 0xCF,
    0x63, 0x0C, 0x5A, 0xAA, 0x52, 0x8A, 0x4A, 0x28, 0x31, 0x65, 0x4A, 0x07, 0x5A, 0x48, 0x29, 0x03,
    0x72, 0xEA, 0x6A, 0xC9, 0x41, 0xA5, 0x41, 0xA5, 0x31, 0x44, 0x49, 0xE6, 0x49, 0xE6, 0x29, 0x03,
    0x20, 0xA1, 0x31, 0x23, 0x39, 0x64, 0x31, 0x23, 0x28, 0xE2, 0x29, 0x03, 0x10, 0x61, 0x00, 0x20,
    0x00, 0x20, 0x08, 0x41, 0x08, 0x41, 0x08, 0x41, 0x08, 0x41, 0x08, 0x40, 0x08, 0x40, 0x08, 0x41,
    0x08, 0x40, 0x08, 0x41, 0x08, 0x61, 0x08, 0x61, 0x00, 0x20, 0x00, 0x00, 0x00, 0x20, 0x08, 0x40,
    0x08, 0x41, 0x08, 0x40, 0x10, 0x81, 0x18, 0xE3, 0x10, 0xA3, 0x08, 0x20, 0x08, 0x60, 0x10, 0xA2,
    0x08, 0x41, 0x08, 0x40, 0x00, 0x20, 0x51, 0xE6, 0x93, 0xED, 0x83, 0x8C, 0x83, 0x8C, 0x83, 0x8C,
    0x73, 0x2B, 0x73, 0x0A, 0x6A, 0xC9, 0x6A, 0xEA, 0x6A, 0xC9, 0x73, 0x0A, 0x6A, 0xEA, 0x72, 0xEA,
    0x73, 0x0A, 0x7B, 0x0A, 0x83, 0x4A, 0x93, 0x6B, 0x8B, 0x09, 0x93, 0x09, 0x93, 0x2A, 0x93, 0x2A,
    0x8B, 0x29, 0x8B, 0x09, 0x93, 0x2A, 0x93, 0x2A, 0x8A, 0xEA, 0x7A, 0x89, 0x7A, 0x69, 0x7A, 0x69,
    0x94, 0x50, 0x94, 0x51, 0x94, 0x92, 0x94, 0x71, 0x8C, 0x51, 0x94, 0x71, 0x94, 0x92, 0x94, 0x92,
    0x94, 0x92, 0x94, 0xB3, 0x9C, 0xD3, 0xA4, 0xD2, 0xB4, 0x8F, 0xB4, 0x2C, 0xBC, 0x4C, 0x9B, 0x8B,
    0x8B, 0x29, 0x9B, 0x6A, 0xAB, 0xEB, 0xC4, 0x8D, 0xCC, 0xCE, 0xCC, 0xAE, 0xC4, 0x6D, 0xAC, 0x0C,
    0x9B, 0xED, 0x6A, 0xC9, 0x29, 0x03, 0x39, 0xA6, 0x9C, 0x4F, 0xAC, 0x0C, 0xC4, 0x6C, 0xB4, 0x0B,
    0xAB, 0xEB, 0x9B, 0xAB, 0x93, 0xAB, 0x72, 0x88, 0x6A, 0x67, 0x8B, 0x4A, 0x72, 0xC8, 0x10, 0x82,
    0x08, 0x61, 0x08, 0x61, 0x08, 0x61, 0x08, 0x61, 0x08, 0x61, 0x08, 0x61, 0x08, 0x61, 0x08, 0x61,
    0x08, 0x61, 0x08, 0x41, 0x08, 0x41, 0x08, 0x41, 0x08, 0x41, 0x08, 0x41, 0x00, 0x41, 0x08, 0x41,
    0x00, 0x20, 0x08, 0x20, 0x08, 0x41, 0x08, 0x41, 0x00, 0x00, 0x21, 0x45, 0x4A, 0xAB, 0x31, 0xC7,
    0x3A, 0x08, 0x29, 0x65, 0x10, 0x82, 0x21, 0x03, 0x18, 0xC2, 0x10, 0xA2, 0x10, 0xA2, 0x10, 0xA2,
    0x18, 0xA2, 0x08, 0x61, 0x00, 0x20, 0x31, 0x44, 0x83, 0x4C, 0x8B, 0xCE, 0x6B, 0x0C, 0x52, 0x49,
    0x52, 0x48, 0x52, 0x27, 0x41, 0xC6, 0x20, 0xC2, 0x29, 0x23, 0x39, 0x85, 0x29, 0x23, 0x18, 0x81,
    0x41, 0x85, 0x72, 0xE9, 0x41, 0xA5, 0x52, 0x07, 0x41, 0xA5, 0x39, 0x64, 0x49, 0xC6, 0x20, 0xC2,
    0x31, 0x24, 0x31, 0x44, 0x29, 0x03, 0x20, 0xC2, 0x29, 0x02, 0x31, 0x22, 0x28, 0xE2, 0x18, 0x81,
    0x10, 0x61, 0x00, 0x20, 0x00, 0x20, 0x08, 0x40, 0x08, 0x40, 0x08, 0x40, 0x08, 0x40, 0x08, 0x41,
    0x08, 0x41, 0x08, 0x61, 0x08, 0x41, 0x00, 0x00, 0x00, 0x00, 0x00, 0x20, 0x08, 0x20, 0x08, 0x40,
    0x08, 0x40, 0x08, 0x61, 0x08, 0x61, 0x08, 0x41, 0x08, 0x40, 0x10, 0x61, 0x10, 0x81, 0x10, 0x61,
    0x08, 0x61, 0x00, 0x00, 0x18, 0xC2, 0x83, 0xAC, 0x83, 0x8D, 0x83, 0x8C, 0x8B, 0xAD, 0x83, 0x8C,
    0x73, 0x2B, 0x7B, 0x4B, 0x7B, 0x4B, 0x7B, 0x2B, 0x73, 0x2A, 0x73, 0x0A, 0x73, 0x2B, 0x73, 0x2B,
    0x73, 0x2B, 0x73, 0x2B, 0x73, 0x4B, 0x7B, 0x2B, 0x72, 0xEA, 0x83, 0x0A, 0x82, 0xE9, 0x8B, 0x09,
    0x8B, 0x09, 0x8A, 0xE9, 0x8A, 0xE9, 0x7A, 0x89, 0x72, 0x48, 0x7A, 0x69, 0x7A, 0x69, 0x7A, 0x49,
    0x8C, 0x30, 0x94, 0x50, 0x94, 0x71, 0x94, 0x71, 0x94, 0x71, 0x94, 0x91, 0x94, 0x91, 0x94, 0x91,
    0x8C, 0x51, 0x9C, 0x71, 0xAC, 0x90, 0xB4, 0x2C, 0xAB, 0xAA, 0xAB, 0xCB, 0xAC, 0x0C, 0xB4, 0x2D,
    0xB4, 0x4D, 0xC4, 0xAF, 0xCC, 0xEF, 0xD4, 0xEF, 0xD4, 0xEF, 0xD5, 0x0F, 0xD5, 0x30, 0xD5, 0x51,
    0xD5, 0x72, 0xD5, 0x52, 0xCD, 0x31, 0xC4, 0xF0, 0xCC, 0xF0, 0xCC, 0xCE, 0xCC, 0xAE, 0xBC, 0x4D,
    0xAB, 0xEC, 0xA3, 0xEC, 0x93, 0xAB, 0x7A, 0xE9, 0x72, 0xA7, 0x83, 0x08, 0x72, 0xC8, 0x10, 0xA2,
    0x10, 0x82, 0x10, 0x62, 0x10, 0x61, 0x08, 0x61, 0x08, 0x61, 0x08, 0x62, 0x08, 0x61, 0x08, 0x61,
    0x08, 0x62, 0x08, 0x61, 0x08, 0x61, 0x08, 0x41, 0x08, 0x41, 0x08, 0x41, 0x08, 0x41, 0x08, 0x40,
    0x08, 0x40, 0x08, 0x40, 0x00, 0x20, 0x00, 0x00, 0x31, 0xC7, 0x4A, 0xCB, 0x31, 0xC7, 0x29, 0x65,
    0x29, 0x44, 0x18, 0xC2, 0x18, 0xC2, 0x21, 0x03, 0x18, 0xC3, 0x18, 0xA2, 0x10, 0xA2, 0x10, 0x82,
    0x08, 0x40, 0x18, 0xA2, 0x72, 0xC9, 0xBC, 0x4F, 0xA3, 0xEE, 0x62, 0xAA, 0x41, 0xC6, 0x52, 0x48,
    0x52, 0x69, 0x5A, 0x69, 0x62, 0xCA, 0x5A, 0x69, 0x5A, 0x68, 0x62, 0x89, 0x52, 0x27, 0x20, 0xE2,
    0x28, 0xE3, 0x62, 0x47, 0x52, 0x27, 0x41, 0x85, 0x5A, 0x48, 0x51, 0xE6, 0x49, 0xA5, 0x39, 0x84,
    0x31, 0x65, 0x29, 0x03, 0x20, 0xC2, 0x28, 0xE2, 0x31, 0x23, 0x39, 0x84, 0x41, 0x84, 0x39, 0x64,
    0x49, 0xC5, 0x41, 0xA5, 0x10, 0x60, 0x00, 0x00, 0x00, 0x20, 0x08, 0x40, 0x08, 0x40, 0x08, 0x41,
    0x08, 0x41, 0x00, 0x20, 0x00, 0x00, 0x00, 0x00, 0x00, 0x20, 0x08, 0x40, 0x08, 0x41, 0x08, 0x40,
    0x21, 0x23, 0x31, 0x65, 0x18, 0xA2, 0x00, 0x20, 0x00, 0x20, 0x10, 0x61, 0x08, 0x60, 0x08, 0x40,
    0x00, 0x20, 0x18, 0xE3, 0x7B, 0x8C, 0x83, 0x8C, 0x8B, 0xCD, 0x8B, 0xED, 0x83, 0x8C, 0x7B, 0x6C,
    0x83, 0x8C, 0x8B, 0xCD, 0x83, 0x8C, 0x7B, 0x2B, 0x7B, 0x4B, 0x7B, 0x2B, 0x73, 0x0A, 0x73, 0x0A,
    0x7B, 0x4B, 0x7B, 0x4B, 0x73, 0x2B, 0x6A, 0xEA, 0x73, 0x0A, 0x6A, 0xEA, 0x72, 0xEA, 0x83, 0x4B,
    0x83, 0x2B, 0x82, 0xEA, 0x7A, 0x89, 0x72, 0x28, 0x72, 0x28, 0x72, 0x48, 0x72, 0x28, 0x72, 0x28,
    0x94, 0x51, 0x94, 0x50, 0x8C, 0x50, 0x94, 0x71, 0x94, 0x71, 0x94, 0x71, 0x94, 0x71, 0x94, 0x71,
    0x94, 0x71, 0xB4, 0xD1, 0xCC, 0xEF, 0xBC, 0x4C, 0xBC, 0x4C, 0xC4, 0xCF, 0xCD, 0x10, 0xCD, 0x10,
    0xD5, 0x30, 0xDD, 0x50, 0xD5, 0x0F, 0xD4, 0xEE, 0xD5, 0x0F, 0xD5, 0x30, 0xDD, 0x30, 0xD5, 0x0F,
    0xD5, 0x0F, 0xCC, 0xEF, 0xCC, 0xEF, 0xCD, 0x10, 0xCC, 0xF0, 0xC4, 0xCF, 0xCC, 0xF0, 0xD5, 0x30,
    0xCD, 0x10, 0xCC, 0xF0, 0xBC, 0x8E, 0x93, 0xAB, 0x7A, 0xE9, 0x8B, 0x8B, 0x6A, 0xE9, 0x10, 0xA2,
    0x10, 0x82, 0x10, 0x82, 0x10, 0x82, 0x10, 0x82, 0x10, 0x82, 0x08, 0x62, 0x08, 0x62, 0x08, 0x61,
    0x08, 0x61, 0x08, 0x61, 0x08, 0x61, 0x08, 0x41, 0x08, 0x41, 0x08, 0x41, 0x08, 0x41, 0x08, 0x40,
    0x08, 0x41, 0x00, 0x20, 0x08, 0x41, 0x42, 0x69, 0x4A, 0xCB, 0x29, 0x65, 0x18, 0xE3, 0x21, 0x03,
    0x31, 0x65, 0x18, 0xE3, 0x18, 0xC2, 0x18, 0xC2, 0x20, 0xE3, 0x18, 0xA2, 0x18, 0xA2, 0x08, 0x41,
    0x41, 0x85, 0x9B, 0x4B, 0xB3, 0xAC, 0xB3, 0x8C, 0x72, 0xA9, 0x42, 0x07, 0x52, 0x49, 0x52, 0x28,
    0x49, 0xE7, 0x6A, 0xC9, 0x73, 0x0A, 0x73, 0x0B, 0x73, 0x2B, 0x6B, 0x0B, 0x6B, 0x2B, 0x62, 0xCA,
    0x52, 0x48, 0x5A, 0x48, 0x49, 0xE6, 0x39, 0x85, 0x49, 0xE7, 0x5A, 0x28, 0x49, 0xE6, 0x31, 0x64,
    0x29, 0x03, 0x18, 0xA2, 0x18, 0xA2, 0x20, 0xC2, 0x29, 0x23, 0x39, 0x85, 0x49, 0xE6, 0x49, 0xE6,
    0x62, 0x47, 0x62, 0x68, 0x5A, 0x27, 0x31, 0x43, 0x00, 0x20, 0x00, 0x00, 0x00, 0x20, 0x00, 0x20,
    0x00, 0x00, 0x00, 0x00, 0x00, 0x20, 0x08, 0x20, 0x08, 0x40, 0x08, 0x61, 0x08, 0x40, 0x21, 0x04,
    0x4A, 0x49, 0x62, 0x68, 0x8A, 0x88, 0x6A, 0x06, 0x28, 0xE2, 0x00, 0x20, 0x08, 0x40, 0x08, 0x20,
    0x29, 0x03, 0x8B, 0xEE, 0x94, 0x0E, 0x8B, 0xED, 0x8B, 0xCD, 0x7B, 0x4B, 0x7B, 0x4B, 0x73, 0x2B,
    0x7B, 0x6C, 0x7B, 0x4B, 0x72, 0xEA, 0x62, 0xA9, 0x62, 0xC9, 0x6A, 0xEA, 0x73, 0x0A, 0x83, 0x8C,
    0x83, 0x8C, 0x83, 0x6C, 0x73, 0x4B, 0x6B, 0x0A, 0x62, 0xA9, 0x6A, 0xCA, 0x7B, 0x4B, 0x83, 0x8C,
    0x7B, 0x6C, 0x6A, 0xA9, 0x5A, 0x07, 0x62, 0x07, 0x62, 0x27, 0x72, 0x28, 0x72, 0x28, 0x72, 0x48,
    0xBD, 0x74, 0xBD, 0x95, 0xBD, 0xB5, 0xBD, 0x95, 0xBD, 0x95, 0xBD, 0x95, 0xBD, 0x95, 0xB5, 0x75,
    0xB5, 0x54, 0xCD, 0x93, 0xCD, 0x30, 0xC4, 0xCE, 0xCC, 0xCF, 0xCC, 0xEF, 0xCC, 0xF0, 0xDD, 0x71,
    0xDD, 0x91, 0xDD, 0x71, 0xDD, 0x30, 0xD5, 0x0F, 0xDD, 0x50, 0xD5, 0x30, 0xD4, 0xEF, 0xCC, 0xCE,
    0xC4, 0xAE, 0xC4, 0x6D, 0xBC, 0x6D, 0xC4, 0x8E, 0xC4, 0xCF, 0xC4, 0xAE, 0xBC, 0x6D, 0xBC, 0x6E,
    0xAC, 0x4D, 0xAC, 0x0C, 0xA3, 0xEC, 0x93, 0xAB, 0x83, 0x4B, 0x8B, 0x6B, 0x93, 0xED, 0x4A, 0x27,
    0x00, 0x00, 0x00, 0x20, 0x00, 0x20, 0x00, 0x20, 0x00, 0x20, 0x00, 0x20, 0x08, 0x20, 0x08, 0x41,
    0x08, 0x41, 0x08, 0x61, 0x08, 0x61, 0x08, 0x61, 0x08, 0x61, 0x08, 0x41, 0x08, 0x41, 0x08, 0x40,
    0x00, 0x00, 0x08, 0x61, 0x42, 0x49, 0x3A, 0x08, 0x21, 0x24, 0x21, 0x23, 0x18, 0xC2, 0x18, 0xC2,
    0x29, 0x44, 0x21, 0x03, 0x10, 0x81, 0x18, 0xA2, 0x18, 0xE2, 0x10, 0x81, 0x10, 0xA2, 0x62, 0x68,
    0xBC, 0x0E, 0xB3, 0x8B, 0xA3, 0x2A, 0xB3, 0x6B, 0x5A, 0x07, 0x4A, 0x28, 0x5A, 0x49, 0x4A, 0x07,
    0x73, 0x0A, 0x8B, 0x8B, 0x72, 0xEA, 0x72, 0xEA, 0x7B, 0x2A, 0x5A, 0x89, 0x62, 0xC9, 0x73, 0x2B,
    0x7B, 0x6C, 0x73, 0x4C, 0x4A, 0x28, 0x52, 0x28, 0x39, 0xA6, 0x20, 0xE3, 0x20, 0xE3, 0x29, 0x24,
    0x31, 0x44, 0x10, 0x61, 0x18, 0x81, 0x28, 0xE3, 0x29, 0x24, 0x31, 0x44, 0x31, 0x44, 0x49, 0xC6,
    0x6A, 0x89, 0x72, 0xC9, 0x72, 0xC9, 0x6A, 0x88, 0x49, 0xC5, 0x29, 0x03, 0x08, 0x41, 0x00, 0x00,
    0x00, 0x00, 0x00, 0x20, 0x08, 0x40, 0x08, 0x61, 0x08, 0x61, 0x08, 0x41, 0x08, 0x60, 0x4A, 0x28,
    0x41, 0xE7, 0x51, 0xE7, 0x92, 0xC9, 0x92, 0xA8, 0x8A, 0x87, 0x61, 0xE6, 0x18, 0x81, 0x20, 0xC2,
    0x8B, 0xCD, 0x94, 0x0E, 0x8B, 0xED, 0x83, 0x8C, 0x7B, 0x2B, 0x7B, 0x4B, 0x7B, 0x4B, 0x7B, 0x2B,
    0x7B, 0x6B, 0x73, 0x2B, 0x73, 0x2B, 0x7B, 0x4B, 0x7B, 0x2B, 0x7B, 0x4B, 0x73, 0x2B, 0x73, 0x2B,
    0x6A, 0xCA, 0x6A, 0xEA, 0x62, 0xA9, 0x62, 0xA9, 0x73, 0x0A, 0x7B, 0x6C, 0x7B, 0x4C, 0x6A, 0xCA,
    0x52, 0x27, 0x52, 0x06, 0x52, 0x27, 0x52, 0x27, 0x52, 0x07, 0x5A, 0x07, 0x6A, 0x48, 0x6A, 0x27,
    0xC5, 0xD5, 0xC5, 0xB5, 0xC5, 0xB5, 0xC5, 0xB5, 0xC5, 0xB5, 0xC5, 0xB5, 0xC5, 0xD6, 0xC5, 0xB5,
    0xBD, 0x74, 0xBD, 0x53, 0xBC, 0xCF, 0xAB, 0xEB, 0xA3, 0xEB, 0xC4, 0xAE, 0xDD, 0x51, 0xE5, 0x92,
    0xDD, 0x91, 0xD5, 0x10, 0xCC, 0xCF, 0xD5, 0x0F, 0xD5, 0x10, 0xD5, 0x10, 0xCC, 0xCF, 0xC4, 0x8E,
    0xC4, 0xAE, 0xBC, 0x8E, 0xB4, 0x2C, 0xB4, 0x4D, 0xC4, 0xAE, 0xC4, 0xCF, 0xB4, 0x6E, 0xA3, 0xEC,
    0x93, 0x8A, 0x8B, 0x4A, 0x8B, 0x4A, 0x8B, 0x6B, 0x9B, 0xED, 0x93, 0xED, 0x9C, 0x4F, 0x8C, 0x10,
    0x52, 0xCB, 0x42, 0x49, 0x3A, 0x29, 0x42, 0x29, 0x42, 0x29, 0x31, 0xC7, 0x21, 0x24, 0x10, 0xA2,
    0x08, 0x41, 0x00, 0x00, 0x00, 0x00, 0x00, 0x00, 0x00, 0x20, 0x00, 0x20, 0x00, 0x20, 0x00, 0x20,
    0x10, 0xE3, 0x29, 0xA6, 0x29, 0x65, 0x18, 0xE3, 0x29, 0x65, 0x29, 0x44, 0x18, 0xC2, 0x18, 0xC2,
    0x29, 0x44, 0x29, 0x44, 0x18, 0xC2, 0x18, 0xA2, 0x10, 0x61, 0x31, 0x85, 0x8B, 0x8D, 0xC4, 0x2E,
    0xBB, 0xCD, 0xAB, 0x4A, 0xAB, 0x09, 0xB3, 0x29, 0x72, 0x47, 0x4A, 0x28, 0x49, 0xE7, 0x5A, 0x48,
    0x83, 0x4B, 0x8B, 0x8B, 0x7B, 0x0A, 0x7B, 0x0A, 0x93, 0xAC, 0x73, 0x09, 0x72, 0xEA, 0x62, 0x89,
    0x62, 0x68, 0x62, 0x89, 0x41, 0xE7, 0x52, 0x48, 0x6A, 0xEA, 0x6A, 0xA9, 0x5A, 0x27, 0x49, 0xC6,
    0x52, 0x07, 0x31, 0x24, 0x31, 0x45, 0x29, 0x03, 0x41, 0x84, 0x62, 0x88, 0x72, 0xC9, 0x72, 0xA9,
    0x5A, 0x27, 0x5A, 0x06, 0x6A, 0x88, 0x59, 0xE6, 0x49, 0xA5, 0x51, 0xC5, 0x41, 0x84, 0x31, 0x44,
    0x10, 0x61, 0x00, 0x00, 0x00, 0x20, 0x08, 0x40, 0x08, 0x40, 0x00, 0x20, 0x31, 0x44, 0x49, 0xC5,
    0x41, 0x84, 0x41, 0xA5, 0x6A, 0x26, 0x8A, 0x87, 0x8A, 0x67, 0x9A, 0xE8, 0x8A, 0xA8, 0x83, 0xAD,
    0x8C, 0x0E, 0x8B, 0xCD, 0x83, 0x8C, 0x7B, 0x6B, 0x73, 0x2A, 0x7B, 0x2B, 0x8B, 0xAC, 0x8B, 0xCD,
    0x7B, 0x4B, 0x73, 0x0A, 0x6B, 0x0A, 0x6A, 0xEA, 0x73, 0x0A, 0x6A, 0xEA, 0x73, 0x2B, 0x6A, 0xEA,
    0x62, 0xC9, 0x62, 0xA9, 0x62, 0xA9, 0x73, 0x0A, 0x83, 0x8C, 0x7B, 0x4B, 0x6A, 0xEA, 0x6B, 0x0A,
    0x6B, 0x0A, 0x6A, 0xEA, 0x6A, 0xEA, 0x7B, 0x2B, 0x6A, 0xEA, 0x6A, 0xC9, 0x72, 0xEA, 0x6A, 0xC9,
    0xC5, 0xB5, 0xC5, 0xB5, 0xC5, 0x95, 0xC5, 0x95, 0xBD, 0x95, 0xBD, 0x74, 0xC5, 0xB5, 0xC5, 0x95,
    0xBD, 0x74, 0xCD, 0x73, 0xC5, 0x11, 0xBC, 0x8E, 0xCD, 0x10, 0xDD, 0x71, 0xE5, 0x92, 0xDD, 0x71,
    0xD5, 0x10, 0xCC, 0xEF, 0xCD, 0x10, 0xDD, 0x92, 0xDD, 0x93, 0xCD, 0x31, 0xD5, 0x31, 0xD5, 0x10,
    0xC4, 0x8E, 0xB4, 0x4D, 0xAC, 0x0C, 0xB4, 0x4D, 0xB4, 0x4D, 0xAB, 0xEC, 0xA3, 0xEC, 0x93, 0x6A,
    0x83, 0x09, 0x83, 0x09, 0x83, 0x09, 0x83, 0x09, 0x93, 0x8B, 0x9B, 0xEC, 0x9C, 0x2E, 0xA4, 0xB1,
    0xAD, 0x76, 0xA5, 0x76, 0xA5, 0x56, 0x9D, 0x35, 0x9D, 0x36, 0x9D, 0x15, 0x94, 0xF4, 0x8C, 0xB3,
    0x7C, 0x31, 0x63, 0x4D, 0x42, 0x49, 0x31, 0xA6, 0x21, 0x24, 0x18, 0xC3, 0x08, 0x41, 0x00, 0x00,
    0x31, 0xA6, 0x19, 0x03, 0x21, 0x03, 0x29, 0x44, 0x29, 0x65, 0x18, 0xE3, 0x08, 0x81, 0x10, 0xA2,
    0x21, 0x04, 0x29, 0x44, 0x18, 0xA2, 0x10, 0x82, 0x5A, 0x89, 0xAC, 0x2F, 0xC4, 0x0D, 0xBB, 0xAC,
    0xA3, 0x0A, 0x6A, 0x06, 0xA2, 0xE8, 0x8A, 0x67, 0x51, 0xE7, 0x49, 0xE7, 0x6A, 0xA9, 0x7B, 0x2A,
    0x7B, 0x0A, 0x72, 0xE9, 0x8B, 0x6B, 0x72, 0xEA, 0x73, 0x0A, 0x72, 0xEA, 0x72, 0xEA, 0x49, 0xE7,
    0x52, 0x49, 0x52, 0x69, 0x49, 0xE7, 0x62, 0x68, 0x6A, 0xC9, 0x72, 0xEA, 0x8B, 0x8B, 0x83, 0x2A,
    0x83, 0x2A, 0x7B, 0x2A, 0x6A, 0xC9, 0x6A, 0x89, 0x6A, 0xCA, 0x6A, 0xC9, 0x52, 0x27, 0x41, 0xA5,
    0x49, 0x64, 0x82, 0x67, 0x7A, 0x26, 0x82, 0x67, 0x8A, 0xA8, 0x82, 0xA8, 0x82, 0xC9, 0x8B, 0x0A,
    0x7A, 0xA8, 0x51, 0xC5, 0x28, 0xE2, 0x10, 0x81, 0x08, 0x61, 0x20, 0xE3, 0x41, 0xC6, 0x39, 0xA5,
    0x39, 0x85, 0x29, 0x44, 0x49, 0xA5, 0x9A, 0xE8, 0x9A, 0xC8, 0x92, 0xC8, 0x9C, 0x0D, 0x8B, 0xED,
    0x83, 0xAD, 0x83, 0xAC, 0x7B, 0x4B, 0x7B, 0x4B, 0x83, 0x8C, 0x83, 0x8C, 0x7B, 0x4B, 0x73, 0x2A,
    0x73, 0x2A, 0x7B, 0x4B, 0x6B, 0x0A, 0x73, 0x0A, 0x7B, 0x6B, 0x73, 0x2B, 0x73, 0x0A, 0x6A, 0xC9,
    0x6A, 0xCA, 0x73, 0x2B, 0x7B, 0x4B, 0x7B, 0x4B, 0x73, 0x2B, 0x6A, 0xEA, 0x62, 0xA9, 0x62, 0xC9,
    0x6A, 0xEA, 0x6B, 0x0A, 0x6A, 0xEA, 0x6A, 0xEA, 0x62, 0xC9, 0x62, 0xA9, 0x62, 0xC9, 0x62, 0xA9,
    0xC5, 0xB5, 0xC5, 0xB5, 0xBD, 0x95, 0xBD, 0x95, 0xBD, 0x74, 0xBD, 0x74, 0xBD, 0x74, 0xC5, 0x52,
    0xC5, 0x31, 0xD5, 0x52, 0xDD, 0x92, 0xCD, 0x10, 0xDD, 0x92, 0xCD, 0x10, 0xBC, 0xAE, 0xC4, 0xAE,
    0xD5, 0x51, 0xD5, 0x31, 0xBC, 0xB0, 0xB4, 0x6F, 0xA4, 0x2E, 0xB4, 0x6F, 0xB4, 0x8F, 0xB4, 0x6E,
    0x9B, 0x8B, 0x93, 0x6B, 0x9B, 0xAB, 0x93, 0x4A, 0x93, 0x49, 0x93, 0x6A, 0x9B, 0xCB, 0x8B, 0x6A,
    0x7A, 0xE8, 0x7A, 0xC7, 0x7A, 0xC8, 0x7A, 0xC8, 0x7A, 0xE8, 0x7A, 0xE8, 0x8B, 0x6B, 0x9C, 0x4F,
    0xA5, 0x34, 0x9D, 0x14, 0xA5, 0x14, 0xA5, 0x14, 0xA5, 0x15, 0x9D, 0x15, 0x9D, 0x35, 0x9D, 0x36,
    0x9D, 0x36, 0x9D, 0x56, 0xA5, 0x76, 0x9D, 0x36, 0x95, 0x15, 0x8C, 0xD4, 0x7C, 0x31, 0x63, 0x6E,
    0x42, 0x28, 0x21, 0x04, 0x21, 0x24, 0x21, 0x24, 0x29, 0x24, 0x18, 0xC2, 0x10, 0x81, 0x10, 0xA2,
    0x21, 0x04, 0x21, 0x03, 0x18, 0xC2, 0x7B, 0x2C, 0xBC, 0x70, 0xB3, 0x6A, 0xA3, 0x29, 0xA3, 0x4B,
    0x8B, 0x0A, 0x9B, 0xAD, 0xC4, 0xAF, 0x93, 0x6B, 0x49, 0xE6, 0x49, 0xE7, 0x6A, 0xC9, 0x7B, 0x2A,
    0x7B, 0x0A, 0x6A, 0xC9, 0x83, 0x4B, 0x7B, 0x0A, 0x72, 0xE9, 0x83, 0x4B, 0x8B, 0xAC, 0x7B, 0x0B,
    0x5A, 0x69, 0x5A, 0xAA, 0x49, 0xE7, 0x49, 0xE7, 0x49, 0xE7, 0x4A, 0x07, 0x49, 0xE6, 0x5A, 0x27,
    0x7B, 0x0A, 0x72, 0xC9, 0x62, 0x67, 0x73, 0x0A, 0x6A, 0xC9, 0x6A, 0xC9, 0x6A, 0xEA, 0x4A, 0x07,
    0x52, 0x28, 0x5A, 0x48, 0x62, 0x69, 0x6A, 0xAA, 0x72, 0xCA, 0x72, 0xCA, 0x72, 0xA9, 0x82, 0xCA,
    0x93, 0x2A, 0x93, 0x0A, 0x93, 0x0A, 0x8A, 0xC9, 0x6A, 0x27, 0x82, 0xA8, 0x72, 0x47, 0x31, 0x24,
    0x41, 0xC6, 0x41, 0xE7, 0x31, 0x45, 0x7A, 0x88, 0x9B, 0x4A, 0x93, 0xED, 0x94, 0x0E, 0x83, 0xAC,
    0x8B, 0xAD, 0x83, 0xAC, 0x73, 0x4B, 0x73, 0x4B, 0x7B, 0x6C, 0x83, 0x6B, 0x7B, 0x6C, 0x7B, 0x4B,
    0x7B, 0x6B, 0x7B, 0x4B, 0x7B, 0x4B, 0x73, 0x0A, 0x73, 0x0A, 0x6A, 0xC9, 0x62, 0xA9, 0x6A, 0xEA,
    0x73, 0x0A, 0x6B, 0x0A, 0x7B, 0x2B, 0x73, 0x0A, 0x62, 0xA9, 0x62, 0x89, 0x73, 0x0A, 0x6A, 0xEA,
    0x73, 0x0A, 0x73, 0x0A, 0x73, 0x2B, 0x73, 0x0B, 0x6B, 0x0B, 0x6A, 0xCA, 0x62, 0xA9, 0x62, 0xA9,
    0xC5, 0xB5, 0xC5, 0xB5, 0xBD, 0x94, 0xC5, 0xB5, 0xBD, 0x74, 0xBD, 0x94, 0xBD, 0x74, 0xBD, 0x53,
    0xBD, 0x11, 0xC4, 0xAE, 0xC4, 0xAE, 0xC4, 0x8E, 0xCD, 0x31, 0xD5, 0x72, 0xC5, 0x11, 0xC4, 0xEF,
    0xBC, 0x8F, 0x5A, 0x07, 0x39, 0x64, 0x20, 0xC2, 0x18, 0x81, 0x72, 0xA9, 0x93, 0x8C, 0x83, 0x09,
    0x6A, 0x26, 0x6A, 0x46, 0x6A, 0x45, 0x72, 0x67, 0xA4, 0x0C, 0xB4, 0xAF, 0xAC, 0x4E, 0x93, 0x8B,
    0x8B, 0x6A, 0x7A, 0xE8, 0x72, 0xA8, 0x7A, 0xC8, 0x6A, 0x67, 0x62, 0x26, 0x72, 0xC8, 0x9C, 0x91,
    0xB5, 0x33, 0xBD, 0x32, 0xBC, 0xF0, 0xBC, 0xAF, 0xB4, 0x6F, 0xAC, 0x91, 0xA4, 0xF3, 0xA4, 0xF3,
    0xA4, 0xF3, 0x9C, 0xD3, 0x9C, 0xF4, 0x9C, 0xF4, 0x9D, 0x14, 0x9D, 0x14, 0x9D, 0x15, 0x6B, 0x8E,
    0x42, 0x08, 0x29, 0x45, 0x21, 0x24, 0x21, 0x03, 0x21, 0x24, 0x18, 0xC2, 0x10, 0x82, 0x10, 0xA2,
    0x10, 0xA2, 0x21, 0x03, 0x9B, 0x8C, 0xCC, 0x6F, 0xBB, 0xCC, 0x72, 0x68, 0x6A, 0x68, 0xBC, 0x8E,
    0xCC, 0xAE, 0xC4, 0x8F, 0x9B, 0xCD, 0x72, 0xEA, 0x5A, 0x48, 0x52, 0x27, 0x4A, 0x07, 0x6A, 0xEA,
    0x93, 0xCD, 0x83, 0x2B, 0x72, 0xEA, 0x8B, 0x8C, 0x6A, 0xA9, 0x83, 0x4B, 0x62, 0x68, 0x49, 0xE6,
    0x49, 0xE6, 0x52, 0x28, 0x52, 0x28, 0x5A, 0x89, 0x52, 0x48, 0x52, 0x27, 0x4A, 0x06, 0x5A, 0x68,
    0x62, 0x88, 0x6A, 0xA9, 0x72, 0xC9, 0x62, 0x67, 0x62, 0x47, 0x72, 0xC9, 0x5A, 0x48, 0x52, 0x07,
    0x5A, 0x48, 0x41, 0xE7, 0x39, 0x86, 0x39, 0x85, 0x39, 0x85, 0x41, 0xA6, 0x41, 0xA6, 0x41, 0xA6,
    0x52, 0x07, 0x51, 0xE7, 0x51, 0xC5, 0x51, 0xC5, 0x51, 0xA5, 0x59, 0xC5, 0x49, 0x85, 0x31, 0x23,
    0x31, 0x65, 0x49, 0xC7, 0x5A, 0x48, 0x8B, 0xCD, 0x94, 0x0E, 0x83, 0xAD, 0x83, 0xAD, 0x83, 0xAC,
    0x8B, 0xCD, 0x83, 0x8C, 0x73, 0x0B, 0x73, 0x0B, 0x83, 0x6C, 0x7B, 0x4B, 0x6A, 0xCA, 0x73, 0x0A,
    0x6A, 0xEA, 0x6A, 0xCA, 0x73, 0x2B, 0x6A, 0xEA, 0x6A, 0xEA, 0x73, 0x0B, 0x73, 0x0A, 0x6A, 0xEA,
    0x6A, 0xEA, 0x73, 0x2B, 0x6A, 0xEA, 0x6A, 0xEA, 0x6A, 0xC9, 0x73, 0x2B, 0x7B, 0x2B, 0x73, 0x2B,
    0x73, 0x2B, 0x6A, 0xC9, 0x6A, 0xEA, 0x6A, 0xEA, 0x6A, 0xC9, 0x6A, 0xC9, 0x6A, 0xC9, 0x6A, 0xEA,
    0xC5, 0xB5, 0xC5, 0xB5, 0xC5, 0xB5, 0xC5, 0xB5, 0xBD, 0x95, 0xC5, 0xB5, 0xBD, 0x94, 0xBD, 0x94,
    0xC5, 0x32, 0xC4, 0xEF, 0xB4, 0x4D, 0xB4, 0x2D, 0xCD, 0x10, 0xE6, 0x35, 0xE6, 0x35, 0xE6, 0x14,
    0xA3, 0xED, 0x49, 0x85, 0x28, 0xC1, 0x31, 0x23, 0x51, 0xE6, 0x49, 0x44, 0x82, 0xC9, 0x93, 0x2A,
    0x82, 0xC8, 0x8B, 0x09, 0x7A, 0xA7, 0x93, 0x6B, 0x93, 0xAC, 0x6A, 0x89, 0x52, 0x06, 0x29, 0x03,
    0x39, 0x23, 0x72, 0xA8, 0x72, 0x67, 0x72, 0x87, 0x6A, 0x46, 0x72, 0xA8, 0x72, 0xC9, 0x8B, 0xAD,
    0x9C, 0x4F, 0x9C, 0x0D, 0xA4, 0x2D, 0xA3, 0xEC, 0xAC, 0x0C, 0xAC, 0x0C, 0xAB, 0xEC, 0xA3, 0xEC,
    0xAC, 0x0D, 0xAC, 0x2E, 0xAC, 0x2E, 0xAC, 0x2E, 0xAC, 0x0D, 0xA3, 0xEC, 0xA4, 0x2E, 0x83, 0x8C,
    0x6A, 0xC9, 0x41, 0xE7, 0x29, 0x45, 0x21, 0x03, 0x21, 0x03, 0x20, 0xE3, 0x18, 0xA2, 0x08, 0x41,
    0x29, 0x24, 0xA3, 0xCD, 0xCC, 0x2E, 0xA3, 0x6C, 0x6A, 0x89, 0x62, 0xAA, 0xB4, 0x8F, 0xCC, 0xD0,
    0xBC, 0xB0, 0x72, 0xCA, 0x41, 0xC7, 0x52, 0x69, 0x5A, 0x8A, 0x49, 0xC7, 0x41, 0xA6, 0x52, 0x28,
    0x52, 0x48, 0x49, 0xC6, 0x41, 0xC6, 0x5A, 0x47, 0x6A, 0xC9, 0x62, 0x68, 0x52, 0x07, 0x39, 0xA6,
    0x39, 0x85, 0x39, 0x85, 0x41, 0xC6, 0x41, 0xE7, 0x4A, 0x08, 0x72, 0xEA, 0x83, 0x4B, 0x6A, 0xC9,
    0x6A, 0xC9, 0x6A, 0xC9, 0x62, 0x89, 0x6A, 0x89, 0x7B, 0x2B, 0x52, 0x27, 0x52, 0x07, 0x5A, 0x48,
    0x62, 0x68, 0x4A, 0x07, 0x39, 0x85, 0x31, 0x65, 0x39, 0x85, 0x31, 0x44, 0x31, 0x65, 0x29, 0x24,
    0x20, 0xE3, 0x31, 0x45, 0x29, 0x24, 0x29, 0x24, 0x31, 0x65, 0x39, 0x86, 0x31, 0x65, 0x29, 0x24,
    0x20, 0xC2, 0x52, 0x27, 0x94, 0x0E, 0x94, 0x0E, 0x83, 0x8C, 0x83, 0xAD, 0x8B, 0xEE, 0x8B, 0xED,
    0x7B, 0x4B, 0x73, 0x0A, 0x73, 0x2B, 0x7B, 0x2B, 0x7B, 0x4B, 0x73, 0x0A, 0x73, 0x0A, 0x73, 0x2B,
    0x6A, 0xEA, 0x7B, 0x4B, 0x7B, 0x6C, 0x7B, 0x4B, 0x73, 0x0A, 0x6A, 0xEA, 0x73, 0x0A, 0x6A, 0xE9,
    0x73, 0x0A, 0x73, 0x0A, 0x72, 0xEA, 0x73, 0x0A, 0x6A, 0xE9, 0x73, 0x2A, 0x73, 0x2B, 0x73, 0x0A,
    0x62, 0xC9, 0x62, 0xA9, 0x52, 0x27, 0x49, 0xE6, 0x41, 0xE6, 0x41, 0xA5, 0x41, 0xC5, 0x39, 0xA5,
    0xC5, 0xB5, 0xBD, 0x94, 0xC5, 0xB5, 0xC5, 0xB5, 0xBD, 0x74, 0xBD, 0x74, 0xBD, 0x74, 0xC5, 0x74,
    0xC5, 0x31, 0xC4, 0xF0, 0xC4, 0xF0, 0xBC, 0xAF, 0xC5, 0x10, 0xD5, 0x72, 0xC5, 0x10, 0xD5, 0x52,
    0xCD, 0x52, 0xA3, 0xCD, 0x9B, 0x6B, 0xAB, 0xCC, 0x93, 0x2A, 0x7A, 0xA8, 0x9B, 0xAC, 0xA3, 0xEC,
    0x93, 0x4A, 0xA3, 0xAB, 0xBC, 0x6E, 0xA3, 0xED, 0x41, 0x23, 0x31, 0x03, 0x28, 0xE2, 0x00, 0x20,
    0x10, 0x40, 0x72, 0x87, 0x7A, 0xC8, 0x72, 0x87, 0x72, 0xA7, 0x7A, 0xC8, 0x83, 0x2A, 0x8B, 0xCD,
    0x94, 0x0E, 0x7B, 0x0A, 0x72, 0xC9, 0x72, 0xE9, 0x6A, 0xA8, 0x7A, 0xE9, 0x7B, 0x0A, 0x83, 0x2A,
    0x83, 0x4A, 0x8B, 0x4A, 0x8B, 0x4A, 0x8B, 0x6A, 0x93, 0x6B, 0x93, 0xAB, 0x93, 0x8B, 0x9B, 0xAB,
    0xA3, 0xCB, 0x93, 0x8B, 0x83, 0x4B, 0x52, 0x28, 0x29, 0x44, 0x21, 0x04, 0x10, 0xA2, 0x39, 0x64,
    0xBC, 0x2E, 0xAB, 0x8C, 0x7A, 0xCA, 0x52, 0x69, 0x52, 0x69, 0x62, 0xA9, 0x6A, 0x88, 0x7B, 0x0A,
    0x52, 0x27, 0x5A, 0x69, 0x5A, 0x69, 0x49, 0xE7, 0x4A, 0x07, 0x52, 0x48, 0x4A, 0x07, 0x4A, 0x07,
    0x62, 0x89, 0x5A, 0x68, 0x52, 0x27, 0x5A, 0x68, 0x83, 0x4A, 0x7B, 0x0A, 0x62, 0x88, 0x4A, 0x07,
    0x52, 0x28, 0x49, 0xE6, 0x49, 0xE7, 0x5A, 0x47, 0x62, 0x88, 0x5A, 0x27, 0x52, 0x06, 0x51, 0xE6,
    0x62, 0x88, 0x5A, 0x48, 0x7B, 0x2A, 0x7B, 0x2B, 0x62, 0x68, 0x62, 0x88, 0x6A, 0xC9, 0x6A, 0xA9,
    0x6A, 0xA8, 0x49, 0xE6, 0x29, 0x03, 0x29, 0x24, 0x29, 0x24, 0x31, 0x24, 0x39, 0x65, 0x31, 0x44,
    0x31, 0x44, 0x31, 0x45, 0x29, 0x04, 0x20, 0xE3, 0x20, 0xE2, 0x28, 0xE3, 0x29, 0x03, 0x20, 0xC2,
    0x41, 0xA5, 0x83, 0xAD, 0x94, 0x2E, 0x83, 0xAD, 0x83, 0x8C, 0x7B, 0x4B, 0x7B, 0x4B, 0x7B, 0x4B,
    0x7B, 0x4B, 0x73, 0x2B, 0x7B, 0x4B, 0x7B, 0x4B, 0x7B, 0x6B, 0x73, 0x2A, 0x73, 0x0A, 0x73, 0x2B,
    0x7B, 0x4B, 0x7B, 0x6B, 0x73, 0x0A, 0x5A, 0x68, 0x62, 0xC9, 0x73, 0x0A, 0x73, 0x0A, 0x6A, 0xA9,
    0x73, 0x0A, 0x73, 0x0A, 0x73, 0x0A, 0x7B, 0x4B, 0x6A, 0xE9, 0x52, 0x48, 0x4A, 0x06, 0x41, 0xC6,
    0x41, 0xC6, 0x39, 0x85, 0x31, 0x64, 0x39, 0x84, 0x41, 0xC6, 0x52, 0x48, 0x5A, 0x89, 0x52, 0x27,
    0xC5, 0xB5, 0xC5, 0xB5, 0xBD, 0x94, 0xB5, 0x54, 0xBD, 0x74, 0xC5, 0xB5, 0xBD, 0x94, 0xBD, 0x53,
    0xBD, 0x53, 0xBC, 0xF0, 0xBC, 0xF0, 0xBC, 0xD0, 0xC4, 0xF0, 0xCD, 0x52, 0xBC, 0xF0, 0xC5, 0x11,
    0xD5, 0x93, 0xD5, 0x93, 0xC4, 0xF0, 0xC4, 0xF0, 0xCD, 0x52, 0xC5, 0x73, 0x8B, 0xAD, 0x72, 0x88,
    0x6A, 0x27, 0x62, 0x06, 0x59, 0xC5, 0x83, 0x4B, 0x7A, 0xE9, 0x72, 0x68, 0x51, 0xE6, 0x39, 0x23,
    0x6A, 0x67, 0x8B, 0x6A, 0x7A, 0xE9, 0x72, 0x88, 0x6A, 0x87, 0x6A, 0x67, 0x6A, 0x46, 0x83, 0x6B,
    0x9C, 0x4F, 0x83, 0x6C, 0x72, 0xC9, 0x6A, 0x67, 0x5A, 0x06, 0x59, 0xC4, 0x59, 0xE5, 0x62, 0x25,
    0x6A, 0x46, 0x7A, 0xA7, 0x8B, 0x4A, 0x8B, 0x4A, 0x83, 0x29, 0x83, 0x09, 0x8B, 0x4A, 0x9B, 0xAC,
    0x93, 0x8B, 0x93, 0x8B, 0x9B, 0xCB, 0x9B, 0xCC, 0x8B, 0x8B, 0x52, 0x27, 0x31, 0x65, 0x9B, 0xCD,
    0x8B, 0x2B, 0x5A, 0x48, 0x4A, 0x28, 0x7B, 0x4B, 0x93, 0xAC, 0x4A, 0x07, 0x52, 0x49, 0x4A, 0x28,
    0x4A, 0x07, 0x52, 0x07, 0x4A, 0x28, 0x49, 0xE7, 0x52, 0x49, 0x52, 0x49, 0x52, 0x27, 0x7B, 0x2B,
    0x6A, 0xA9, 0x7B, 0x0A, 0x8B, 0x8C, 0x7B, 0x2A, 0x6A, 0xC9, 0x49, 0xE6, 0x5A, 0x47, 0x6A, 0xA9,
    0x72, 0xC9, 0x83, 0x4B, 0x6A, 0xC9, 0x72, 0xE9, 0x6A, 0xC9, 0x6A, 0xC9, 0x62, 0x89, 0x62, 0x68,
    0x62, 0x89, 0x6A, 0xA9, 0x5A, 0x47, 0x49, 0xE6, 0x52, 0x07, 0x5A, 0x47, 0x5A, 0x48, 0x5A, 0x68,
    0x5A, 0x68, 0x39, 0xA6, 0x31, 0x44, 0x31, 0x64, 0x31, 0x65, 0x31, 0x65, 0x31, 0x44, 0x29, 0x04,
    0x29, 0x24, 0x29, 0x03, 0x29, 0x03, 0x31, 0x24, 0x29, 0x24, 0x20, 0xE3, 0x18, 0x82, 0x52, 0x07,
    0x94, 0x2E, 0x94, 0x0E, 0x7B, 0x8C, 0x7B, 0x6B, 0x7B, 0x6C, 0x7B, 0x4B, 0x73, 0x2A, 0x73, 0x4B,
    0x73, 0x4B, 0x73, 0x0A, 0x73, 0x0A, 0x73, 0x0A, 0x6A, 0xC9, 0x62, 0xA9, 0x6A, 0xEA, 0x6A, 0xEA,
    0x73, 0x0A, 0x7B, 0x2B, 0x62, 0xA9, 0x62, 0xA9, 0x6A, 0xEA, 0x62, 0xA9, 0x62, 0xA9, 0x6A, 0xCA,
    0x73, 0x2B, 0x7B, 0x4B, 0x7B, 0x4B, 0x5A, 0x68, 0x41, 0xA5, 0x39, 0x84, 0x31, 0x64, 0x29, 0x03,
    0x20, 0xC2, 0x29, 0x23, 0x39, 0xA5, 0x29, 0x44, 0x52, 0x48, 0x62, 0xCA, 0x62, 0xA9, 0x62, 0xCA,
    0xC5, 0xB5, 0xC5, 0xB5, 0xBD, 0x94, 0xBD, 0x94, 0xC5, 0x95, 0xC5, 0xB5, 0xBD, 0x74, 0xBD, 0x94,
    0xBD, 0x74, 0xBD, 0x52, 0xC5, 0x52, 0xC5, 0x52, 0xC5, 0x11, 0xC5, 0x32, 0xC5, 0x32, 0xC5, 0x52,
    0xC5, 0x52, 0xCD, 0x73, 0xDD, 0xF4, 0xD5, 0xD5, 0xC5, 0x74, 0xB4, 0xF2, 0x6A, 0xCA, 0x31, 0x24,
    0x31, 0x03, 0x20, 0xA2, 0x20, 0xA2, 0x6A, 0xC9, 0x8B, 0xAC, 0x72, 0xC8, 0x8B, 0x6B, 0x83, 0x29,
    0x83, 0x09, 0x7A, 0xC8, 0x6A, 0x67, 0x6A, 0x67, 0x72, 0xA8, 0x72, 0xA8, 0x6A, 0x88, 0x62, 0x26,
    0x6A, 0x88, 0x73, 0x0A, 0x6A, 0x88, 0x62, 0x26, 0x51, 0xC4, 0x59, 0xC4, 0x62, 0x04, 0x6A, 0x25,
    0x72, 0x46, 0x6A, 0x45, 0x72, 0x46, 0x83, 0x08, 0x8B, 0x29, 0x93, 0x8A, 0x9B, 0xCC, 0x93, 0x8B,
    0x93, 0x8B, 0x93, 0xAB, 0x8B, 0x2A, 0x83, 0x08, 0x9B, 0xCC, 0x9B, 0xCC, 0x8B, 0x6B, 0x83, 0x4B,
    0x73, 0x2B, 0x6A, 0xCA, 0x72, 0xEA, 0x93, 0xAC, 0x73, 0x0A, 0x41, 0xE7, 0x4A, 0x28, 0x5A, 0x69,
    0x5A, 0x69, 0x52, 0x68, 0x62, 0x88, 0x72, 0xEA, 0x62, 0xA9, 0x41, 0xC6, 0x7B, 0x2B, 0x73, 0x0A,
    0x6A, 0xC9, 0x73, 0x0A, 0x6A, 0xC9, 0x4A, 0x07, 0x5A, 0x48, 0x72, 0xE9, 0x72, 0xEA, 0x62, 0x88,
    0x62, 0x88, 0x62, 0x88, 0x49, 0xC6, 0x52, 0x07, 0x62, 0x88, 0x72, 0xC9, 0x72, 0xC9, 0x72, 0xEA,
    0x7B, 0x0A, 0x6A, 0xC9, 0x72, 0xC9, 0x6A, 0xC9, 0x5A, 0x68, 0x5A, 0x48, 0x62, 0x68, 0x5A, 0x48,
    0x41, 0xC6, 0x39, 0x85, 0x31, 0x64, 0x31, 0x24, 0x29, 0x23, 0x31, 0x44, 0x31, 0x65, 0x29, 0x24,
    0x20, 0xE2, 0x20, 0xE3, 0x20, 0xC2, 0x20, 0xE3, 0x20, 0xE3, 0x18, 0x82, 0x52, 0x27, 0x94, 0x2E,
    0x94, 0x0E, 0x83, 0x8C, 0x8B, 0xCD, 0x8B, 0xED, 0x8B, 0xCD, 0x83, 0x6B, 0x73, 0x2B, 0x6A, 0xC9,
    0x6A, 0xE9, 0x73, 0x0A, 0x73, 0x0A, 0x6A, 0xC9, 0x6A, 0xC9, 0x6A, 0xEA, 0x62, 0xC9, 0x6A, 0xEA,
    0x7B, 0x4B, 0x72, 0xEA, 0x6A, 0xEA, 0x73, 0x0A, 0x6A, 0xC9, 0x62, 0xC9, 0x72, 0xEA, 0x72, 0xEA,
    0x73, 0x0A, 0x62, 0xA9, 0x4A, 0x27, 0x39, 0xA5, 0x39, 0xA5, 0x39, 0xA4, 0x31, 0x43, 0x20, 0xE2,
    0x18, 0xA2, 0x18, 0xC2, 0x29, 0x23, 0x21, 0x03, 0x31, 0x65, 0x39, 0x85, 0x41, 0xE6, 0x52, 0x48,
    0xC5, 0x94, 0xB5, 0x33, 0xC5, 0xB5, 0xC5, 0xB5, 0xBD, 0x74, 0xBD, 0x54, 0xBD, 0x74, 0xBD, 0x95,
    0xBD, 0x54, 0xBD, 0x74, 0xCD, 0xB4, 0xD5, 0xF4, 0xD5, 0xD4, 0xBD, 0x11, 0xAC, 0x4E, 0x9C, 0x0D,
    0xB4, 0xB0, 0xBD, 0x31, 0xCD, 0x93, 0xC5, 0x53, 0xA4, 0x70, 0x73, 0x0A, 0x49, 0xE6, 0x31, 0x44,
    0x20, 0xC2, 0x31, 0x23, 0x5A, 0x48, 0x7B, 0x4B, 0x83, 0x6C, 0x8B, 0x8B, 0x8B, 0x6B, 0x7A, 0xE9,
    0x72, 0x88, 0x6A, 0x67, 0x72, 0xA8, 0x7A, 0xE9, 0x7A, 0xE9, 0x7A, 0xE8, 0x83, 0x2A, 0x83, 0x4B,
    0x49, 0x83, 0x41, 0x22, 0x49, 0x42, 0x51, 0x83, 0x51, 0xA3, 0x59, 0xC3, 0x61, 0xE4, 0x6A, 0x25,
    0x72, 0x66, 0x7A, 0xA7, 0x7A, 0xA7, 0x7A, 0x87, 0x8B, 0x29, 0x82, 0xC8, 0x7A, 0xA7, 0x82, 0xC8,
    0x82, 0xE8, 0x8B, 0x4A, 0x9B, 0xCC, 0x7A, 0xC8, 0x6A, 0x66, 0x83, 0x09, 0x83, 0x29, 0x7B, 0x09,
    0x8B, 0x8C, 0x93, 0xCD, 0x9B, 0xED, 0x6A, 0xCA, 0x52, 0x48, 0x73, 0x0B, 0x83, 0x2A, 0xB4, 0x8F,
    0x9B, 0xAC, 0x83, 0x4B, 0x9B, 0xED, 0x9B, 0xCC, 0x93, 0xAC, 0x52, 0x27, 0x49, 0xE7, 0x62, 0xCA,
    0x62, 0xCA, 0x4A, 0x07, 0x39, 0x85, 0x49, 0xE6, 0x7B, 0x2B, 0x93, 0xAC, 0x6A, 0xA9, 0x72, 0xCA,
    0x7B, 0x4B, 0x5A, 0x47, 0x72, 0xEA, 0x7B, 0x2B, 0x6A, 0xA9, 0x5A, 0x27, 0x51, 0xE6, 0x49, 0xE6,
    0x49, 0xC6, 0x49, 0xE6, 0x5A, 0x47, 0x6A, 0xC9, 0x72, 0xC9, 0x6A, 0xA9, 0x5A, 0x27, 0x39, 0x64,
    0x41, 0xA5, 0x49, 0xC6, 0x49, 0xE6, 0x52, 0x07, 0x41, 0xC6, 0x31, 0x23, 0x31, 0x64, 0x39, 0x85,
    0x31, 0x45, 0x18, 0xC2, 0x18, 0xA2, 0x28, 0xE3, 0x20, 0xC2, 0x62, 0xA9, 0x9C, 0x6F, 0x9C, 0x4F,
    0x8B, 0xED, 0x8B, 0xED, 0x83, 0xAC, 0x83, 0xAC, 0x7B, 0x4B, 0x6A, 0xEA, 0x6A, 0xCA, 0x6A, 0xEA,
    0x6A, 0xC9, 0x6A, 0xEA, 0x73, 0x2A, 0x73, 0x0A, 0x73, 0x0A, 0x6A, 0xEA, 0x62, 0xA9, 0x7B, 0x4B,
    0x7B, 0x2B, 0x6A, 0xC9, 0x62, 0xA9, 0x6A, 0xA9, 0x62, 0xA9, 0x6A, 0xEA, 0x6A, 0xCA, 0x5A, 0x67,
    0x41, 0xC5, 0x39, 0x84, 0x39, 0x84, 0x39, 0xA5, 0x31, 0x64, 0x31, 0x64, 0x29, 0x23, 0x18, 0xC2,
    0x10, 0x81, 0x08, 0x20, 0x18, 0x81, 0x20, 0xC2, 0x18, 0x82, 0x18, 0x82, 0x20, 0xC2, 0x28, 0xE3,
    0xC5, 0x74, 0xBD, 0x74, 0xC5, 0x94, 0xC5, 0x95, 0xC5, 0xB5, 0xBD, 0x94, 0xC5, 0x95, 0xBD, 0x74,
    0xBD, 0x54, 0xC5, 0x94, 0xCD, 0xB4, 0xD5, 0xF4, 0xD5, 0xD4, 0xBD, 0x31, 0xB4, 0xD0, 0xA4, 0x4E,
    0x93, 0xCC, 0x9C, 0x0D, 0x9B, 0xED, 0x93, 0xCC, 0x83, 0x4B, 0x6A, 0xA9, 0x62, 0x68, 0x5A, 0x27,
    0x52, 0x27, 0x6A, 0xA9, 0x83, 0x6B, 0x8B, 0xAC, 0x83, 0x6B, 0x83, 0x2A, 0x7B, 0x09, 0x7A, 0xC8,
    0x6A, 0x67, 0x72, 0xA8, 0x83, 0x2A, 0x83, 0x2A, 0x7A, 0xC9, 0x72, 0xA7, 0x72, 0x87, 0x72, 0xC9,
    0x6A, 0x88, 0x49, 0x83, 0x51, 0x83, 0x59, 0xC4, 0x61, 0xE4, 0x61, 0xE4, 0x62, 0x04, 0x6A, 0x04,
    0x6A, 0x25, 0x72, 0x46, 0x93, 0x29, 0x82, 0xC8, 0x6A, 0x05, 0x72, 0x46, 0x61, 0xE4, 0x6A, 0x25,
    0x6A, 0x26, 0x6A, 0x25, 0x82, 0xC8, 0x8B, 0x4A, 0x72, 0x87, 0x62, 0x05, 0x72, 0x87, 0x7A, 0xC8,
    0x7A, 0xE9, 0x5A, 0x07, 0x39, 0x85, 0x49, 0xE7, 0x9B, 0xED, 0xC4, 0x6E, 0xBC, 0x0D, 0xD5, 0x52,
    0xBC, 0x8F, 0x6A, 0x89, 0x6A, 0xEB, 0x5A, 0x69, 0x5A, 0x48, 0x52, 0x48, 0x52, 0x28, 0x52, 0x49,
    0x49, 0xE7, 0x41, 0xC6, 0x52, 0x27, 0x83, 0x4B, 0x83, 0x4B, 0x6A, 0xC9, 0x5A, 0x48, 0x7B, 0x2B,
    0x7A, 0xEA, 0x7B, 0x2A, 0x83, 0x4B, 0x72, 0xEA, 0x62, 0xA9, 0x6A, 0xA9, 0x62, 0xA9, 0x62, 0x88,
    0x5A, 0x47, 0x62, 0x88, 0x52, 0x07, 0x52, 0x06, 0x41, 0xA6, 0x39, 0x64, 0x41, 0xC5, 0x49, 0xE6,
    0x41, 0xC6, 0x39, 0x85, 0x31, 0x64, 0x31, 0x44, 0x31, 0x44, 0x41, 0xA5, 0x49, 0xE6, 0x41, 0xA6,
    0x29, 0x24, 0x18, 0xA2, 0x31, 0x24, 0x31, 0x23, 0x4A, 0x06, 0xA4, 0xB0, 0x9C, 0x2F, 0x9C, 0x4F,
    0x83, 0xAD, 0x7B, 0x4B, 0x7B, 0x4B, 0x7B, 0x4B, 0x73, 0x2B, 0x7B, 0x6C, 0x7B, 0x4B, 0x73, 0x0A,
    0x73, 0x0A, 0x7B, 0x2B, 0x7B, 0x4B, 0x73, 0x0A, 0x6A, 0xC9, 0x62, 0xA9, 0x6A, 0xEA, 0x6A, 0xEA,
    0x6A, 0xE9, 0x6A, 0xCA, 0x6A, 0xCA, 0x6A, 0xCA, 0x62, 0xA9, 0x52, 0x47, 0x41, 0xC6, 0x39, 0x85,
    0x39, 0x84, 0x39, 0x84, 0x31, 0x44, 0x31, 0x64, 0x29, 0x44, 0x21, 0x03, 0x18, 0xC2, 0x18, 0x81,
    0x10, 0x61, 0x08, 0x20, 0x18, 0xA1, 0x31, 0x65, 0x20, 0xC2, 0x18, 0x81, 0x10, 0x81, 0x10, 0x81,
    0xC5, 0x74, 0xBD, 0x74, 0xC5, 0x94, 0xBD, 0x94, 0xBD, 0x94, 0xBD, 0x74, 0xBD, 0x74, 0xC5, 0xB5,
    0xBD, 0x54, 0xC5, 0x74, 0xD5, 0xF4, 0xD5, 0xF4, 0xCD, 0x93, 0xC5, 0x72, 0xBD, 0x31, 0xC5, 0x32,
    0xB4, 0xD0, 0xA4, 0x4E, 0x9B, 0xED, 0x9B, 0xED, 0x9C, 0x0D, 0x9C, 0x0D, 0x9C, 0x0E, 0x93, 0xCD,
    0x8B, 0x8C, 0x83, 0x2A, 0x7A, 0xE9, 0x7A, 0xE9, 0x7A, 0xE9, 0x7A, 0xE9, 0x7B, 0x2A, 0x7B, 0x09,
    0x83, 0x09, 0x83, 0x09, 0x7A, 0xE9, 0x7A, 0xC8, 0x72, 0x67, 0x72, 0x87, 0x7A, 0xC9, 0x59, 0xE5,
    0x51, 0xA4, 0x59, 0xC4, 0x59, 0xC4, 0x61, 0xE4, 0x62, 0x04, 0x61, 0xE4, 0x6A, 0x05, 0x6A, 0x25,
    0x6A, 0x25, 0x6A, 0x25, 0x7A, 0x66, 0x93, 0x29, 0x82, 0xA7, 0x6A, 0x04, 0x72, 0x25, 0x72, 0x66,
    0x6A, 0x46, 0x61, 0xE5, 0x59, 0xA4, 0x59, 0xC4, 0x61, 0xE5, 0x62, 0x06, 0x6A, 0x46, 0x6A, 0x67,
    0x6A, 0x67, 0x39, 0x24, 0x28, 0xC3, 0x52, 0x06, 0xC4, 0xB0, 0xB3, 0xCB, 0xB4, 0x2D, 0x93, 0xAD,
    0x62, 0x69, 0x41, 0xC7, 0x4A, 0x08, 0x41, 0xC6, 0x41, 0xE7, 0x4A, 0x27, 0x5A, 0x69, 0x5A, 0x8A,
    0x52, 0x49, 0x49, 0xE7, 0x7B, 0x2B, 0x83, 0x4B, 0x83, 0x2B, 0x73, 0x0A, 0x6A, 0xC9, 0x83, 0x4B,
    0x6A, 0xC9, 0x73, 0x0A, 0x72, 0xC9, 0x72, 0xC9, 0x6A, 0xA9, 0x5A, 0x47, 0x62, 0x88, 0x72, 0xEA,
    0x52, 0x48, 0x4A, 0x07, 0x52, 0x48, 0x41, 0xA6, 0x31, 0x44, 0x29, 0x03, 0x29, 0x03, 0x29, 0x03,
    0x39, 0x85, 0x41, 0xA5, 0x51, 0xE6, 0x52, 0x07, 0x39, 0x64, 0x20, 0xE2, 0x18, 0xA2, 0x31, 0x23,
    0x29, 0x23, 0x18, 0xA1, 0x28, 0xE3, 0x41, 0x85, 0x8B, 0xEE, 0xA4, 0x70, 0x94, 0x2E, 0x8B, 0xED,
    0x7B, 0x6C, 0x7B, 0x6C, 0x83, 0xAC, 0x8B, 0xCD, 0x8B, 0xCD, 0x83, 0x8C, 0x7B, 0x4B, 0x7B, 0x4B,
    0x83, 0x8C, 0x7B, 0x2B, 0x6A, 0xE9, 0x62, 0xA9, 0x6A, 0xC9, 0x6A, 0xC9, 0x6A, 0xEA, 0x6A, 0xE9,
    0x6A, 0xE9, 0x73, 0x0A, 0x6A, 0xEA, 0x5A, 0x88, 0x41, 0xC6, 0x39, 0x85, 0x31, 0x64, 0x31, 0x64,
    0x31, 0x64, 0x31, 0x44, 0x39, 0x64, 0x31, 0x64, 0x31, 0x44, 0x29, 0x44, 0x20, 0xC2, 0x10, 0x60,
    0x08, 0x20, 0x00, 0x20, 0x18, 0xC2, 0x29, 0x23, 0x31, 0x44, 0x29, 0x23, 0x18, 0xA1, 0x00, 0x20,
    0xC5, 0xB5, 0xCD, 0xB5, 0xBD, 0x74, 0xBD, 0x53, 0xBD, 0x94, 0xBD, 0x74, 0xC5, 0x95, 0xBD, 0x94,
    0xC5, 0x94, 0xD5, 0xD4, 0xD5, 0xB3, 0xD5, 0xB3, 0xD5, 0xD4, 0xCD, 0xB3, 0xC5, 0x52, 0xBC, 0xF0,
    0xBD, 0x11, 0xB4, 0xD0, 0xA4, 0x4E, 0x9B, 0xED, 0x9B, 0xCD, 0x9B, 0xED, 0x93, 0xCD, 0x93, 0xAC,
    0x83, 0x4A, 0x7B, 0x0A, 0x83, 0x4A, 0x83, 0x4A, 0x8B, 0x6B, 0x7B, 0x09, 0x83, 0x2A, 0x7B, 0x2A,
    0x72, 0xC8, 0x7A, 0xE9, 0x6A, 0x47, 0x61, 0xE5, 0x62, 0x05, 0x6A, 0x46, 0x72, 0x88, 0x62, 0x05,
    0x59, 0xC4, 0x59, 0xC4, 0x62, 0x04, 0x6A, 0x25, 0x6A, 0x46, 0x6A, 0x25, 0x6A, 0x25, 0x72, 0x45,
    0x6A, 0x05, 0x69, 0xE4, 0x61, 0xE4, 0x72, 0x25, 0x7A, 0x87, 0x6A, 0x25, 0x61, 0xE4, 0x61, 0xE4,
    0x59, 0xA4, 0x51, 0x83, 0x51, 0x83, 0x51, 0x63, 0x51, 0x63, 0x51, 0x83, 0x62, 0x06, 0x6A, 0x67,
    0x62, 0x06, 0x39, 0x23, 0x31, 0x02, 0x5A, 0x07, 0xA3, 0xCD, 0xC4, 0xD0, 0xA4, 0x0E, 0x49, 0xE7,
    0x39, 0xA6, 0x4A, 0x07, 0x5A, 0x48, 0x52, 0x28, 0x4A, 0x07, 0x39, 0x85, 0x41, 0xE7, 0x52, 0x48,
    0x4A, 0x07, 0x62, 0x89, 0x7B, 0x2B, 0x62, 0x89, 0x83, 0x4B, 0x7B, 0x0A, 0x62, 0x88, 0x5A, 0x68,
    0x5A, 0x48, 0x62, 0x88, 0x6A, 0x89, 0x62, 0x68, 0x62, 0x68, 0x62, 0x89, 0x62, 0x89, 0x5A, 0x48,
    0x39, 0xA5, 0x31, 0x44, 0x31, 0x65, 0x39, 0x65, 0x39, 0x86, 0x31, 0x65, 0x31, 0x44, 0x20, 0xE2,
    0x18, 0xA2, 0x29, 0x24, 0x20, 0xE3, 0x31, 0x23, 0x41, 0xA5, 0x41, 0x85, 0x20, 0xC2, 0x10, 0x61,
    0x18, 0xA2, 0x18, 0x81, 0x52, 0x07, 0x9C, 0x4F, 0x9C, 0x6F, 0x94, 0x2E, 0x94, 0x0E, 0x8B, 0xCD,
    0x83, 0xAC, 0x8B, 0xCD, 0x8B, 0xCD, 0x83, 0xAC, 0x73, 0x0B, 0x7B, 0x2B, 0x7B, 0x4B, 0x7B, 0x4B,
    0x73, 0x2B, 0x6A, 0xEA, 0x62, 0xA9, 0x6A, 0xCA, 0x6A, 0xC9, 0x6A, 0xC9, 0x7B, 0x2B, 0x7B, 0x4B,
    0x7B, 0x4B, 0x62, 0xA9, 0x4A, 0x07, 0x39, 0xA5, 0x39, 0xA5, 0x39, 0x85, 0x39, 0x64, 0x31, 0x64,
    0x31, 0x64, 0x31, 0x43, 0x31, 0x64, 0x31, 0x44, 0x31, 0x44, 0x29, 0x03, 0x20, 0xC2, 0x10, 0x81,
    0x08, 0x20, 0x08, 0x20, 0x20, 0xE2, 0x29, 0x23, 0x31, 0x44, 0x21, 0x02, 0x18, 0xA2, 0x08, 0x40,
    0xC5, 0x94, 0xC5, 0xB5, 0xBD, 0x53, 0xBD, 0x74, 0xBD, 0x74, 0xBD, 0x74, 0xC5, 0x94, 0xBD, 0x54,
    0xC5, 0x93, 0xD5, 0xD4, 0xD5, 0xB3, 0xD5, 0xB3, 0xD5, 0xF4, 0xDE, 0x15, 0xCD, 0x93, 0xB4, 0xD0,
    0xAC, 0x8F, 0xB4, 0xAF, 0xAC, 0x6F, 0xB4, 0xF0, 0xAC, 0x6F, 0xA4, 0x0D, 0xA4, 0x4E, 0xA4, 0x2E,
    0x93, 0xCC, 0x93, 0xAC, 0x93, 0xAC, 0x72, 0xC8, 0x83, 0x0A, 0x83, 0x2A, 0x72, 0xC8, 0x7B, 0x0A,
    0x6A, 0x87, 0x6A, 0x46, 0x72, 0x67, 0x6A, 0x05, 0x6A, 0x25, 0x72, 0x66, 0x61, 0xE5, 0x59, 0xA3,
    0x59, 0xC4, 0x62, 0x05, 0x6A, 0x25, 0x6A, 0x25, 0x72, 0x45, 0x72, 0x66, 0x72, 0x46, 0x72, 0x25,
    0x6A, 0x25, 0x6A, 0x25, 0x6A, 0x25, 0x6A, 0x05, 0x62, 0x05, 0x59, 0xC4, 0x59, 0xA4, 0x59, 0xA3,
    0x51, 0xA3, 0x51, 0x82, 0x51, 0x83, 0x51, 0x83, 0x51, 0x83, 0x51, 0x83, 0x51, 0x83, 0x59, 0xE5,
    0x51, 0xA4, 0x6A, 0xA9, 0x39, 0x65, 0x18, 0x60, 0x41, 0x85, 0x62, 0x48, 0x49, 0xE7, 0x39, 0xA6,
    0x6A, 0xC9, 0xA4, 0x4E, 0x93, 0xAC, 0x9B, 0xAC, 0xB4, 0xB0, 0xAC, 0x4E, 0x6A, 0x88, 0x39, 0x85,
    0x39, 0x85, 0x6A, 0xC9, 0x6A, 0xA9, 0x7B, 0x2B, 0x72, 0xEA, 0x62, 0x89, 0x72, 0xEA, 0x72, 0xEA,
    0x72, 0xEA, 0x72, 0xEA, 0x6A, 0xA9, 0x62, 0x88, 0x72, 0xCA, 0x72, 0xEA, 0x52, 0x28, 0x31, 0x44,
    0x31, 0x65, 0x31, 0x65, 0x31, 0x44, 0x31, 0x44, 0x21, 0x03, 0x20, 0xE3, 0x29, 0x24, 0x39, 0xA6,
    0x31, 0x45, 0x31, 0x24, 0x41, 0xA6, 0x28, 0xE3, 0x18, 0xA2, 0x18, 0x81, 0x18, 0xA2, 0x10, 0x61,
    0x08, 0x00, 0x52, 0x48, 0xA4, 0xB0, 0x94, 0x2E, 0x9C, 0x6F, 0x9C, 0x2E, 0x8B, 0xCD, 0x83, 0x8C,
    0x8B, 0xAC, 0x8B, 0xCD, 0x83, 0x8C, 0x7B, 0x4B, 0x7B, 0x4B, 0x7B, 0x4B, 0x7B, 0x4B, 0x7B, 0x4B,
    0x73, 0x2B, 0x7B, 0x4B, 0x73, 0x2B, 0x73, 0x2B, 0x73, 0x0A, 0x7B, 0x4B, 0x7B, 0x6C, 0x6B, 0x0A,
    0x52, 0x48, 0x41, 0xC6, 0x41, 0xE6, 0x41, 0xC5, 0x39, 0x85, 0x39, 0x85, 0x39, 0x85, 0x31, 0x64,
    0x29, 0x23, 0x29, 0x03, 0x29, 0x23, 0x29, 0x23, 0x29, 0x03, 0x29, 0x03, 0x29, 0x03, 0x18, 0xA2,
    0x08, 0x20, 0x08, 0x20, 0x29, 0x03, 0x29, 0x23, 0x29, 0x23, 0x21, 0x02, 0x18, 0xA1, 0x08, 0x41,
    0xC5, 0x94, 0xC5, 0xB5, 0xC5, 0xB4, 0xC5, 0xB5, 0xBD, 0x74, 0xC5, 0x94, 0xBD, 0x74, 0xCD, 0xB5,
    0xDE, 0x15, 0xD5, 0xD4, 0xCD, 0xB3, 0xCD, 0xB3, 0xCD, 0xB3, 0xD5, 0xB4, 0xC5, 0x31, 0xBC, 0xAF,
    0xB4, 0x8F, 0xBC, 0xD0, 0xB4, 0x8F, 0xAC, 0x8F, 0xB4, 0xD0, 0xBC, 0xF1, 0xC5, 0x73, 0xB4, 0xD1,
    0x9B, 0xED, 0x9B, 0xEC, 0x8B, 0x8C, 0x72, 0x88, 0x72, 0x67, 0x7A, 0xC9, 0x7A, 0xC9, 0x7A, 0xE9,
    0x7A, 0xE9, 0x7A, 0xC8, 0x72, 0x87, 0x72, 0x66, 0x72, 0x46, 0x72, 0x46, 0x61, 0xE4, 0x61, 0xE5,
    0x62, 0x05, 0x62, 0x05, 0x6A, 0x05, 0x6A, 0x46, 0x6A, 0x25, 0x6A, 0x25, 0x72, 0x66, 0x72, 0x45,
    0x6A, 0x25, 0x6A, 0x25, 0x6A, 0x05, 0x62, 0x05, 0x61, 0xC4, 0x59, 0xA4, 0x59, 0xA4, 0x59, 0xA3,
    0x59, 0x83, 0x59, 0x83, 0x59, 0xA3, 0x59, 0xC4, 0x59, 0xA4, 0x59, 0xA4, 0x51, 0x83, 0x51, 0x83,
    0x41, 0x43, 0x62, 0xA9, 0x62, 0xA9, 0x29, 0x03, 0x39, 0x44, 0x49, 0xE7, 0x41, 0xA6, 0x83, 0x8C,
    0xA4, 0x2E, 0x72, 0xC9, 0x62, 0x47, 0xAB, 0xEC, 0xC4, 0xB0, 0xC5, 0x12, 0x8B, 0x4B, 0x39, 0x85,
    0x39, 0xA6, 0x6A, 0xCA, 0x73, 0x0A, 0x7B, 0x4B, 0x62, 0x89, 0x62, 0x89, 0x5A, 0x48, 0x5A, 0x48,
    0x5A, 0x48, 0x52, 0x27, 0x49, 0xE7, 0x49, 0xC6, 0x39, 0x85, 0x29, 0x23, 0x29, 0x03, 0x31, 0x45,
    0x29, 0x03, 0x20, 0xE2, 0x39, 0x65, 0x39, 0x85, 0x31, 0x65, 0x39, 0x85, 0x29, 0x03, 0x20, 0xE3,
    0x31, 0x44, 0x29, 0x03, 0x39, 0x65, 0x31, 0x44, 0x20, 0xE3, 0x20, 0xC2, 0x18, 0xA2, 0x08, 0x20,
    0x39, 0xA6, 0x9C, 0x70, 0x93, 0xEE, 0x94, 0x0E, 0x9C, 0x2E, 0x8B, 0xAC, 0x83, 0x8C, 0x83, 0x8C,
    0x83, 0xAC, 0x8B, 0xCD, 0x83, 0xAC, 0x83, 0x8C, 0x83, 0xAC, 0x7B, 0x4B, 0x83, 0x6C, 0x83, 0x6C,
    0x83, 0x6C, 0x83, 0x8C, 0x7B, 0x4B, 0x73, 0x2B, 0x7B, 0x4B, 0x7B, 0x6C, 0x5A, 0x88, 0x4A, 0x07,
    0x39, 0xA5, 0x41, 0xA5, 0x41, 0xC5, 0x41, 0xC5, 0x31, 0x64, 0x31, 0x43, 0x29, 0x23, 0x31, 0x44,
    0x31, 0x43, 0x29, 0x23, 0x29, 0x23, 0x29, 0x03, 0x29, 0x03, 0x29, 0x23, 0x21, 0x03, 0x20, 0xC2,
    0x08, 0x20, 0x08, 0x20, 0x29, 0x02, 0x29, 0x03, 0x31, 0x44, 0x20, 0xC2, 0x18, 0xA1, 0x08, 0x40,
    0xC5, 0x94, 0xC5, 0xB4, 0xCD, 0xB5, 0xCD, 0xB5, 0xC5, 0x74, 0xC5, 0xB4, 0xCD, 0xB4, 0xCD, 0xD4,
    0xCD, 0xB4, 0xCD, 0xB4, 0xCD, 0x93, 0xCD, 0x93, 0xCD, 0x93, 0xCD, 0x72, 0xC5, 0x31, 0xC5, 0x10,
    0xBC, 0xD0, 0xBC, 0xD0, 0xBC, 0xF1, 0xBD, 0x11, 0xC5, 0x52, 0xCD, 0x73, 0xBD, 0x12, 0xAC, 0x6F,
    0xA4, 0x2E, 0x9B, 0xED, 0x8B, 0x6B, 0x83, 0x2A, 0x83, 0x2A, 0x83, 0x09, 0x83, 0x09, 0x83, 0x2A,
    0x7A, 0xC8, 0x6A, 0x87, 0x6A, 0x46, 0x62, 0x05, 0x6A, 0x26, 0x72, 0x46, 0x6A, 0x05, 0x62, 0x05,
    0x6A, 0x05, 0x6A, 0x05, 0x61, 0xE5, 0x62, 0x05, 0x6A, 0x25, 0x6A, 0x25, 0x6A, 0x25, 0x6A, 0x25,
    0x6A, 0x25, 0x62, 0x05, 0x61, 0xE4, 0x59, 0xC4, 0x59, 0xA4, 0x59, 0xA3, 0x59, 0xA3, 0x51, 0xA3,
    0x59, 0xA3, 0x59, 0xA3, 0x59, 0xA3, 0x59, 0xC4, 0x59, 0xC5, 0x59, 0xC4, 0x59, 0xA4, 0x51, 0x84,
    0x41, 0x44, 0x39, 0x64, 0x31, 0x23, 0x31, 0x64, 0x29, 0x03, 0x49, 0xC6, 0x93, 0xED, 0xA4, 0x4E,
    0x62, 0x68, 0x5A, 0x27, 0x62, 0x68, 0xA3, 0xAC, 0xCC, 0xD1, 0x9B, 0x8C, 0x39, 0x85, 0x41, 0xC6,
    0x52, 0x49, 0x6A, 0xCB, 0x7B, 0x4B, 0x6A, 0xCA, 0x62, 0x68, 0x41, 0xA5, 0x52, 0x07, 0x52, 0x07,
    0x49, 0xE6, 0x41, 0xA5, 0x29, 0x23, 0x18, 0xC2, 0x20, 0xE3, 0x21, 0x03, 0x39, 0x85, 0x31, 0x45,
    0x20, 0xE2, 0x31, 0x44, 0x52, 0x07, 0x52, 0x07, 0x41, 0xA5, 0x41, 0xA5, 0x49, 0xC6, 0x39, 0x64,
    0x20, 0xE2, 0x18, 0xA2, 0x18, 0x82, 0x29, 0x04, 0x20, 0xE3, 0x21, 0x03, 0x18, 0x81, 0x4A, 0x27,
    0xAC, 0xD1, 0x9C, 0x4F, 0x83, 0xAC, 0x8B, 0xAC, 0x8B, 0xCD, 0x8B, 0xCD, 0x83, 0x8C, 0x83, 0xAC,
    0x9C, 0x4F, 0x8B, 0xED, 0x8B, 0xCD, 0x83, 0x8C, 0x83, 0x8C, 0x8B, 0xAD, 0x83, 0x8C, 0x83, 0x8C,
    0x7B, 0x6C, 0x7B, 0x4B, 0x73, 0x0B, 0x7B, 0x4C, 0x6B, 0x0A, 0x52, 0x27, 0x41, 0xC6, 0x41, 0xC6,
    0x41, 0xC5, 0x41, 0xA5, 0x39, 0xA5, 0x39, 0x84, 0x39, 0x84, 0x31, 0x64, 0x31, 0x64, 0x29, 0x23,
    0x29, 0x03, 0x29, 0x23, 0x29, 0x03, 0x29, 0x23, 0x31, 0x43, 0x29, 0x23, 0x20, 0xC2, 0x20, 0xE2,
    0x10, 0x61, 0x00, 0x20, 0x20, 0xE3, 0x29, 0x03, 0x29, 0x02, 0x18, 0xA1, 0x10, 0x81, 0x00, 0x20,
    0xCD, 0xB5, 0xC5, 0xB4, 0xCD, 0xB5, 0xCD, 0xB5, 0xCD, 0xB5, 0xC5, 0x94, 0xC5, 0x73, 0xB5, 0x11,
    0xC5, 0x52, 0xBD, 0x32, 0xB4, 0xF1, 0xBD, 0x11, 0xCD, 0xB3, 0xDD, 0xD4, 0xD5, 0xD4, 0xCD, 0x93,
    0xCD, 0x52, 0xC5, 0x32, 0xC5, 0x52, 0xCD, 0x73, 0xC5, 0x73, 0xBC, 0xF1, 0xA4, 0x4E, 0x9B, 0xCC,
    0x9B, 0xCC, 0x8B, 0x6B, 0x8B, 0x4B, 0x8B, 0x4A, 0x8B, 0x6B, 0x7A, 0xE9, 0x6A, 0x67, 0x72, 0x87,
    0x72, 0x88, 0x6A, 0x47, 0x6A, 0x46, 0x62, 0x26, 0x62, 0x05, 0x6A, 0x46, 0x6A, 0x25, 0x62, 0x05,
    0x62, 0x05, 0x62, 0x05, 0x62, 0x05, 0x61, 0xE4, 0x61, 0xE4, 0x62, 0x05, 0x6A, 0x05, 0x62, 0x05,
    0x61, 0xE5, 0x59, 0xC4, 0x59, 0xC4, 0x59, 0xC4, 0x59, 0xA4, 0x59, 0x83, 0x51, 0x83, 0x51, 0x83,
    0x59, 0xA3, 0x59, 0xC4, 0x61, 0xE4, 0x61, 0xE5, 0x61, 0xE5, 0x59, 0xC4, 0x59, 0xC4, 0x51, 0xA4,
    0x31, 0x03, 0x29, 0x02, 0x20, 0xE1, 0x08, 0x40, 0x20, 0xE2, 0x93, 0xED, 0xA4, 0x6E, 0x6A, 0x68,
    0x62, 0x47, 0x5A, 0x07, 0x72, 0xC9, 0xC4, 0xF1, 0xB4, 0x6F, 0x7A, 0xEA, 0x49, 0xE7, 0x52, 0x28,
    0x49, 0xE7, 0x41, 0xA6, 0x5A, 0x48, 0x6A, 0xCA, 0x62, 0x68, 0x62, 0x89, 0x62, 0x68, 0x52, 0x07,
    0x52, 0x06, 0x49, 0xC6, 0x41, 0xA5, 0x10, 0x81, 0x18, 0x81, 0x18, 0xA2, 0x29, 0x03, 0x31, 0x44,
    0x41, 0x85, 0x41, 0x85, 0x39, 0x44, 0x39, 0x64, 0x39, 0x65, 0x39, 0x64, 0x18, 0xC2, 0x10, 0x40,
    0x08, 0x40, 0x10, 0x81, 0x10, 0x61, 0x10, 0x41, 0x10, 0x61, 0x00, 0x00, 0x39, 0x85, 0xA4, 0xB0,
    0x9C, 0x4F, 0x8B, 0xCD, 0x83, 0xAC, 0x93, 0xED, 0x94, 0x0E, 0x8B, 0xED, 0x83, 0x8C, 0x94, 0x0E,
    0x9C, 0x4E, 0x83, 0x6C, 0x73, 0x0B, 0x83, 0x6C, 0x83, 0x8C, 0x83, 0x6C, 0x83, 0x8C, 0x83, 0xAD,
    0x7B, 0x4C, 0x7B, 0x6C, 0x7B, 0x6C, 0x62, 0xC9, 0x41, 0xC6, 0x41, 0xE6, 0x49, 0xE6, 0x41, 0xE6,
    0x41, 0xC6, 0x41, 0xC6, 0x41, 0xC5, 0x39, 0xA4, 0x39, 0x84, 0x39, 0xA5, 0x31, 0x44, 0x29, 0x23,
    0x31, 0x23, 0x29, 0x03, 0x29, 0x03, 0x29, 0x03, 0x29, 0x23, 0x29, 0x23, 0x29, 0x23, 0x20, 0xE2,
    0x18, 0x81, 0x00, 0x20, 0x20, 0xE2, 0x29, 0x03, 0x20, 0xC2, 0x18, 0xA1, 0x10, 0x60, 0x00, 0x20,
    0xCD, 0xB5, 0xCD, 0xB4, 0xBD, 0x53, 0xC5, 0x73, 0xC5, 0x73, 0xBD, 0x52, 0xBD, 0x12, 0xBD, 0x32,
    0xBD, 0x32, 0xBD, 0x12, 0xB4, 0xD1, 0xA4, 0x6F, 0xB4, 0xB0, 0xB4, 0xAF, 0xB4, 0xD0, 0xBD, 0x11,
    0xBD, 0x11, 0xBD, 0x11, 0xBD, 0x11, 0xBC, 0xF1, 0xB4, 0x8F, 0x9B, 0xEC, 0x93, 0xAC, 0x83, 0x2A,
    0x83, 0x29, 0x8B, 0x4B, 0x83, 0x0A, 0x83, 0x09, 0x82, 0xE9, 0x7A, 0xC9, 0x72, 0xA8, 0x83, 0x09,
    0x8B, 0x6B, 0x8B, 0x4A, 0x82, 0xE9, 0x72, 0x87, 0x6A, 0x26, 0x62, 0x05, 0x62, 0x05, 0x62, 0x25,
    0x61, 0xE5, 0x59, 0xE4, 0x59, 0xC4, 0x59, 0xC4, 0x61, 0xC4, 0x61, 0xE4, 0x61, 0xE4, 0x62, 0x04,
    0x62, 0x05, 0x61, 0xE5, 0x59, 0xC4, 0x59, 0xC4, 0x59, 0xC4, 0x59, 0xC5, 0x59, 0xC4, 0x59, 0xC4,
    0x61, 0xE5, 0x61, 0xE5, 0x61, 0xE5, 0x61, 0xE5, 0x59, 0xE5, 0x59, 0xC4, 0x51, 0xA4, 0x51, 0xA3,
    0x31, 0x22, 0x18, 0xA1, 0x20, 0xE2, 0x52, 0x26, 0xB4, 0xAE, 0xB4, 0x8F, 0x6A, 0x88, 0x62, 0x27,
    0x59, 0xE6, 0x62, 0x68, 0x6A, 0xC9, 0x6A, 0xA9, 0x41, 0xA6, 0x41, 0xC7, 0x52, 0x69, 0x41, 0xC7,
    0x41, 0xE7, 0x39, 0xA6, 0x39, 0x85, 0x4A, 0x07, 0x5A, 0x68, 0x5A, 0x28, 0x5A, 0x47, 0x5A, 0x48,
    0x52, 0x27, 0x49, 0xE6, 0x41, 0xC6, 0x49, 0xE6, 0x49, 0xE6, 0x41, 0xA5, 0x39, 0x64, 0x29, 0x03,
    0x20, 0xC1, 0x28, 0xE2, 0x31, 0x43, 0x31, 0x23, 0x18, 0xA2, 0x10, 0x40, 0x08, 0x40, 0x08, 0x40,
    0x08, 0x61, 0x08, 0x40, 0x08, 0x41, 0x08, 0x41, 0x00, 0x00, 0x29, 0x03, 0x9C, 0x4F, 0x9C, 0x4F,
    0x93, 0xED, 0x8B, 0xCD, 0x94, 0x0E, 0x9C, 0x2E, 0x93, 0xED, 0x83, 0xAC, 0x83, 0xAC, 0x8B, 0xAD,
    0x83, 0x6C, 0x73, 0x0B, 0x8B, 0xAD, 0x7B, 0x6C, 0x6A, 0xEA, 0x7B, 0x4B, 0x83, 0xAD, 0x83, 0xAD,
    0x83, 0x8C, 0x7B, 0x6C, 0x5A, 0x68, 0x41, 0xC5, 0x41, 0xE6, 0x49, 0xE6, 0x49, 0xE6, 0x41, 0xE6,
    0x39, 0xA5, 0x39, 0xA5, 0x39, 0xA5, 0x39, 0x84, 0x31, 0x64, 0x31, 0x43, 0x31, 0x64, 0x31, 0x43,
    0x29, 0x23, 0x29, 0x03, 0x28, 0xE2, 0x29, 0x03, 0x20, 0xE2, 0x20, 0xC2, 0x29, 0x03, 0x28, 0xE2,
    0x18, 0xA2, 0x00, 0x20, 0x18, 0xC2, 0x31, 0x43, 0x20, 0xE2, 0x18, 0xA1, 0x08, 0x40, 0x00, 0x20,
    0xC5, 0x53, 0xC5, 0x73, 0xBD, 0x12, 0xBD, 0x32, 0xBD, 0x32, 0xC5, 0x52, 0xC5, 0x73, 0xC5, 0x73,
    0xCD, 0x73, 0xC5, 0x53, 0xCD, 0x93, 0xC5, 0x53, 0xB4, 0xF1, 0xA4, 0x4F, 0x93, 0xAC, 0x7B, 0x2A,
    0x6A, 0xA8, 0x6A, 0xA8, 0x72, 0xE9, 0x83, 0x2A, 0x83, 0x09, 0x72, 0xA8, 0x72, 0xC8, 0x7A, 0xC8,
    0x72, 0xA8, 0x7A, 0xC8, 0x7A, 0xE9, 0x72, 0xA8, 0x72, 0x87, 0x72, 0x67, 0x8B, 0x2A, 0xAC, 0x6E,
    0x93, 0xAB, 0x8B, 0x8C, 0x8B, 0x8C, 0x93, 0xCD, 0x93, 0xCC, 0x8B, 0x4A, 0x72, 0x87, 0x62, 0x05,
    0x61, 0xE5, 0x61, 0xE5, 0x61, 0xE5, 0x61, 0xE4, 0x59, 0xE4, 0x61, 0xE4, 0x61, 0xE5, 0x62, 0x04,
    0x62, 0x04, 0x62, 0x05, 0x61, 0xE5, 0x61, 0xE5, 0x59, 0xE5, 0x59, 0xE5, 0x61, 0xE5, 0x61, 0xE5,
    0x62, 0x05, 0x62, 0x05, 0x61, 0xE5, 0x59, 0xE5, 0x59, 0xC4, 0x51, 0xA4, 0x51, 0x83, 0x51, 0x83,
    0x41, 0x43, 0x5A, 0x68, 0xAC, 0x6F, 0xCD, 0x51, 0xA4, 0x0D, 0x7A, 0xE9, 0x6A, 0x47, 0x59, 0xE6,
    0x62, 0x27, 0x73, 0x0A, 0x49, 0xE7, 0x31, 0x45, 0x39, 0xA6, 0x5A, 0x6A, 0x52, 0x49, 0x39, 0x85,
    0x41, 0xA6, 0x41, 0xC7, 0x41, 0xA6, 0x39, 0xA6, 0x31, 0x65, 0x31, 0x44, 0x31, 0x44, 0x31, 0x44,
    0x31, 0x23, 0x20, 0xC2, 0x29, 0x03, 0x49, 0xE6, 0x5A, 0x48, 0x52, 0x27, 0x49, 0xE6, 0x39, 0x64,
    0x31, 0x44, 0x18, 0xA2, 0x10, 0x41, 0x08, 0x20, 0x10, 0x60, 0x08, 0x20, 0x08, 0x20, 0x18, 0x61,
    0x10, 0x40, 0x18, 0x61, 0x18, 0x61, 0x08, 0x00, 0x31, 0x44, 0x93, 0xEE, 0x9C, 0x4F, 0x8B, 0xED,
    0x8B, 0xED, 0x8B, 0xCD, 0x93, 0xED, 0x8B, 0xCD, 0x83, 0x6C, 0x83, 0x8C, 0x8B, 0xAD, 0x83, 0x8C,
    0x7B, 0x4B, 0x83, 0x8C, 0x8B, 0xCD, 0x7B, 0x4C, 0x83, 0x6C, 0x8B, 0xCD, 0x8B, 0xAD, 0x83, 0x8D,
    0x73, 0x0B, 0x4A, 0x06, 0x41, 0xC5, 0x49, 0xE6, 0x41, 0xC6, 0x41, 0xE6, 0x41, 0xA5, 0x39, 0xA5,
    0x39, 0x85, 0x39, 0x85, 0x31, 0x44, 0x31, 0x44, 0x39, 0x64, 0x31, 0x43, 0x20, 0xE2, 0x20, 0xE2,
    0x29, 0x03, 0x29, 0x02, 0x29, 0x23, 0x20, 0xE2, 0x20, 0xC2, 0x20, 0xE2, 0x20, 0xE2, 0x20, 0xC2,
    0x18, 0xA2, 0x08, 0x20, 0x18, 0xC2, 0x31, 0x44, 0x20, 0xE2, 0x18, 0xA1, 0x08, 0x40, 0x00, 0x00,
    0xC5, 0x73, 0xC5, 0x73, 0xBD, 0x53, 0xC5, 0x53, 0xC5, 0x53, 0xC5, 0x53, 0xBD, 0x12, 0xC5, 0x52,
    0xC5, 0x32, 0xCD, 0x73, 0xCD, 0x73, 0xC5, 0x52, 0xBD, 0x12, 0xC5, 0x52, 0xC5, 0x53, 0xB4, 0xF1,
    0xA4, 0x4F, 0x83, 0x8C, 0x72, 0xE9, 0x5A, 0x06, 0x39, 0x43, 0x39, 0x02, 0x51, 0xC5, 0x72, 0xA8,
    0x7A, 0xE9, 0x72, 0xC8, 0x72, 0xA8, 0x72, 0xA8, 0x7A, 0xA8, 0x72, 0x87, 0x8B, 0x4A, 0x8B, 0x4A,
    0x62, 0x47, 0x62, 0x68, 0x6A, 0x68, 0x6A, 0x88, 0x72, 0xC9, 0x83, 0x6B, 0x93, 0xED, 0x93, 0xAC,
    0x83, 0x09, 0x62, 0x26, 0x51, 0xC4, 0x51, 0xA4, 0x59, 0xC4, 0x59, 0xC4, 0x59, 0xE5, 0x62, 0x05,
    0x62, 0x05, 0x62, 0x05, 0x62, 0x05, 0x62, 0x05, 0x62, 0x05, 0x59, 0xE4, 0x59, 0xC4, 0x59, 0xA4,
    0x51, 0xA3, 0x51, 0x83, 0x51, 0x83, 0x49, 0x83, 0x49, 0x63, 0x51, 0xA4, 0x6A, 0x67, 0x7A, 0xE9,
    0x9C, 0x2E, 0xD5, 0xB3, 0xC5, 0x31, 0x8B, 0x8A, 0x7B, 0x0A, 0x83, 0x0A, 0x6A, 0x27, 0x62, 0x07,
    0x72, 0xCA, 0x62, 0x89, 0x39, 0x85, 0x5A, 0x48, 0x5A, 0x68, 0x62, 0xA9, 0x52, 0x28, 0x39, 0x85,
    0x31, 0x45, 0x41, 0xC7, 0x41, 0xC7, 0x39, 0x85, 0x41, 0xC6, 0x41, 0xE8, 0x41, 0xE7, 0x41, 0xE7,
    0x31, 0x44, 0x39, 0x85, 0x5A, 0x47, 0x52, 0x06, 0x49, 0xE6, 0x39, 0x64, 0x41, 0x84, 0x41, 0xC5,
    0x39, 0x44, 0x30, 0xE2, 0x49, 0x43, 0x41, 0x23, 0x38, 0xE2, 0x30, 0xC1, 0x30, 0xC2, 0x28, 0x81,
    0x20, 0x81, 0x28, 0xA1, 0x20, 0x40, 0x41, 0x65, 0x94, 0x0F, 0x94, 0x2E, 0x9C, 0x4F, 0x8B, 0xED,
    0x8B, 0xAD, 0x83, 0x6C, 0x8B, 0xCD, 0x8B, 0xCD, 0x83, 0xAC, 0x83, 0x8C, 0x83, 0x8C, 0x8B, 0xCD,
    0x8B, 0xCD, 0x6A, 0xEA, 0x62, 0xA9, 0x62, 0xA9, 0x62, 0xA9, 0x73, 0x0B, 0x6A, 0xEA, 0x73, 0x0A,
    0x49, 0xE6, 0x41, 0xC6, 0x41, 0xA5, 0x39, 0x84, 0x39, 0x84, 0x39, 0x84, 0x39, 0x85, 0x39, 0x64,
    0x31, 0x44, 0x29, 0x23, 0x29, 0x23, 0x29, 0x23, 0x31, 0x43, 0x31, 0x43, 0x29, 0x03, 0x18, 0xC2,
    0x18, 0xA1, 0x20, 0xE2, 0x20, 0xE2, 0x20, 0xE2, 0x20, 0xE2, 0x20, 0xE3, 0x20, 0xE3, 0x20, 0xE2,
    0x10, 0x81, 0x08, 0x40, 0x20, 0xE2, 0x29, 0x23, 0x20, 0xC2, 0x10, 0x61, 0x08, 0x20, 0x00, 0x00,
    0xC5, 0x53, 0xCD, 0x94, 0xC5, 0x53, 0xC5, 0x73, 0xCD, 0x94, 0xC5, 0x73, 0xBC, 0xF1, 0xC5, 0x52,
    0xB4, 0xF1, 0xC5, 0x53, 0xC5, 0x73, 0xBD, 0x32, 0xB4, 0xF2, 0xBD, 0x12, 0xBD, 0x12, 0xBD, 0x12,
    0xBD, 0x12, 0xBD, 0x12, 0xB4, 0xF1, 0xA4, 0x6F, 0x93, 0xCD, 0x7B, 0x2A, 0x5A, 0x47, 0x49, 0xA5,
    0x49, 0x85, 0x49, 0xA5, 0x59, 0xE5, 0x62, 0x46, 0x6A, 0x67, 0x72, 0x88, 0x8B, 0x4A, 0x93, 0x8B,
    0x6A, 0x67, 0x6A, 0x88, 0x6A, 0x88, 0x6A, 0x88, 0x62, 0x27, 0x62, 0x27, 0x72, 0x88, 0x83, 0x2B,
    0x9B, 0xEE, 0xA4, 0x2E, 0x93, 0xAC, 0x7B, 0x09, 0x6A, 0x87, 0x5A, 0x05, 0x49, 0x84, 0x51, 0xA4,
    0x59, 0xE5, 0x59, 0xE5, 0x51, 0xA4, 0x49, 0x83, 0x51, 0x83, 0x51, 0xC5, 0x5A, 0x26, 0x6A, 0x88,
    0x83, 0x4B, 0x9C, 0x0E, 0xA4, 0x70, 0xAC, 0x90, 0xAC, 0x90, 0xB4, 0xB0, 0xCD, 0x94, 0xD5, 0xF5,
    0xDD, 0xF5, 0xDD, 0xF5, 0xC5, 0x52, 0x9C, 0x0D, 0x83, 0x2A, 0x6A, 0x68, 0x59, 0xE6, 0x62, 0x27,
    0x7B, 0x2B, 0x5A, 0x69, 0x6A, 0xCA, 0x8B, 0x8C, 0x83, 0x4B, 0x7B, 0x2B, 0x83, 0x2B, 0x7B, 0x2B,
    0x5A, 0x48, 0x49, 0xE8, 0x52, 0x29, 0x41, 0xC7, 0x31, 0x65, 0x31, 0x65, 0x31, 0x65, 0x31, 0x44,
    0x29, 0x23, 0x39, 0x85, 0x52, 0x07, 0x52, 0x07, 0x39, 0x84, 0x49, 0xC6, 0x41, 0x85, 0x20, 0xC2,
    0x39, 0x03, 0x51, 0x64, 0x49, 0x43, 0x51, 0x64, 0x59, 0xA5, 0x51, 0x63, 0x41, 0x02, 0x38, 0xE2,
    0x20, 0x60, 0x18, 0x40, 0x30, 0xC2, 0x94, 0x0E, 0x9C, 0x4F, 0x9C, 0x4F, 0x83, 0xAD, 0x7B, 0x6C,
    0x7B, 0x6C, 0x7B, 0x6C, 0x83, 0x8C, 0x8B, 0xCD, 0x83, 0xAC, 0x7B, 0x6C, 0x8B, 0xAC, 0x83, 0x6C,
    0x52, 0x48, 0x41, 0xC6, 0x41, 0xA5, 0x39, 0x85, 0x39, 0xA5, 0x39, 0xA4, 0x41, 0xC5, 0x41, 0xE6,
    0x41, 0xA5, 0x41, 0xA5, 0x41, 0xC5, 0x39, 0xA5, 0x39, 0x64, 0x31, 0x43, 0x31, 0x23, 0x29, 0x03,
    0x20, 0xC2, 0x20, 0xE2, 0x20, 0xE2, 0x20, 0xE2, 0x20, 0xE2, 0x29, 0x23, 0x31, 0x44, 0x21, 0x02,
    0x18, 0x81, 0x18, 0xA1, 0x20, 0xE2, 0x20, 0xE2, 0x20, 0xC2, 0x20, 0xC2, 0x20, 0xC2, 0x18, 0xA2,
    0x10, 0x81, 0x08, 0x40, 0x29, 0x03, 0x29, 0x03, 0x20, 0xC2, 0x18, 0x81, 0x08, 0x40, 0x00, 0x00,
    0xC5, 0x93, 0xCD, 0xB4, 0xC5, 0x53, 0xBD, 0x53, 0xBD, 0x12, 0xC5, 0x53, 0xBD, 0x52, 0xC5, 0x73,
    0xC5, 0x73, 0xC5, 0x53, 0xBD, 0x12, 0xB4, 0xF1, 0xC5, 0x53, 0xBD, 0x32, 0xBD, 0x52, 0xB5, 0x12,
    0xA4, 0x6F, 0xAC, 0xB0, 0xB4, 0xF1, 0xB5, 0x12, 0xB4, 0xF1, 0xBD, 0x12, 0xB4, 0xD1, 0x9C, 0x2F,
    0x83, 0x6C, 0x62, 0x69, 0x49, 0xE6, 0x41, 0x64, 0x49, 0xA5, 0x51, 0xE6, 0x62, 0x47, 0x8B, 0x8C,
    0x7A, 0xC9, 0x72, 0x68, 0x72, 0x67, 0x7A, 0xA8, 0x7A, 0x88, 0x7A, 0x88, 0x7A, 0x68, 0x7A, 0x68,
    0x82, 0xC9, 0x8B, 0x4B, 0x9B, 0xCD, 0xAC, 0x4E, 0xB4, 0x8E, 0xB4, 0x8F, 0x9B, 0xED, 0x51, 0xE6,
    0x39, 0x23, 0x49, 0xA4, 0x5A, 0x47, 0x7B, 0x4B, 0xA4, 0x8F, 0xC5, 0x52, 0xCD, 0xB4, 0xD5, 0xF5,
    0xDE, 0x36, 0xD5, 0xF5, 0xD5, 0xD4, 0xD5, 0xB4, 0xD5, 0xD4, 0xD5, 0xD5, 0xD5, 0xD4, 0xD5, 0xB4,
    0xCD, 0x94, 0xCD, 0x93, 0xC5, 0x73, 0xC5, 0x73, 0xA4, 0x6E, 0x6A, 0x89, 0x59, 0xE6, 0x6A, 0x68,
    0x6A, 0xCA, 0x49, 0xE7, 0x72, 0xEA, 0x83, 0x2B, 0x83, 0x2B, 0x83, 0x4B, 0x83, 0x4B, 0x7B, 0x2B,
    0x72, 0xEA, 0x5A, 0x48, 0x39, 0x85, 0x39, 0xA6, 0x31, 0x24, 0x31, 0x44, 0x29, 0x23, 0x29, 0x23,
    0x29, 0x03, 0x31, 0x23, 0x41, 0xA5, 0x29, 0x03, 0x41, 0x85, 0x41, 0x44, 0x18, 0x60, 0x20, 0x81,
    0x41, 0x02, 0x38, 0xE2, 0x30, 0xA1, 0x20, 0x60, 0x20, 0x80, 0x30, 0xC1, 0x30, 0xC2, 0x39, 0x02,
    0x20, 0x81, 0x18, 0x61, 0x83, 0x8C, 0x94, 0x0E, 0x8B, 0xEE, 0x8B, 0xCD, 0x7B, 0x6C, 0x83, 0xAC,
    0x7B, 0x6C, 0x8B, 0xCD, 0x9C, 0x2E, 0x83, 0x8C, 0x7B, 0x4B, 0x83, 0x6C, 0x8B, 0xAD, 0x62, 0x88,
    0x41, 0xA5, 0x41, 0xC6, 0x41, 0xA5, 0x41, 0xA5, 0x41, 0xA5, 0x39, 0xA5, 0x39, 0x84, 0x39, 0x84,
    0x39, 0x84, 0x39, 0x64, 0x39, 0x84, 0x41, 0xC6, 0x39, 0xA5, 0x39, 0xA5, 0x39, 0x85, 0x31, 0x64,
    0x31, 0x44, 0x20, 0xE3, 0x29, 0x02, 0x20, 0xC2, 0x18, 0xC1, 0x18, 0xC2, 0x20, 0xE2, 0x20, 0xE2,
    0x29, 0x03, 0x20, 0xC2, 0x18, 0xA1, 0x10, 0x81, 0x18, 0xA2, 0x20, 0xE3, 0x18, 0xC2, 0x18, 0xA2,
    0x10, 0x61, 0x08, 0x40, 0x29, 0x23, 0x18, 0xC2, 0x18, 0xA1, 0x10, 0x61, 0x08, 0x40, 0x00, 0x00,
    0xBD, 0x32, 0xBD, 0x53, 0xC5, 0x94, 0xC5, 0x93, 0xBD, 0x32, 0xC5, 0x73, 0xC5, 0x73, 0xBD, 0x32,
    0xC5, 0x73, 0xC5, 0x53, 0xBD, 0x32, 0xB4, 0xF1, 0xBD, 0x32, 0xBD, 0x12, 0xBD, 0x32, 0xBD, 0x12,
    0xB4, 0xD1, 0xB4, 0xD1, 0xA4, 0x6F, 0xB4, 0xD1, 0xB4, 0xF2, 0xAC, 0xB0, 0xB4, 0xF1, 0xAC, 0xB1,
    0xB4, 0xF1, 0xB4, 0xD1, 0xA4, 0x70, 0x8B, 0xCD, 0x8B, 0xCD, 0x94, 0x0E, 0x93, 0xEE, 0x9C, 0x2F,
    0x93, 0xAC, 0x72, 0xA9, 0x72, 0x67, 0x72, 0x46, 0x82, 0xA8, 0x8A, 0xC9, 0x82, 0xA8, 0x7A, 0x47,
    0x72, 0x06, 0x7A, 0xA8, 0x9B, 0xED, 0x93, 0x8C, 0x9B, 0xED, 0xB4, 0xB0, 0xC5, 0x12, 0xB4, 0xD1,
    0x9C, 0x2F, 0xBD, 0x12, 0xD5, 0xF5, 0xDE, 0x36, 0xDE, 0x36, 0xDD, 0xF5, 0xDD, 0xF5, 0xDD, 0xD5,
    0xD5, 0xB4, 0xCD, 0x52, 0xC5, 0x32, 0xC5, 0x11, 0xC5, 0x32, 0xC5, 0x53, 0xCD, 0x93, 0xD5, 0xB4,
    0xCD, 0xB3, 0xC5, 0x52, 0xBD, 0x12, 0xBD, 0x12, 0xBD, 0x11, 0xA4, 0x4E, 0x6A, 0xC9, 0x72, 0xC9,
    0x62, 0xA9, 0x39, 0x65, 0x41, 0xC7, 0x52, 0x07, 0x5A, 0x48, 0x62, 0x68, 0x62, 0x89, 0x6A, 0xC9,
    0x5A, 0x47, 0x49, 0xE6, 0x52, 0x06, 0x49, 0xE6, 0x39, 0x85, 0x29, 0x24, 0x29, 0x03, 0x28, 0xE3,
    0x29, 0x03, 0x41, 0xA5, 0x31, 0x23, 0x31, 0x43, 0x41, 0x22, 0x49, 0x23, 0x38, 0xC1, 0x38, 0xC2,
    0x38, 0xC2, 0x38, 0xE2, 0x38, 0xE2, 0x28, 0x81, 0x18, 0x40, 0x08, 0x20, 0x10, 0x40, 0x10, 0x40,
    0x00, 0x00, 0x6A, 0xEA, 0x9C, 0x2E, 0x83, 0x6C, 0x8B, 0xEE, 0x83, 0x8C, 0x8B, 0xAD, 0x8B, 0xAD,
    0x83, 0x8C, 0x9C, 0x2F, 0x93, 0xEE, 0x7B, 0x4B, 0x7B, 0x6C, 0x83, 0x8C, 0x6A, 0xCA, 0x41, 0xC5,
    0x4A, 0x06, 0x4A, 0x06, 0x41, 0xC6, 0x41, 0xC5, 0x39, 0x84, 0x39, 0xA5, 0x39, 0x84, 0x39, 0x84,
    0x39, 0x84, 0x31, 0x64, 0x31, 0x43, 0x39, 0x64, 0x31, 0x44, 0x31, 0x64, 0x39, 0x84, 0x31, 0x43,
    0x31, 0x44, 0x31, 0x64, 0x39, 0x84, 0x31, 0x64, 0x20, 0xE2, 0x20, 0xE2, 0x20, 0xE2, 0x18, 0xA1,
    0x20, 0xC2, 0x29, 0x03, 0x29, 0x03, 0x18, 0xA2, 0x10, 0x81, 0x18, 0xA2, 0x18, 0xA2, 0x10, 0x61,
    0x08, 0x41, 0x10, 0x61, 0x20, 0xE3, 0x20, 0xE2, 0x18, 0xC1, 0x10, 0x60, 0x00, 0x20, 0x00, 0x20,
    0xC5, 0x53, 0xC5, 0x73, 0xC5, 0x53, 0xC5, 0x73, 0xBD, 0x32, 0xC5, 0x53, 0xC5, 0x53, 0xC5, 0x53,
    0xC5, 0x73, 0xBD, 0x11, 0xBD, 0x32, 0xBD, 0x32, 0xBD, 0x12, 0xBD, 0x32, 0xB4, 0xF1, 0xB4, 0xF1,
    0xBD, 0x12, 0xBD, 0x32, 0xAC, 0xD1, 0xAC, 0x90, 0xB4, 0xD1, 0xB4, 0xD1, 0xB4, 0xD1, 0xAC, 0xB1,
    0xB4, 0xD1, 0xAC, 0xB0, 0xAC, 0xD1, 0xAC, 0xB0, 0xAC, 0x90, 0xBD, 0x12, 0xBD, 0x12, 0xB5, 0x13,
    0xAC, 0xB1, 0x7B, 0x0A, 0x72, 0xA9, 0x72, 0x46, 0x72, 0x26, 0x82, 0xA8, 0x8A, 0xE9, 0x82, 0xA9,
    0x72, 0x06, 0x72, 0x07, 0x93, 0x4B, 0x9B, 0xEE, 0xA4, 0x0E, 0xB4, 0xB0, 0xB4, 0xF1, 0xC5, 0x73,
    0xDE, 0x16, 0xDD, 0xF6, 0xD5, 0xB4, 0xCD, 0x94, 0xCD, 0x73, 0xC5, 0x53, 0xCD, 0x73, 0xD5, 0xB4,
    0xD5, 0xB3, 0xCD, 0x73, 0xCD, 0x52, 0xC5, 0x32, 0xC5, 0x11, 0xC5, 0x11, 0xCD, 0x52, 0xCD, 0x73,
    0xCD, 0x73, 0xC5, 0x52, 0xC5, 0x32, 0xC5, 0x52, 0xB5, 0x11, 0xAC, 0xB0, 0x93, 0xED, 0x83, 0x8C,
    0x83, 0xAD, 0x41, 0xA6, 0x39, 0x85, 0x31, 0x44, 0x29, 0x03, 0x41, 0xA5, 0x49, 0xC6, 0x31, 0x23,
    0x29, 0x03, 0x20, 0xE3, 0x28, 0xE3, 0x29, 0x23, 0x52, 0x27, 0x49, 0xC6, 0x20, 0xE2, 0x20, 0xE3,
    0x31, 0x44, 0x41, 0x64, 0x30, 0xE2, 0x39, 0x02, 0x49, 0x43, 0x49, 0x23, 0x41, 0x23, 0x38, 0xE2,
    0x30, 0xA2, 0x20, 0x61, 0x28, 0xA1, 0x20, 0x81, 0x10, 0x40, 0x08, 0x20, 0x00, 0x00, 0x00, 0x00,
    0x31, 0x64, 0x8B, 0xCD, 0x7B, 0x4B, 0x93, 0xEE, 0x94, 0x0E, 0x8B, 0xED, 0x83, 0x8C, 0x7B, 0x6C,
    0x8B, 0xCD, 0x8B, 0xAD, 0x73, 0x0A, 0x72, 0xEA, 0x83, 0x6C, 0x73, 0x0A, 0x4A, 0x06, 0x4A, 0x06,
    0x41, 0xC6, 0x39, 0xA5, 0x39, 0xA5, 0x41, 0xA5, 0x41, 0xA5, 0x39, 0x64, 0x39, 0x64, 0x41, 0xA5,
    0x31, 0x64, 0x29, 0x23, 0x31, 0x64, 0x31, 0x44, 0x31, 0x44, 0x31, 0x43, 0x31, 0x64, 0x31, 0x23,
    0x29, 0x23, 0x29, 0x03, 0x29, 0x23, 0x29, 0x23, 0x29, 0x23, 0x31, 0x64, 0x31, 0x44, 0x29, 0x23,
    0x20, 0xE2, 0x18, 0xA2, 0x20, 0xC2, 0x18, 0xC2, 0x20, 0xC2, 0x18, 0xA2, 0x08, 0x41, 0x08, 0x41,
    0x08, 0x20, 0x10, 0x61, 0x20, 0xE2, 0x18, 0xC2, 0x18, 0xA1, 0x10, 0x61, 0x08, 0x20, 0x20, 0xE2,
    0xBD, 0x33, 0xC5, 0x73, 0xC5, 0x73, 0xC5, 0x93, 0xC5, 0x73, 0xBD, 0x32, 0xBD, 0x53, 0xBD, 0x12,
    0xBD, 0x32, 0xC5, 0x53, 0xBD, 0x53, 0xBD, 0x12, 0xBD, 0x12, 0xB4, 0xF1, 0xBD, 0x32, 0xB4, 0xF1,
    0xB4, 0xF1, 0xBD, 0x32, 0xB4, 0xD1, 0xAC, 0xD1, 0xB4, 0xD1, 0xBD, 0x12, 0xB4, 0xD1, 0xAC, 0xB0,
    0xB4, 0xD1, 0xA4, 0x90, 0xA4, 0x90, 0xAC, 0x90, 0xA4, 0x4F, 0xA4, 0x70, 0xB4, 0xF1, 0xB4, 0xF2,
    0xAC, 0xB1, 0xA4, 0x6F, 0x7B, 0x2B, 0x72, 0xA9, 0x72, 0x47, 0x72, 0x27, 0x72, 0x26, 0x6A, 0x06,
    0x69, 0xE6, 0x69, 0xA5, 0x69, 0xE6, 0x8B, 0x4B, 0x9B, 0xCD, 0x93, 0xCD, 0xBC, 0xF2, 0xCD, 0x94,
    0xCD, 0x94, 0xCD, 0x74, 0xCD, 0x94, 0xCD, 0x93, 0xC5, 0x53, 0xC5, 0x32, 0xC5, 0x53, 0xCD, 0x73,
    0xCD, 0x73, 0xCD, 0x52, 0xC5, 0x32, 0xC5, 0x11, 0xBC, 0xF1, 0xBC, 0xF1, 0xC5, 0x11, 0xC5, 0x32,
    0xCD, 0x52, 0xC5, 0x52, 0xC5, 0x32, 0xC5, 0x32, 0xB4, 0xF1, 0xA4, 0x6F, 0x93, 0xCD, 0x8B, 0x8C,
    0xAC, 0xB1, 0x83, 0x8C, 0x5A, 0x48, 0x39, 0x85, 0x41, 0x85, 0x52, 0x07, 0x49, 0xE6, 0x6A, 0xA9,
    0x6A, 0xA9, 0x52, 0x27, 0x41, 0xC5, 0x29, 0x03, 0x20, 0xA2, 0x31, 0x24, 0x18, 0xA2, 0x20, 0xC2,
    0x20, 0xC2, 0x41, 0x02, 0x38, 0xE2, 0x20, 0x60, 0x39, 0x02, 0x38, 0xE2, 0x38, 0xE2, 0x30, 0xC1,
    0x30, 0xA1, 0x28, 0xA1, 0x10, 0x40, 0x08, 0x00, 0x00, 0x00, 0x00, 0x00, 0x21, 0x03, 0x73, 0x0A,
    0x8B, 0xAC, 0x83, 0x8C, 0x8B, 0xCD, 0x94, 0x0E, 0x8B, 0xCD, 0x7B, 0x4C, 0x7B, 0x2B, 0x73, 0x2B,
    0x6A, 0xEB, 0x7B, 0x4C, 0x73, 0x0B, 0x7B, 0x4C, 0x6A, 0xEA, 0x49, 0xE6, 0x41, 0xC6, 0x41, 0xC5,
    0x41, 0xC6, 0x41, 0xC6, 0x41, 0xC6, 0x41, 0xE6, 0x39, 0xA5, 0x39, 0x84, 0x39, 0x64, 0x31, 0x43,
    0x39, 0x64, 0x31, 0x43, 0x31, 0x43, 0x31, 0x23, 0x29, 0x23, 0x29, 0x23, 0x31, 0x23, 0x31, 0x43,
    0x31, 0x43, 0x29, 0x03, 0x29, 0x23, 0x31, 0x24, 0x31, 0x44, 0x31, 0x44, 0x29, 0x03, 0x29, 0x03,
    0x29, 0x03, 0x29, 0x03, 0x20, 0xC2, 0x20, 0xE3, 0x10, 0x81, 0x18, 0xA2, 0x10, 0x81, 0x08, 0x40,
    0x08, 0x20, 0x10, 0x61, 0x29, 0x03, 0x18, 0xA2, 0x18, 0xA1, 0x10, 0x40, 0x10, 0x40, 0x29, 0x22,
    0xC5, 0x52, 0xC5, 0x73, 0xC5, 0x93, 0xC5, 0x73, 0xC5, 0x53, 0xBD, 0x32, 0xC5, 0x53, 0xBD, 0x53,
    0xBD, 0x32, 0xBD, 0x12, 0xBD, 0x33, 0xBD, 0x12, 0xBD, 0x12, 0xBD, 0x32, 0xBD, 0x12, 0xBD, 0x12,
    0xB4, 0xF1, 0xB4, 0xF2, 0xB4, 0xD1, 0xB4, 0xD1, 0xB4, 0xD1, 0xB4, 0xF1, 0xAC, 0xD1, 0xAC, 0xD1,
    0xB4, 0xF1, 0xAC, 0xB0, 0xAC, 0xB0, 0xA4, 0x90, 0xA4, 0x4F, 0x9C, 0x4F, 0xA4, 0x6F, 0xAC, 0xB0,
    0xB4, 0xF2, 0xB4, 0xF2, 0xAC, 0xD1, 0x93, 0xEE, 0x83, 0x4B, 0x83, 0x0B, 0x72, 0x68, 0x72, 0x47,
    0x6A, 0x06, 0x61, 0xA5, 0x61, 0x84, 0x72, 0x27, 0x93, 0x8C, 0x9B, 0xEE, 0xC5, 0x33, 0xD5, 0xD5,
    0xD5, 0xB5, 0xCD, 0x94, 0xCD, 0x94, 0xCD, 0x74, 0xC5, 0x53, 0xC5, 0x53, 0xC5, 0x53, 0xCD, 0x73,
    0xCD, 0x53, 0xC5, 0x53, 0xC5, 0x32, 0xC5, 0x11, 0xC5, 0x11, 0xC5, 0x32, 0xC5, 0x32, 0xBC, 0xF1,
    0xB4, 0xB0, 0xB4, 0xB0, 0xB4, 0xB0, 0xAC, 0x6F, 0x9C, 0x2E, 0x93, 0xED, 0x8B, 0xAC, 0x7B, 0x4B,
    0xA4, 0x90, 0xB5, 0x12, 0xAC, 0xB0, 0x8B, 0xAD, 0x5A, 0x68, 0x52, 0x27, 0x5A, 0x68, 0x6A, 0xA9,
    0x7B, 0x2B, 0x72, 0xEA, 0x6A, 0xA9, 0x62, 0x68, 0x49, 0xC6, 0x31, 0x23, 0x10, 0x61, 0x20, 0x81,
    0x39, 0x03, 0x41, 0x23, 0x41, 0x02, 0x28, 0x81, 0x39, 0x02, 0x41, 0x02, 0x30, 0xC1, 0x28, 0xA1,
    0x18, 0x61, 0x08, 0x20, 0x00, 0x00, 0x00, 0x00, 0x00, 0x00, 0x31, 0x44, 0x83, 0x8D, 0x83, 0x6C,
    0x8B, 0xAD, 0x83, 0x6C, 0x83, 0x8C, 0x8B, 0xAD, 0x7B, 0x6C, 0x73, 0x0B, 0x7B, 0x6C, 0x73, 0x0B,
    0x73, 0x2B, 0x7B, 0x4C, 0x7B, 0x4C, 0x73, 0x2B, 0x4A, 0x07, 0x41, 0xC6, 0x39, 0xA5, 0x39, 0x84,
    0x41, 0xA5, 0x41, 0xC6, 0x39, 0xA5, 0x39, 0xA5, 0x39, 0x64, 0x39, 0x85, 0x39, 0x64, 0x31, 0x64,
    0x31, 0x64, 0x39, 0x64, 0x31, 0x43, 0x29, 0x23, 0x29, 0x03, 0x29, 0x23, 0x31, 0x44, 0x29, 0x23,
    0x29, 0x23, 0x29, 0x23, 0x31, 0x44, 0x31, 0x44, 0x31, 0x24, 0x29, 0x23, 0x29, 0x03, 0x29, 0x03,
    0x20, 0xC2, 0x29, 0x03, 0x29, 0x03, 0x20, 0xE3, 0x20, 0xE3, 0x20, 0xC3, 0x10, 0x82, 0x08, 0x40,
    0x00, 0x00, 0x10, 0x61, 0x29, 0x03, 0x20, 0xC2, 0x18, 0xA1, 0x08, 0x20, 0x18, 0xA1, 0x29, 0x22,
    0xCD, 0x73, 0xC5, 0x73, 0xBD, 0x32, 0xBD, 0x52, 0xC5, 0x73, 0xBD, 0x12, 0xBD, 0x12, 0xC5, 0x53,
    0xC5, 0x53, 0xBD, 0x32, 0xBD, 0x32, 0xBD, 0x32, 0xBD, 0x12, 0xAC, 0x90, 0xA4, 0x6F, 0xBC, 0xF2,
    0xBD, 0x32, 0xB4, 0xF1, 0xAC, 0xB0, 0xAC, 0x90, 0xA4, 0x6F, 0xAC, 0x90, 0xAC, 0xB0, 0xAC, 0x90,
    0xAC, 0xB0, 0xAC, 0x90, 0xAC, 0x8F, 0xAC, 0x90, 0xA4, 0x6F, 0xA4, 0x6F, 0xA4, 0x70, 0xAC, 0xB1,
    0xB4, 0xD1, 0xB4, 0xF1, 0xB5, 0x12, 0xB5, 0x12, 0x93, 0xCD, 0x72, 0x88, 0x83, 0x0A, 0x93, 0x6C,
    0x8B, 0x0B, 0x7A, 0xA9, 0x6A, 0x27, 0x8B, 0x4B, 0xBC, 0xF2, 0xCD, 0x74, 0xDE, 0x16, 0xD5, 0xD5,
    0xCD, 0x94, 0xCD, 0x94, 0xCD, 0x74, 0xCD, 0x73, 0xC5, 0x53, 0xC5, 0x53, 0xC5, 0x53, 0xCD, 0x73,
    0xCD, 0x73, 0xC5, 0x53, 0xC5, 0x32, 0xC5, 0x32, 0xC5, 0x32, 0xBD, 0x11, 0xB4, 0xB0, 0xA4, 0x4E,
    0x9C, 0x0D, 0x9C, 0x0D, 0x93, 0xED, 0x8B, 0xCD, 0x83, 0x8C, 0x83, 0xAC, 0x83, 0x8C, 0x7B, 0x2B,
    0x9C, 0x4E, 0xB4, 0xF2, 0xBD, 0x53, 0xC5, 0x73, 0xB4, 0xF1, 0x94, 0x0F, 0x73, 0x2B, 0x52, 0x27,
    0x62, 0x68, 0x62, 0x88, 0x51, 0xE6, 0x39, 0x63, 0x31, 0x23, 0x31, 0x02, 0x28, 0xE2, 0x20, 0xE3,
    0x28, 0x81, 0x20, 0x61, 0x20, 0x40, 0x18, 0x40, 0x18, 0x60, 0x18, 0x40, 0x08, 0x00, 0x00, 0x00,
    0x00, 0x00, 0x00, 0x00, 0x00, 0x20, 0x00, 0x00, 0x31, 0x65, 0x8B, 0xCD, 0x83, 0x8C, 0x83, 0xAD,
    0x83, 0x8C, 0x73, 0x2B, 0x7B, 0x4B, 0x7B, 0x4C, 0x73, 0x2B, 0x7B, 0x6C, 0x6A, 0xEB, 0x6A, 0xEB,
    0x83, 0x6C, 0x83, 0x8D, 0x83, 0x8C, 0x5A, 0x68, 0x41, 0xA5, 0x41, 0xC5, 0x39, 0x84, 0x39, 0x84,
    0x39, 0x84, 0x41, 0xA5, 0x41, 0xA5, 0x39, 0x85, 0x39, 0xA5, 0x39, 0x84, 0x31, 0x44, 0x31, 0x44,
    0x31, 0x44, 0x31, 0x64, 0x31, 0x43, 0x29, 0x23, 0x31, 0x23, 0x29, 0x02, 0x29, 0x23, 0x31, 0x44,
    0x29, 0x23, 0x29, 0x03, 0x31, 0x64, 0x31, 0x64, 0x29, 0x23, 0x29, 0x23, 0x29, 0x03, 0x29, 0x03,
    0x29, 0x03, 0x29, 0x03, 0x20, 0xE2, 0x20, 0xC2, 0x20, 0xC3, 0x20, 0xE3, 0x18, 0xC3, 0x18, 0xA1,
    0x08, 0x40, 0x10, 0x61, 0x20, 0xA1, 0x18, 0xA1, 0x10, 0x61, 0x08, 0x20, 0x20, 0xE2, 0x29, 0x03,
    0xC5, 0x52, 0xC5, 0x73, 0xC5, 0x53, 0xBD, 0x32, 0xBD, 0x32, 0xC5, 0x53, 0xC5, 0x73, 0xC5, 0x52,
    0xBD, 0x32, 0xBD, 0x32, 0xBD, 0x12, 0xBD, 0x32, 0xBD, 0x53, 0xB5, 0x11, 0xA4, 0x90, 0xB4, 0xD1,
    0xB4, 0xF1, 0xB4, 0xF1, 0xB4, 0xD1, 0xB4, 0xD1, 0xAC, 0xB0, 0xAC, 0xB0, 0xA4, 0x70, 0xAC, 0x90,
    0xAC, 0x90, 0xAC, 0xB0, 0xAC, 0xB0, 0xA4, 0x90, 0xA4, 0x6F, 0xA4, 0x6F, 0xA4, 0x70, 0xA4, 0x90,
    0xAC, 0x90, 0xB4, 0xF2, 0xB4, 0xF1, 0xAC, 0xB1, 0xB4, 0xF1, 0x8B, 0x6B, 0x9B, 0xED, 0xAC, 0x4F,
    0xAC, 0x4F, 0xB4, 0x70, 0xAC, 0x6F, 0xCD, 0x74, 0xD5, 0xD5, 0xD5, 0xB5, 0xCD, 0xB4, 0xCD, 0x94,
    0xCD, 0x94, 0xCD, 0x74, 0xCD, 0x73, 0xC5, 0x53, 0xC5, 0x33, 0xBD, 0x12, 0xBD, 0x12, 0xC5, 0x32,
    0xC5, 0x32, 0xBD, 0x12, 0xBD, 0x12, 0xBD, 0x12, 0xB4, 0xD1, 0xAC, 0x6F, 0x9C, 0x2E, 0x8B, 0x8C,
    0x83, 0x6B, 0x7B, 0x2B, 0x7B, 0x2A, 0x7B, 0x4B, 0x7B, 0x4B, 0x83, 0x6C, 0x8B, 0xCD, 0x83, 0x8C,
    0x8B, 0xCD, 0x9C, 0x4F, 0xAC, 0xB0, 0xC5, 0x73, 0xCD, 0xB4, 0xC5, 0x73, 0xBD, 0x53, 0xB4, 0xF2,
    0x94, 0x0E, 0x7B, 0x4B, 0x7B, 0x4B, 0x73, 0x2A, 0x49, 0xE5, 0x49, 0xE6, 0x8B, 0xED, 0xA4, 0x90,
    0x6A, 0xCA, 0x52, 0x28, 0x4A, 0x07, 0x29, 0x23, 0x20, 0xE3, 0x29, 0x04, 0x29, 0x24, 0x31, 0x44,
    0x31, 0x44, 0x31, 0x64, 0x29, 0x24, 0x31, 0x24, 0x7B, 0x6C, 0x83, 0x8C, 0x8B, 0xCD, 0x83, 0x8C,
    0x73, 0x0B, 0x72, 0xEB, 0x73, 0x0B, 0x7B, 0x4C, 0x7B, 0x6C, 0x7B, 0x4C, 0x7B, 0x2B, 0x83, 0x8C,
    0x8B, 0xAD, 0x8B, 0xCD, 0x62, 0xA9, 0x39, 0xA5, 0x41, 0xA5, 0x39, 0x85, 0x39, 0xA5, 0x39, 0x84,
    0x41, 0xA5, 0x41, 0xA5, 0x41, 0xA5, 0x39, 0x85, 0x39, 0x84, 0x41, 0xA5, 0x39, 0x84, 0x31, 0x64,
    0x31, 0x64, 0x31, 0x43, 0x29, 0x23, 0x31, 0x43, 0x39, 0x64, 0x31, 0x23, 0x29, 0x23, 0x31, 0x23,
    0x29, 0x03, 0x29, 0x03, 0x29, 0x23, 0x29, 0x23, 0x29, 0x23, 0x29, 0x23, 0x31, 0x44, 0x29, 0x23,
    0x29, 0x23, 0x31, 0x23, 0x20, 0xE2, 0x18, 0xC2, 0x18, 0xA2, 0x18, 0xC2, 0x18, 0xC3, 0x18, 0xA1,
    0x10, 0x61, 0x08, 0x40, 0x18, 0x81, 0x20, 0xC2, 0x10, 0x61, 0x10, 0x81, 0x31, 0x44, 0x20, 0xE3,
    0xC5, 0x52, 0xC5, 0x52, 0xCD, 0x73, 0xCD, 0x93, 0xAC, 0xB0, 0xB4, 0xF1, 0xC5, 0x32, 0xC5, 0x32,
    0xBD, 0x32, 0xC5, 0x32, 0xC5, 0x53, 0xC5, 0x53, 0xBD, 0x32, 0xBD, 0x12, 0xC5, 0x53, 0xBD, 0x32,
    0xAC, 0xD1, 0xAC, 0xB0, 0xBD, 0x12, 0xB4, 0xF2, 0xB4, 0xF1, 0xB4, 0xD1, 0xAC, 0xB1, 0xAC, 0xB0,
    0xAC, 0x90, 0xAC, 0xB0, 0xAC, 0xD1, 0xAC, 0xB1, 0xAC, 0xB1, 0x9C, 0x2F, 0x9C, 0x4F, 0xA4, 0x4F,
    0xAC, 0x90, 0xAC, 0xB1, 0xB4, 0xD1, 0xB4, 0xD1, 0xBD, 0x12, 0xBD, 0x32, 0xB4, 0xD1, 0xB4, 0xB0,
    0xAC, 0x6F, 0xAC, 0x6F, 0xC5, 0x52, 0xDE, 0x15, 0xCD, 0x73, 0xBD, 0x12, 0xD5, 0xB5, 0xD5, 0xB4,
    0xCD, 0x74, 0xC5, 0x53, 0xC5, 0x33, 0xC5, 0x32, 0xBC, 0xF1, 0xBC, 0xF1, 0xBD, 0x12, 0xC5, 0x53,
    0xC5, 0x53, 0xBD, 0x32, 0xB4, 0xB1, 0xA4, 0x2F, 0xA4, 0x4F, 0x9C, 0x0E, 0x8B, 0xAD, 0x7B, 0x0A,
    0x72, 0xE9, 0x72, 0xE9, 0x72, 0xC9, 0x72, 0xEA, 0x73, 0x0A, 0x7B, 0x4B, 0x8B, 0xCE, 0x7B, 0x6C,
    0x5A, 0x68, 0x83, 0x6C, 0x9C, 0x2E, 0xAC, 0xB0, 0xC5, 0x73, 0xC5, 0x73, 0xC5, 0x53, 0xC5, 0x74,
    0xC5, 0x94, 0xC5, 0x74, 0xC5, 0x74, 0xBD, 0x53, 0xAC, 0xD1, 0x9C, 0x4F, 0xA4, 0x6F, 0xAC, 0xB1,
    0xB5, 0x12, 0x94, 0x0E, 0x8B, 0xCE, 0x94, 0x2F, 0x73, 0x4C, 0x62, 0xAA, 0x62, 0xAA, 0x5A, 0x8A,
    0x5A, 0x69, 0x5A, 0x69, 0x62, 0xAA, 0x8B, 0xCD, 0x83, 0x8C, 0x73, 0x2B, 0x73, 0x0A, 0x73, 0x2B,
    0x73, 0x0B, 0x6A, 0xCA, 0x7B, 0x4C, 0x83, 0x6C, 0x83, 0x6C, 0x73, 0x0B, 0x83, 0x6C, 0x7B, 0x6C,
    0x83, 0x8C, 0x73, 0x0B, 0x41, 0xA5, 0x41, 0xC5, 0x41, 0xC6, 0x39, 0x85, 0x39, 0x85, 0x41, 0xA5,
    0x41, 0xC5, 0x39, 0x84, 0x31, 0x64, 0x31, 0x64, 0x39, 0x84, 0x41, 0xC5, 0x41, 0xA5, 0x39, 0x84,
    0x39, 0x85, 0x39, 0x85, 0x31, 0x44, 0x31, 0x23, 0x31, 0x64, 0x31, 0x23, 0x29, 0x03, 0x29, 0x23,
    0x29, 0x03, 0x29, 0x03, 0x29, 0x23, 0x29, 0x03, 0x29, 0x23, 0x31, 0x64, 0x39, 0x64, 0x29, 0x23,
    0x29, 0x03, 0x21, 0x03, 0x29, 0x03, 0x20, 0xE3, 0x18, 0xC3, 0x18, 0xC2, 0x18, 0xA2, 0x18, 0x81,
    0x10, 0x81, 0x08, 0x20, 0x08, 0x20, 0x10, 0x40, 0x10, 0x61, 0x18, 0xC2, 0x29, 0x03, 0x31, 0x44,
    0xCD, 0x73, 0xC5, 0x73, 0xC5, 0x52, 0xCD, 0x73, 0xC5, 0x53, 0xC5, 0x53, 0xC5, 0x53, 0xC5, 0x52,
    0xC5, 0x52, 0xB5, 0x11, 0xB4, 0xF1, 0xBD, 0x32, 0xBD, 0x12, 0xB4, 0xF1, 0xBD, 0x12, 0xBD, 0x12,
    0xBD, 0x12, 0xB4, 0xF1, 0xB4, 0xF1, 0xBD, 0x12, 0xB4, 0xF1, 0xAC, 0xB1, 0xAC, 0xD1, 0xB4, 0xF1,
    0xAC, 0xD1, 0xAC, 0xD1, 0xB4, 0xF2, 0xB4, 0xF2, 0xB4, 0xF2, 0xAC, 0xD2, 0xA4, 0x90, 0xA4, 0x90,
    0xA4, 0x70, 0xA4, 0x90, 0xAC, 0xD1, 0xA4, 0x90, 0xAC, 0xD1, 0xBD, 0x12, 0xAC, 0xB1, 0xC5, 0x94,
    0xD6, 0x15, 0xC5, 0x52, 0xBC, 0xF0, 0xB4, 0xB0, 0x8B, 0x6B, 0xA4, 0x2E, 0xC5, 0x32, 0xCD, 0x73,
    0xD5, 0xB4, 0xCD, 0xB4, 0xCD, 0x94, 0xCD, 0x74, 0xCD, 0x94, 0xD5, 0xB4, 0xCD, 0x94, 0xC5, 0x53,
    0xB4, 0xD1, 0x93, 0xCD, 0x7B, 0x0A, 0x6A, 0xA9, 0x6A, 0xCA, 0x6A, 0xCA, 0x6A, 0xCA, 0x6A, 0xCA,
    0x6A, 0xA9, 0x6A, 0xCA, 0x6A, 0xC9, 0x62, 0x89, 0x62, 0x89, 0x72, 0xEA, 0x6A, 0xCA, 0x39, 0x85,
    0x08, 0x00, 0x5A, 0x68, 0x9C, 0x2E, 0xA4, 0x4F, 0xBC, 0xF1, 0xC5, 0x52, 0xBD, 0x32, 0xBD, 0x12,
    0xBD, 0x12, 0xBD, 0x32, 0xC5, 0x53, 0xC5, 0x53, 0xC5, 0x53, 0xBD, 0x33, 0xAC, 0xD1, 0xAC, 0xB1,
    0xA4, 0xB0, 0xAC, 0xB1, 0x8B, 0xEE, 0x7B, 0x4C, 0x9C, 0x4F, 0x83, 0x8D, 0x6A, 0xCA, 0x6A, 0xEA,
    0x62, 0xCA, 0x6A, 0xEA, 0x8B, 0xED, 0x83, 0xAD, 0x7B, 0x6C, 0x73, 0x0A, 0x73, 0x2B, 0x7B, 0x2B,
    0x7B, 0x6C, 0x73, 0x2B, 0x83, 0x8C, 0x83, 0x8D, 0x73, 0x2B, 0x6A, 0xEA, 0x73, 0x0B, 0x6B, 0x0A,
    0x5A, 0x68, 0x41, 0xC5, 0x41, 0xE6, 0x39, 0xA5, 0x41, 0xC5, 0x41, 0xA5, 0x39, 0x84, 0x39, 0x84,
    0x39, 0x84, 0x31, 0x64, 0x31, 0x44, 0x39, 0x64, 0x31, 0x43, 0x31, 0x44, 0x39, 0x84, 0x39, 0x64,
    0x31, 0x64, 0x31, 0x44, 0x39, 0x64, 0x29, 0x03, 0x29, 0x23, 0x29, 0x23, 0x29, 0x23, 0x29, 0x23,
    0x29, 0x03, 0x29, 0x03, 0x29, 0x03, 0x31, 0x44, 0x29, 0x03, 0x31, 0x44, 0x31, 0x44, 0x29, 0x03,
    0x29, 0x03, 0x21, 0x03, 0x20, 0xE2, 0x20, 0xE2, 0x20, 0xE2, 0x20, 0xC2, 0x18, 0xA2, 0x18, 0xA2,
    0x10, 0x81, 0x00, 0x20, 0x00, 0x00, 0x00, 0x00, 0x08, 0x61, 0x21, 0x03, 0x21, 0x03, 0x31, 0x44,
    0xC5, 0x73, 0xC5, 0x53, 0xCD, 0xB4, 0xCD, 0x93, 0xC5, 0x52, 0xC5, 0x73, 0xC5, 0x53, 0xC5, 0x32,
    0xB4, 0xF1, 0xBD, 0x12, 0xB4, 0xF1, 0xBD, 0x12, 0xBD, 0x12, 0xBD, 0x12, 0xB4, 0xD1, 0xBD, 0x12,
    0xB5, 0x12, 0xB4, 0xD1, 0xB4, 0xF1, 0xBD, 0x32, 0xB5, 0x12, 0xB4, 0xF1, 0xAC, 0xD1, 0xB4, 0xD1,
    0xB4, 0xF2, 0xAC, 0xD1, 0xB5, 0x12, 0xB5, 0x13, 0xB5, 0x12, 0xB5, 0x12, 0xAC, 0xF2, 0xAC, 0xB1,
    0xA4, 0x90, 0xAC, 0xB1, 0xAC, 0xD1, 0xAC, 0xB1, 0xAC, 0xD1, 0xAC, 0xD1, 0xAC, 0xB1, 0xCD, 0xB4,
    0xDE, 0x36, 0xCD, 0x73, 0xBC, 0xF0, 0x9C, 0x2D, 0x83, 0x2A, 0x7B, 0x09, 0xA4, 0x4F, 0xC5, 0x32,
    0xBC, 0xF1, 0xB4, 0xD1, 0xBD, 0x32, 0xD5, 0xB5, 0xC5, 0x33, 0xBC, 0xD1, 0xA4, 0x0F, 0x7B, 0x0A,
    0x41, 0xA5, 0x20, 0xC3, 0x20, 0xC2, 0x29, 0x03, 0x41, 0x85, 0x52, 0x07, 0x6A, 0xCA, 0x6A, 0xCA,
    0x6A, 0xEA, 0x6A, 0xEA, 0x73, 0x0B, 0x6A, 0xEA, 0x52, 0x07, 0x31, 0x24, 0x39, 0x44, 0x41, 0x85,
    0x00, 0x00, 0x41, 0x85, 0x93, 0xCD, 0x8B, 0x8C, 0x8B, 0x8B, 0x93, 0xCC, 0x93, 0xCC, 0x93, 0xED,
    0x9C, 0x2E, 0xAC, 0x8F, 0xB4, 0xD1, 0xB4, 0xD0, 0xB4, 0xF1, 0xBD, 0x32, 0xC5, 0x53, 0xC5, 0x73,
    0xBD, 0x53, 0xBD, 0x53, 0xBD, 0x32, 0x94, 0x0E, 0x62, 0x89, 0x73, 0x0B, 0x6B, 0x0B, 0x8B, 0xAD,
    0x93, 0xEE, 0x8B, 0xCD, 0x83, 0x8C, 0x7B, 0x6C, 0x7B, 0x6C, 0x62, 0xA9, 0x7B, 0x6C, 0x83, 0x8D,
    0x7B, 0x4C, 0x73, 0x2B, 0x83, 0x6C, 0x7B, 0x4C, 0x6A, 0xEB, 0x73, 0x0B, 0x6A, 0xC9, 0x4A, 0x06,
    0x39, 0xA5, 0x41, 0xC5, 0x41, 0xC5, 0x39, 0xA5, 0x39, 0x85, 0x39, 0xA5, 0x39, 0x85, 0x31, 0x44,
    0x31, 0x64, 0x39, 0x84, 0x31, 0x64, 0x39, 0x84, 0x39, 0x84, 0x31, 0x64, 0x31, 0x43, 0x31, 0x43,
    0x31, 0x63, 0x31, 0x64, 0x31, 0x44, 0x31, 0x44, 0x31, 0x64, 0x31, 0x44, 0x31, 0x23, 0x29, 0x23,
    0x29, 0x03, 0x20, 0xE2, 0x29, 0x02, 0x31, 0x43, 0x31, 0x64, 0x29, 0x23, 0x29, 0x23, 0x31, 0x44,
    0x31, 0x64, 0x29, 0x23, 0x20, 0xE2, 0x20, 0xE3, 0x20, 0xE2, 0x20, 0xE2, 0x18, 0xA2, 0x18, 0xA1,
    0x10, 0x60, 0x08, 0x40, 0x00, 0x00, 0x00, 0x00, 0x18, 0x81, 0x29, 0x03, 0x31, 0x64, 0x29, 0x23,
    0xC5, 0x73, 0xBD, 0x32, 0xC5, 0x73, 0xC5, 0x73, 0xC5, 0x53, 0xC5, 0x53, 0xC5, 0x74, 0xBD, 0x32,
    0xB4, 0xD1, 0xB4, 0xF1, 0xBD, 0x32, 0xBD, 0x32, 0xBD, 0x12, 0xBD, 0x32, 0xBD, 0x32, 0xBD, 0x32,
    0xBD, 0x12, 0xBD, 0x12, 0xB4, 0xF2, 0xBD, 0x12, 0xB4, 0xF2, 0xB5, 0x12, 0xBD, 0x12, 0xB5, 0x12,
    0xBD, 0x32, 0xB5, 0x32, 0xB4, 0xF2, 0xB4, 0xF2, 0xAC, 0xF2, 0xAC, 0xD1, 0xB4, 0xF2, 0xAC, 0xD1,
    0xA4, 0x70, 0xAC, 0xD1, 0xAC, 0xF2, 0xAC, 0xF2, 0xB4, 0xF2, 0xB5, 0x12, 0xB5, 0x33, 0xC5, 0x73,
    0xD5, 0xD4, 0xCD, 0x93, 0xBC, 0xF0, 0xAC, 0x6E, 0x9B, 0xED, 0xA4, 0x4E, 0xCD, 0xB4, 0xD5, 0xD5,
    0xBD, 0x32, 0xAC, 0x90, 0x9C, 0x0E, 0xAC, 0x70, 0xB4, 0x70, 0x6A, 0x69, 0x41, 0x85, 0x10, 0x61,
    0x08, 0x21, 0x10, 0x61, 0x08, 0x20, 0x08, 0x20, 0x10, 0x40, 0x5A, 0x48, 0x83, 0x8D, 0x6A, 0xCA,
    0x6A, 0xA9, 0x73, 0x0A, 0x83, 0x6C, 0x8B, 0xEE, 0x73, 0x0B, 0x28, 0xE2, 0x20, 0x82, 0x29, 0x04,
    0x18, 0x82, 0x6A, 0xA9, 0x83, 0x6B, 0x7B, 0x09, 0x72, 0xE9, 0x73, 0x09, 0x73, 0x09, 0x73, 0x0A,
    0x7B, 0x2A, 0x83, 0x6B, 0x83, 0x8B, 0x83, 0x8B, 0x8B, 0x8C, 0x93, 0xED, 0x9C, 0x0E, 0x9C, 0x2E,
    0x9C, 0x4F, 0xA4, 0x90, 0xAC, 0xB0, 0xB4, 0xF1, 0x94, 0x0E, 0x73, 0x2B, 0x7B, 0x4C, 0x6A, 0xEA,
    0x6A, 0xEA, 0x83, 0x8C, 0x7B, 0x2B, 0x7B, 0x4C, 0x83, 0x8C, 0x6A, 0xCA, 0x7B, 0x4C, 0x73, 0x2B,
    0x6A, 0xCA, 0x7B, 0x4C, 0x73, 0x2B, 0x73, 0x2B, 0x73, 0x2C, 0x73, 0x0B, 0x4A, 0x26, 0x4A, 0x06,
    0x41, 0xC6, 0x41, 0xC5, 0x39, 0xA5, 0x41, 0xA5, 0x41, 0xC5, 0x41, 0xC5, 0x39, 0x84, 0x41, 0xA5,
    0x39, 0x64, 0x39, 0x84, 0x31, 0x43, 0x31, 0x43, 0x31, 0x43, 0x31, 0x43, 0x31, 0x63, 0x31, 0x64,
    0x31, 0x64, 0x31, 0x64, 0x31, 0x43, 0x31, 0x44, 0x39, 0x64, 0x29, 0x23, 0x29, 0x03, 0x29, 0x23,
    0x31, 0x43, 0x29, 0x02, 0x20, 0xE2, 0x29, 0x02, 0x31, 0x44, 0x29, 0x23, 0x29, 0x23, 0x31, 0x23,
    0x31, 0x43, 0x29, 0x23, 0x29, 0x03, 0x21, 0x03, 0x20, 0xC3, 0x20, 0xE3, 0x18, 0xC2, 0x18, 0xA1,
    0x10, 0x61, 0x08, 0x20, 0x00, 0x00, 0x00, 0x00, 0x18, 0xA1, 0x31, 0x44, 0x31, 0x44, 0x31, 0x64,
    0xC5, 0x52, 0xBD, 0x32, 0xBD, 0x52, 0xBD, 0x32, 0xC5, 0x73, 0xBD, 0x33, 0xBD, 0x12, 0xC5, 0x73,
    0xC5, 0x73, 0xC5, 0x53, 0xC5, 0x53, 0xBD, 0x32, 0xBD, 0x32, 0xBD, 0x12, 0xBD, 0x32, 0xC5, 0x53,
    0xBD, 0x12, 0xB5, 0x12, 0xB4, 0xF2, 0xB4, 0xF2, 0xB4, 0xF2, 0xB5, 0x12, 0xBD, 0x53, 0xBD, 0x53,
    0xB5, 0x12, 0xBD, 0x33, 0xB5, 0x12, 0xB5, 0x12, 0xB5, 0x12, 0xB5, 0x12, 0xB4, 0xF2, 0xAC, 0xD1,
    0xAC, 0xD1, 0xAC, 0xD1, 0xB4, 0xF2, 0xB5, 0x12, 0xB4, 0xF2, 0xBD, 0x33, 0xB5, 0x12, 0xB5, 0x12,
    0xDD, 0xF5, 0xD5, 0xB4, 0xBD, 0x11, 0xB4, 0xAF, 0x9C, 0x0D, 0xBD, 0x11, 0xD5, 0xF5, 0xD5, 0xD5,
    0xD5, 0xF5, 0xC5, 0x94, 0xAC, 0x90, 0x9C, 0x0E, 0xAC, 0x90, 0x72, 0xEA, 0x41, 0xA6, 0x29, 0x03,
    0x10, 0x40, 0x08, 0x20, 0x10, 0x60, 0x18, 0x81, 0x49, 0xE6, 0x83, 0x6C, 0x9C, 0x2F, 0x93, 0xEE,
    0x7B, 0x4B, 0x73, 0x0A, 0x7B, 0x4B, 0x8B, 0xCD, 0x8B, 0xCD, 0x6A, 0xEA, 0x49, 0xE6, 0x41, 0xA5,
    0x6A, 0xC9, 0x83, 0x6B, 0x72, 0xE9, 0x72, 0xC8, 0x72, 0xE9, 0x72, 0xC8, 0x72, 0xC8, 0x6A, 0xC8,
    0x6A, 0xC9, 0x72, 0xC9, 0x72, 0xE9, 0x73, 0x09, 0x7B, 0x2A, 0x7B, 0x4A, 0x83, 0x6B, 0x83, 0x8C,
    0x83, 0x8C, 0x8B, 0xAC, 0x8B, 0xCC, 0x8B, 0xCC, 0x9C, 0x0D, 0xA4, 0x8F, 0x9C, 0x4F, 0x7B, 0x4C,
    0x62, 0xCA, 0x73, 0x2B, 0x7B, 0x4C, 0x83, 0x8D, 0x8B, 0xCD, 0x7B, 0x4C, 0x62, 0xA9, 0x6A, 0xEA,
    0x72, 0xEB, 0x73, 0x2B, 0x6A, 0xEA, 0x7B, 0x4C, 0x7B, 0x6C, 0x52, 0x27, 0x41, 0xC5, 0x41, 0xC6,
    0x41, 0xC6, 0x41, 0xA5, 0x41, 0xC5, 0x41, 0xC6, 0x41, 0xA5, 0x39, 0x85, 0x39, 0xA5, 0x39, 0x85,
    0x39, 0x85, 0x39, 0x64, 0x39, 0x85, 0x31, 0x64, 0x31, 0x43, 0x31, 0x43, 0x31, 0x43, 0x31, 0x43,
    0x39, 0x84, 0x39, 0xA5, 0x31, 0x64, 0x31, 0x43, 0x31, 0x44, 0x31, 0x44, 0x31, 0x44, 0x29, 0x23,
    0x29, 0x03, 0x29, 0x03, 0x29, 0x02, 0x29, 0x03, 0x29, 0x03, 0x29, 0x23, 0x29, 0x23, 0x29, 0x03,
    0x31, 0x44, 0x29, 0x03, 0x20, 0xE2, 0x20, 0xE3, 0x20, 0xC2, 0x18, 0xC2, 0x18, 0xA1, 0x10, 0x81,
    0x08, 0x40, 0x00, 0x00, 0x00, 0x00, 0x00, 0x00, 0x20, 0xC2, 0x31, 0x24, 0x31, 0x44, 0x29, 0x23,
    0xC5, 0x32, 0xBD, 0x32, 0xC5, 0x53, 0xC5, 0x93, 0xC5, 0x73, 0xC5, 0x73, 0xBD, 0x32, 0xBD, 0x33,
    0xC5, 0x53, 0xBD, 0x32, 0xBD, 0x32, 0xBD, 0x53, 0xBD, 0x33, 0xBD, 0x53, 0xBD, 0x53, 0xBD, 0x53,
    0xB4, 0xF2, 0xB5, 0x12, 0xBD, 0x53, 0xB5, 0x12, 0xB5, 0x12, 0xBD, 0x33, 0xB5, 0x12, 0xB5, 0x12,
    0xB5, 0x12, 0xBD, 0x33, 0xB5, 0x33, 0xAC, 0xD1, 0xB5, 0x12, 0xB5, 0x12, 0xAC, 0xF2, 0xAC, 0xD1,
    0xAC, 0xD2, 0xAC, 0xD1, 0xA4, 0xD1, 0xAC, 0xD2, 0xAC, 0xD1, 0xB5, 0x33, 0xA4, 0xB1, 0xC5, 0x94,
    0xE6, 0x56, 0xD5, 0xB3, 0xC5, 0x32, 0xB4, 0xD0, 0x9C, 0x0D, 0x9C, 0x2D, 0xBD, 0x11, 0xBD, 0x53,
    0xB5, 0x12, 0xAC, 0x90, 0x9C, 0x2F, 0x7B, 0x4B, 0x7B, 0x4B, 0x9C, 0x0E, 0x6A, 0xA9, 0x41, 0xA5,
    0x31, 0x23, 0x29, 0x03, 0x39, 0x45, 0x62, 0x69, 0x7B, 0x4B, 0xA4, 0x6F, 0xB5, 0x32, 0xAC, 0xD1,
    0x8B, 0xEE, 0x5A, 0x28, 0x62, 0x48, 0x72, 0xAA, 0x72, 0xAA, 0x7B, 0x0B, 0x73, 0x0A, 0x7B, 0x2B,
    0x7B, 0x2A, 0x72, 0xE9, 0x6A, 0xA8, 0x6A, 0xA8, 0x6A, 0xA8, 0x6A, 0xA8, 0x6A, 0xA8, 0x6A, 0xA8,
    0x6A, 0xA8, 0x6A, 0xA8, 0x6A, 0xC8, 0x72, 0xE9, 0x73, 0x09, 0x7B, 0x09, 0x7B, 0x2A, 0x7B, 0x4A,
    0x83, 0x6B, 0x83, 0x6B, 0x83, 0x8B, 0x83, 0x6A, 0x83, 0x8B, 0x8B, 0x8C, 0x94, 0x0D, 0xA4, 0x6F,
    0x94, 0x0E, 0x73, 0x2C, 0x7B, 0x6C, 0x7B, 0x6C, 0x83, 0x6C, 0x5A, 0x69, 0x5A, 0x68, 0x73, 0x0B,
    0x7B, 0x4C, 0x6A, 0xCA, 0x73, 0x2B, 0x83, 0xAD, 0x62, 0x89, 0x41, 0xA5, 0x39, 0x84, 0x31, 0x64,
    0x39, 0x85, 0x39, 0x85, 0x41, 0xC5, 0x41, 0xE6, 0x39, 0xA5, 0x31, 0x64, 0x39, 0xA5, 0x39, 0xA5,
    0x39, 0x85, 0x39, 0xA5, 0x39, 0xA5, 0x39, 0x64, 0x31, 0x64, 0x31, 0x64, 0x39, 0x64, 0x39, 0x64,
    0x39, 0xA5, 0x39, 0xA5, 0x31, 0x23, 0x29, 0x23, 0x29, 0x23, 0x29, 0x03, 0x29, 0x02, 0x29, 0x03,
    0x29, 0x03, 0x18, 0xC2, 0x20, 0xE2, 0x29, 0x03, 0x29, 0x03, 0x29, 0x23, 0x20, 0xE3, 0x20, 0xE3,
    0x31, 0x24, 0x28, 0xE3, 0x20, 0xE2, 0x20, 0xE3, 0x20, 0xC2, 0x18, 0xA1, 0x18, 0xA1, 0x10, 0x61,
    0x08, 0x20, 0x00, 0x00, 0x00, 0x00, 0x08, 0x20, 0x29, 0x03, 0x31, 0x43, 0x29, 0x23, 0x21, 0x02,
    0xC5, 0x53, 0xBD, 0x12, 0xB4, 0xF1, 0xC5, 0x53, 0xC5, 0x53, 0xBD, 0x53, 0xAC, 0xB1, 0xBD, 0x33,
    0xBD, 0x33, 0xBD, 0x33, 0xBD, 0x33, 0xBD, 0x32, 0xB5, 0x12, 0xBD, 0x53, 0xBD, 0x53, 0xBD, 0x53,
    0xC5, 0x53, 0xC5, 0x53, 0xC5, 0x53, 0xBD, 0x33, 0xBD, 0x33, 0xB5, 0x12, 0xB5, 0x12, 0xBD, 0x12,
    0xB5, 0x12, 0xB5, 0x13, 0xB4, 0xF2, 0xAC, 0xD1, 0xB4, 0xF2, 0xB5, 0x12, 0xB5, 0x12, 0xBD, 0x33,
    0xBD, 0x53, 0xBD, 0x53, 0xAC, 0xF2, 0xB5, 0x12, 0xBD, 0x73, 0xBD, 0x32, 0xC5, 0x53, 0xE6, 0x57,
    0xDE, 0x15, 0xD5, 0xD4, 0xCD, 0x93, 0xC5, 0x52, 0xA4, 0x6F, 0x93, 0xCD, 0x93, 0xED, 0xA4, 0x6F,
    0x9C, 0x2F, 0x8B, 0xCD, 0x83, 0x8C, 0x73, 0x0A, 0x7B, 0x4C, 0xA4, 0x90, 0x94, 0x0F, 0x7B, 0x6C,
    0x7B, 0x2B, 0x7B, 0x2C, 0x83, 0x6C, 0x83, 0x8C, 0xA4, 0x90, 0xC5, 0x94, 0xB5, 0x12, 0x7B, 0x6D,
    0x49, 0xC7, 0x5A, 0x28, 0x7A, 0xEB, 0x51, 0xC6, 0x49, 0x65, 0x28, 0xC2, 0x62, 0x88, 0x7B, 0x4B,
    0x6A, 0x88, 0x6A, 0xA8, 0x6A, 0x88, 0x6A, 0x88, 0x6A, 0xA8, 0x6A, 0x88, 0x62, 0x88, 0x62, 0x88,
    0x6A, 0x88, 0x6A, 0xA8, 0x6A, 0xC8, 0x72, 0xC9, 0x72, 0xE9, 0x72, 0xE9, 0x7B, 0x0A, 0x7B, 0x2A,
    0x7B, 0x2A, 0x7B, 0x4A, 0x7B, 0x2A, 0x7B, 0x2A, 0x7B, 0x4A, 0x83, 0x4B, 0x83, 0x8B, 0x8B, 0xAC,
    0x94, 0x0E, 0x9C, 0x4F, 0x93, 0xEE, 0x7B, 0x4C, 0x62, 0xA9, 0x62, 0xAA, 0x6A, 0xEB, 0x62, 0xAA,
    0x7B, 0x4C, 0x7B, 0x4C, 0x83, 0xAD, 0x62, 0xC9, 0x41, 0xC6, 0x39, 0xA5, 0x31, 0x64, 0x39, 0x64,
    0x39, 0x84, 0x41, 0xC5, 0x41, 0xA5, 0x41, 0xC5, 0x39, 0x84, 0x39, 0x85, 0x39, 0x85, 0x39, 0x84,
    0x31, 0x64, 0x39, 0xA5, 0x31, 0x64, 0x31, 0x64, 0x31, 0x64, 0x31, 0x64, 0x39, 0x84, 0x39, 0x85,
    0x31, 0x64, 0x39, 0x84, 0x31, 0x44, 0x31, 0x23, 0x31, 0x43, 0x29, 0x03, 0x29, 0x23, 0x20, 0xE2,
    0x18, 0xA1, 0x18, 0xA1, 0x18, 0xC2, 0x20, 0xE2, 0x29, 0x03, 0x31, 0x44, 0x20, 0xE3, 0x29, 0x23,
    0x29, 0x23, 0x20, 0xE2, 0x29, 0x23, 0x20, 0xE2, 0x18, 0xA1, 0x18, 0x81, 0x18, 0xA2, 0x10, 0x61,
    0x00, 0x20, 0x00, 0x00, 0x00, 0x00, 0x20, 0xC2, 0x31, 0x43, 0x29, 0x02, 0x29, 0x23, 0x29, 0x43,
    0xC5, 0x73, 0xC5, 0x73, 0xC5, 0x73, 0xCD, 0x93, 0xC5, 0x73, 0xC5, 0x93, 0xCD, 0x94, 0xCD, 0x94,
    0xC5, 0x73, 0xBD, 0x53, 0xBD, 0x12, 0xBD, 0x12, 0xBD, 0x33, 0xBD, 0x12, 0xAC, 0xB1, 0xB5, 0x12,
    0xB5, 0x12, 0xBD, 0x33, 0xBD, 0x33, 0xBD, 0x33, 0xBD, 0x33, 0xBD, 0x33, 0xB5, 0x12, 0xBD, 0x32,
    0xBD, 0x32, 0xBD, 0x33, 0xC5, 0x73, 0xD5, 0xB4, 0xD5, 0xB3, 0xD5, 0x93, 0xD5, 0x93, 0xCD, 0x72,
    0xCD, 0x52, 0xCD, 0x93, 0xCD, 0x72, 0xC5, 0x52, 0xC5, 0x11, 0xBC, 0xF0, 0xC5, 0x11, 0xDD, 0xF4,
    0xDD, 0xF5, 0xD5, 0xB4, 0xDD, 0xF5, 0xD5, 0xF5, 0xC5, 0x52, 0xAC, 0x90, 0x9C, 0x0D, 0x93, 0xED,
    0x93, 0xCD, 0x83, 0x8C, 0x83, 0x6B, 0x7B, 0x4B, 0x7B, 0x4B, 0x9C, 0x70, 0xB5, 0x12, 0x9C, 0x70,
    0x83, 0xAD, 0x7B, 0x4B, 0x83, 0x6C, 0xAC, 0xD1, 0xC5, 0x94, 0xAC, 0xB1, 0xA4, 0x71, 0x73, 0x0B,
    0x41, 0xC6, 0x49, 0xC6, 0x28, 0xE3, 0x08, 0x00, 0x18, 0xA1, 0x08, 0x00, 0x41, 0xA5, 0x7B, 0x2B,
    0x62, 0x67, 0x62, 0x88, 0x62, 0x88, 0x62, 0x88, 0x62, 0x88, 0x62, 0x87, 0x62, 0x67, 0x62, 0x67,
    0x62, 0x87, 0x6A, 0xA8, 0x6A, 0xA8, 0x6A, 0xC8, 0x72, 0xC9, 0x73, 0x09, 0x7B, 0x2A, 0x7B, 0x2A,
    0x7B, 0x2A, 0x73, 0x0A, 0x73, 0x0A, 0x73, 0x0A, 0x7B, 0x2A, 0x7B, 0x4A, 0x83, 0x6B, 0x83, 0x8C,
    0x8B, 0xAC, 0x8B, 0xCD, 0x9C, 0x2E, 0x9C, 0x2F, 0x83, 0x8D, 0x62, 0xAA, 0x6A, 0xCB, 0x62, 0x89,
    0x62, 0xA9, 0x7B, 0x4C, 0x62, 0xA9, 0x41, 0xA5, 0x41, 0xA5, 0x41, 0xA5, 0x41, 0xA5, 0x41, 0xE6,
    0x41, 0xE6, 0x41, 0xC5, 0x41, 0xC5, 0x39, 0x84, 0x39, 0xA5, 0x31, 0x43, 0x29, 0x23, 0x31, 0x44,
    0x31, 0x43, 0x31, 0x64, 0x31, 0x44, 0x31, 0x43, 0x39, 0xA5, 0x39, 0x64, 0x31, 0x43, 0x31, 0x64,
    0x31, 0x64, 0x31, 0x64, 0x31, 0x23, 0x29, 0x23, 0x39, 0x84, 0x39, 0x64, 0x29, 0x02, 0x20, 0xE2,
    0x20, 0xE2, 0x18, 0xA1, 0x18, 0xC2, 0x20, 0xE2, 0x20, 0xE3, 0x20, 0xC2, 0x20, 0xE2, 0x21, 0x03,
    0x21, 0x02, 0x20, 0xE2, 0x20, 0xE2, 0x20, 0xC2, 0x18, 0xA1, 0x10, 0x81, 0x10, 0x82, 0x08, 0x41,
    0x00, 0x00, 0x00, 0x00, 0x10, 0x81, 0x29, 0x24, 0x29, 0x23, 0x21, 0x02, 0x20, 0xE2, 0x29, 0x02,
    0xB4, 0xD1, 0xBD, 0x32, 0xC5, 0x52, 0xBD, 0x32, 0xC5, 0x73, 0xC5, 0x53, 0xB4, 0xF1, 0xB4, 0xF1,
    0xC5, 0x53, 0xBD, 0x32, 0xB5, 0x12, 0xC5, 0x53, 0xC5, 0x53, 0xBD, 0x12, 0xB5, 0x12, 0xBD, 0x32,
    0xBD, 0x12, 0xB4, 0xF2, 0xBD, 0x33, 0xB4, 0xF2, 0xB4, 0xD1, 0xBD, 0x53, 0xC5, 0x73, 0xD5, 0xB4,
    0xDD, 0xF4, 0xDD, 0xD4, 0xD5, 0x93, 0xBC, 0xF0, 0xAC, 0x4E, 0xB4, 0x6F, 0xAC, 0x4E, 0x9B, 0xCC,
    0x9B, 0xCC, 0x9B, 0xED, 0x9B, 0xED, 0x9B, 0xCC, 0x93, 0x8B, 0x83, 0x4B, 0x83, 0x4B, 0xA4, 0x4F,
    0xCD, 0x93, 0xCD, 0xB4, 0xDE, 0x15, 0xD5, 0xF5, 0xCD, 0xB4, 0xBD, 0x52, 0xAC, 0xB0, 0x9C, 0x2E,
    0x93, 0xED, 0x94, 0x0E, 0x8B, 0xAD, 0x83, 0x8C, 0x83, 0x6B, 0x8B, 0xCD, 0xB4, 0xF2, 0xBD, 0x53,
    0xB5, 0x12, 0x9C, 0x50, 0xAC, 0xD2, 0xBD, 0x54, 0xAC, 0xD2, 0x9C, 0x50, 0x8B, 0xCE, 0x73, 0x2B,
    0x49, 0xE6, 0x20, 0xC2, 0x10, 0x61, 0x08, 0x40, 0x08, 0x20, 0x00, 0x00, 0x39, 0x65, 0x72, 0xEA,
    0x62, 0x67, 0x62, 0x68, 0x62, 0x88, 0x62, 0x88, 0x62, 0x68, 0x62, 0x67, 0x62, 0x47, 0x62, 0x67,
    0x62, 0x67, 0x62, 0x88, 0x62, 0xA8, 0x6A, 0xA9, 0x6A, 0xC9, 0x72, 0xE9, 0x73, 0x09, 0x72, 0xE9,
    0x72, 0xE9, 0x72, 0xEA, 0x73, 0x0A, 0x73, 0x2A, 0x7B, 0x2A, 0x7B, 0x2A, 0x83, 0x4B, 0x83, 0x6B,
    0x8B, 0x8C, 0x8B, 0xCD, 0x94, 0x0E, 0x9C, 0x2E, 0x9C, 0x4F, 0x94, 0x0E, 0x7B, 0x4C, 0x5A, 0x69,
    0x5A, 0x88, 0x5A, 0x68, 0x41, 0xC5, 0x41, 0xC5, 0x41, 0xA4, 0x41, 0xA5, 0x41, 0xC5, 0x4A, 0x07,
    0x41, 0xE6, 0x39, 0xA5, 0x39, 0x85, 0x39, 0x64, 0x31, 0x43, 0x39, 0x64, 0x29, 0x23, 0x29, 0x23,
    0x31, 0x43, 0x31, 0x44, 0x29, 0x03, 0x29, 0x03, 0x31, 0x64, 0x39, 0x64, 0x31, 0x43, 0x31, 0x44,
    0x31, 0x43, 0x31, 0x44, 0x31, 0x43, 0x29, 0x03, 0x29, 0x23, 0x31, 0x43, 0x31, 0x43, 0x29, 0x03,
    0x20, 0xE2, 0x20, 0xC2, 0x18, 0x81, 0x18, 0xC2, 0x21, 0x03, 0x21, 0x03, 0x29, 0x23, 0x29, 0x23,
    0x29, 0x23, 0x20, 0xE2, 0x21, 0x03, 0x20, 0xC2, 0x18, 0x81, 0x10, 0x61, 0x10, 0x61, 0x08, 0x41,
    0x00, 0x00, 0x00, 0x20, 0x21, 0x03, 0x20, 0xE2, 0x21, 0x03, 0x29, 0x03, 0x20, 0xE2, 0x29, 0x23,
    0xBD, 0x32, 0xB4, 0xD1, 0xC5, 0x53, 0xC5, 0x73, 0xC5, 0x53, 0xC5, 0x32, 0xBD, 0x32, 0xB4, 0xF1,
    0xB4, 0xF2, 0xBD, 0x33, 0xBD, 0x33, 0xBD, 0x53, 0xBD, 0x33, 0xBD, 0x32, 0xC5, 0x53, 0xCD, 0x94,
    0xCD, 0x94, 0xCD, 0x73, 0xC5, 0x73, 0xCD, 0x94, 0xD5, 0xD5, 0xDD, 0xF5, 0xDD, 0xF4, 0xD5, 0x93,
    0xC5, 0x11, 0xAC, 0x8F, 0xA4, 0x2E, 0x8B, 0x8B, 0x8B, 0x6B, 0x93, 0xAC, 0x8B, 0x6B, 0x83, 0x4B,
    0x83, 0x2A, 0x83, 0x4B, 0x8B, 0x8B, 0x93, 0xAC, 0x93, 0xAC, 0x8B, 0x8B, 0x83, 0x6B, 0x7B, 0x0A,
    0x9C, 0x2E, 0xC5, 0x53, 0xD5, 0xD5, 0xD5, 0xF5, 0xD5, 0xD4, 0xC5, 0x52, 0xBD, 0x12, 0xAC, 0x90,
    0x94, 0x0D, 0x8B, 0xCD, 0x8B, 0xAC, 0x83, 0x6C, 0x83, 0x6C, 0x83, 0x6C, 0x8B, 0xCD, 0xA4, 0x90,
    0xAC, 0xD1, 0xAC, 0xF2, 0xB5, 0x13, 0xB5, 0x33, 0xB4, 0xF2, 0x9C, 0x50, 0x83, 0x8E, 0x62, 0x89,
    0x39, 0x85, 0x18, 0xA2, 0x10, 0x61, 0x08, 0x40, 0x08, 0x41, 0x18, 0xA2, 0x41, 0xA5, 0x62, 0x89,
    0x5A, 0x47, 0x5A, 0x67, 0x62, 0x67, 0x62, 0x67, 0x62, 0x67, 0x5A, 0x47, 0x5A, 0x47, 0x5A, 0x47,
    0x5A, 0x67, 0x62, 0x68, 0x62, 0x88, 0x62, 0xA8, 0x6A, 0xA8, 0x6A, 0xA8, 0x6A, 0xA8, 0x6A, 0xA9,
    0x6A, 0xC9, 0x6A, 0xC9, 0x6A, 0xE9, 0x72, 0xEA, 0x73, 0x0A, 0x7B, 0x4B, 0x83, 0x6B, 0x83, 0x6B,
    0x8B, 0xCC, 0x94, 0x0D, 0x9C, 0x2E, 0x9C, 0x4E, 0x9C, 0x2E, 0x9C, 0x2E, 0x94, 0x2E, 0x7B, 0x6C,
    0x52, 0x48, 0x41, 0xC6, 0x41, 0xC5, 0x41, 0xC6, 0x4A, 0x06, 0x41, 0xA5, 0x39, 0x84, 0x41, 0xC5,
    0x31, 0x64, 0x31, 0x43, 0x39, 0x64, 0x31, 0x44, 0x31, 0x23, 0x31, 0x44, 0x29, 0x23, 0x29, 0x23,
    0x29, 0x03, 0x29, 0x23, 0x31, 0x64, 0x31, 0x43, 0x31, 0x43, 0x31, 0x44, 0x39, 0x64, 0x31, 0x43,
    0x31, 0x64, 0x39, 0xA5, 0x31, 0x44, 0x39, 0x64, 0x31, 0x23, 0x29, 0x23, 0x39, 0x64, 0x29, 0x03,
    0x29, 0x23, 0x20, 0xE2, 0x10, 0x81, 0x18, 0xA1, 0x20, 0xE2, 0x20, 0xE3, 0x20, 0xE3, 0x20, 0xE2,
    0x20, 0xE2, 0x20, 0xE2, 0x20, 0xE2, 0x20, 0xC2, 0x10, 0x81, 0x10, 0x61, 0x10, 0x61, 0x08, 0x20,
    0x00, 0x00, 0x18, 0xA2, 0x29, 0x23, 0x20, 0xC1, 0x29, 0x03, 0x29, 0x23, 0x29, 0x03, 0x20, 0xE2,
    0xC5, 0x73, 0xC5, 0x93, 0xB5, 0x12, 0xAC, 0xD1, 0xC5, 0x53, 0xCD, 0x93, 0xC5, 0x73, 0xC5, 0x73,
    0xBD, 0x33, 0xC5, 0x53, 0xBD, 0x33, 0xBD, 0x12, 0xAC, 0x6F, 0xBC, 0xF1, 0xD5, 0x93, 0xCD, 0x73,
    0xC5, 0x11, 0xC5, 0x32, 0xD5, 0xB4, 0xCD, 0x93, 0xC5, 0x32, 0xBC, 0xF1, 0xB4, 0x90, 0xAC, 0x4F,
    0xAC, 0x4F, 0x9B, 0xED, 0x7B, 0x0A, 0x72, 0xC9, 0x7B, 0x0A, 0x83, 0x4B, 0x83, 0x6B, 0x8B, 0x6B,
    0x83, 0x4A, 0x93, 0xAC, 0x93, 0xCD, 0x93, 0xAC, 0x93, 0xCD, 0x93, 0xCC, 0x8B, 0xAC, 0x93, 0xCD,
    0x83, 0x4B, 0x8B, 0xCD, 0xC5, 0x94, 0xD6, 0x15, 0xD5, 0xF5, 0xCD, 0xB4, 0xC5, 0x74, 0xB5, 0x11,
    0xA4, 0x4F, 0x93, 0xED, 0x8B, 0xAC, 0x83, 0x4B, 0x7B, 0x0A, 0x72, 0xEA, 0x72, 0xE9, 0x7B, 0x2B,
    0x7B, 0x4B, 0x73, 0x0B, 0x72, 0xEB, 0x7B, 0x4C, 0x83, 0x8C, 0x7B, 0x6C, 0x62, 0x89, 0x41, 0xA6,
    0x29, 0x23, 0x29, 0x03, 0x29, 0x24, 0x31, 0x44, 0x49, 0xE6, 0x5A, 0x47, 0x5A, 0x47, 0x5A, 0x47,
    0x5A, 0x47, 0x5A, 0x47, 0x5A, 0x47, 0x5A, 0x47, 0x5A, 0x67, 0x5A, 0x47, 0x5A, 0x47, 0x5A, 0x47,
    0x5A, 0x47, 0x5A, 0x47, 0x5A, 0x47, 0x5A, 0x47, 0x5A, 0x67, 0x62, 0x67, 0x62, 0x88, 0x62, 0x88,
    0x62, 0x88, 0x62, 0xA8, 0x6A, 0xC9, 0x72, 0xEA, 0x73, 0x0A, 0x7B, 0x2A, 0x83, 0x6B, 0x8B, 0x8C,
    0x93, 0xEC, 0x9C, 0x2D, 0xA4, 0x6E, 0xAC, 0xB0, 0xAC, 0xD1, 0xA4, 0xB0, 0xA4, 0x90, 0x7B, 0x6C,
    0x4A, 0x07, 0x41, 0xC5, 0x41, 0xA5, 0x41, 0xC5, 0x41, 0xA5, 0x41, 0xA5, 0x41, 0xA5, 0x39, 0x85,
    0x39, 0x85, 0x39, 0x84, 0x39, 0x64, 0x31, 0x64, 0x31, 0x23, 0x31, 0x64, 0x31, 0x44, 0x31, 0x44,
    0x31, 0x44, 0x29, 0x03, 0x31, 0x43, 0x29, 0x23, 0x31, 0x43, 0x31, 0x44, 0x31, 0x64, 0x39, 0xA4,
    0x39, 0xA4, 0x31, 0x44, 0x39, 0x64, 0x31, 0x43, 0x29, 0x23, 0x29, 0x23, 0x29, 0x02, 0x29, 0x02,
    0x29, 0x23, 0x20, 0xC2, 0x18, 0xA1, 0x18, 0x81, 0x18, 0x82, 0x18, 0xC2, 0x18, 0xA2, 0x20, 0xE3,
    0x20, 0xE3, 0x20, 0xC2, 0x20, 0xC1, 0x20, 0xC2, 0x10, 0x61, 0x10, 0x61, 0x08, 0x40, 0x00, 0x00,
    0x08, 0x20, 0x20, 0xE2, 0x20, 0xE2, 0x20, 0xC2, 0x20, 0xE2, 0x29, 0x23, 0x29, 0x23, 0x18, 0xC1,
    0xBD, 0x53, 0xC5, 0x53, 0xC5, 0x53, 0xC5, 0x53, 0xC5, 0x53, 0xC5, 0x53, 0xC5, 0x53, 0xBD, 0x33,
    0xBD, 0x53, 0xBD, 0x33, 0xB4, 0xF1, 0xB4, 0xF1, 0x8B, 0x8C, 0x6A, 0xA8, 0x93, 0xCD, 0xA4, 0x0E,
    0xAC, 0x2E, 0xBC, 0xF1, 0xB4, 0xD0, 0x9B, 0xED, 0x9C, 0x0D, 0x93, 0xAC, 0x72, 0xC9, 0x6A, 0xA8,
    0x7B, 0x0A, 0x51, 0xE5, 0x49, 0xC6, 0x5A, 0x47, 0x5A, 0x26, 0x5A, 0x27, 0x5A, 0x47, 0x5A, 0x47,
    0x62, 0x67, 0x6A, 0xA9, 0x72, 0xC9, 0x7B, 0x0A, 0x83, 0x4B, 0x83, 0x6B, 0x83, 0x4B, 0x7B, 0x0A,
    0x72, 0xC9, 0x6A, 0xA9, 0x9C, 0x4E, 0xCD, 0x94, 0xCD, 0xB4, 0xCD, 0x94, 0xC5, 0x94, 0xC5, 0x53,
    0xB4, 0xF2, 0xA4, 0x4F, 0x9C, 0x0E, 0x8B, 0xAC, 0x7B, 0x2A, 0x73, 0x0A, 0x72, 0xEA, 0x6A, 0xA9,
    0x6A, 0xA9, 0x6A, 0xA9, 0x6A, 0xA9, 0x6A, 0xC9, 0x6A, 0xC9, 0x72, 0xE9, 0x6A, 0xC9, 0x62, 0x88,
    0x5A, 0x68, 0x5A, 0x68, 0x62, 0x68, 0x62, 0x68, 0x5A, 0x47, 0x52, 0x26, 0x52, 0x06, 0x52, 0x26,
    0x5A, 0x27, 0x5A, 0x47, 0x5A, 0x47, 0x5A, 0x47, 0x5A, 0x47, 0x5A, 0x26, 0x49, 0xE5, 0x49, 0xC5,
    0x52, 0x05, 0x52, 0x26, 0x5A, 0x26, 0x5A, 0x47, 0x62, 0x88, 0x6A, 0xA8, 0x6A, 0xC9, 0x6A, 0xE9,
    0x6A, 0xC9, 0x6A, 0xC9, 0x6A, 0xE9, 0x73, 0x2A, 0x7B, 0x4B, 0x83, 0x8B, 0x8B, 0xCC, 0x94, 0x0D,
    0x9C, 0x0D, 0x9C, 0x2D, 0xAC, 0x6F, 0xB4, 0xF1, 0xBD, 0x32, 0xBD, 0x32, 0x7B, 0x6B, 0x41, 0xC6,
    0x39, 0xA5, 0x39, 0x85, 0x41, 0xC6, 0x41, 0xE6, 0x39, 0xA5, 0x49, 0xE6, 0x41, 0xC5, 0x39, 0xA5,
    0x41, 0xC5, 0x41, 0xA5, 0x39, 0xA5, 0x39, 0x85, 0x31, 0x64, 0x31, 0x64, 0x31, 0x44, 0x39, 0x64,
    0x31, 0x64, 0x29, 0x23, 0x31, 0x43, 0x31, 0x43, 0x31, 0x43, 0x31, 0x43, 0x31, 0x44, 0x31, 0x64,
    0x31, 0x64, 0x31, 0x43, 0x31, 0x44, 0x29, 0x23, 0x31, 0x44, 0x29, 0x24, 0x29, 0x03, 0x29, 0x03,
    0x20, 0xE2, 0x20, 0xC2, 0x18, 0xA1, 0x10, 0x81, 0x10, 0x61, 0x18, 0x82, 0x29, 0x03, 0x29, 0x03,
    0x20, 0xE2, 0x20, 0xC2, 0x20, 0xC2, 0x18, 0xC2, 0x10, 0x61, 0x08, 0x41, 0x00, 0x20, 0x00, 0x00,
    0x18, 0xA2, 0x29, 0x03, 0x20, 0xE2, 0x20, 0xE2, 0x20, 0xC2, 0x29, 0x23, 0x29, 0x23, 0x29, 0x23,
    0xC5, 0x73, 0xC5, 0x93, 0xC5, 0x53, 0xC5, 0x53, 0xBD, 0x53, 0xBD, 0x32, 0xBD, 0x53, 0xC5, 0x53,
    0xBD, 0x53, 0xBD, 0x32, 0xA4, 0x90, 0xBD, 0x32, 0xA4, 0x90, 0x52, 0x26, 0x39, 0x43, 0x59, 0xE6,
    0x62, 0x47, 0x6A, 0xC9, 0x7B, 0x2B, 0x7B, 0x0A, 0x62, 0x88, 0x5A, 0x47, 0x49, 0xE6, 0x49, 0xA5,
    0x49, 0xA5, 0x49, 0xC5, 0x52, 0x07, 0x52, 0x27, 0x5A, 0x27, 0x5A, 0x68, 0x62, 0x68, 0x5A, 0x48,
    0x52, 0x27, 0x52, 0x06, 0x51, 0xE6, 0x51, 0xE6, 0x49, 0xC6, 0x41, 0xA5, 0x41, 0x85, 0x41, 0x85,
    0x49, 0xA5, 0x41, 0xA5, 0x49, 0xE5, 0x9C, 0x2E, 0xC5, 0x93, 0xC5, 0x73, 0xC5, 0x53, 0xC5, 0x53,
    0xBD, 0x32, 0xB4, 0xD1, 0xA4, 0x90, 0x93, 0xEE, 0x8B, 0x8C, 0x83, 0x4B, 0x7B, 0x2B, 0x7B, 0x0A,
    0x73, 0x0A, 0x7B, 0x0A, 0x73, 0x0B, 0x73, 0x0B, 0x73, 0x0A, 0x6A, 0xC9, 0x62, 0x88, 0x5A, 0x47,
    0x5A, 0x27, 0x52, 0x06, 0x52, 0x06, 0x52, 0x06, 0x52, 0x06, 0x5A, 0x27, 0x5A, 0x27, 0x5A, 0x27,
    0x52, 0x06, 0x51, 0xE6, 0x51, 0xE6, 0x52, 0x06, 0x52, 0x06, 0x49, 0xA4, 0x51, 0xE5, 0x62, 0x67,
    0x6A, 0xA8, 0x6A, 0xC9, 0x72, 0xE9, 0x73, 0x09, 0x7B, 0x2A, 0x7B, 0x2A, 0x7B, 0x4A, 0x83, 0x6B,
    0x83, 0x6B, 0x83, 0x6B, 0x7B, 0x4B, 0x73, 0x0A, 0x72, 0xE9, 0x8B, 0xAC, 0x9C, 0x0D, 0x9C, 0x0D,
    0x94, 0x0D, 0x9C, 0x2D, 0xA4, 0x4E, 0xB4, 0xD0, 0xBD, 0x32, 0x73, 0x2A, 0x39, 0x85, 0x41, 0xC5,
    0x41, 0xA5, 0x39, 0x84, 0x41, 0xC6, 0x41, 0xC5, 0x4A, 0x06, 0x41, 0xE6, 0x39, 0xA5, 0x39, 0x85,
    0x39, 0x84, 0x39, 0xA5, 0x39, 0x85, 0x39, 0xA5, 0x39, 0x84, 0x39, 0x85, 0x39, 0x85, 0x39, 0xA5,
    0x39, 0x84, 0x39, 0x85, 0x39, 0x84, 0x39, 0x64, 0x39, 0x85, 0x39, 0x84, 0x39, 0x84, 0x31, 0x43,
    0x31, 0x43, 0x31, 0x43, 0x31, 0x44, 0x39, 0x84, 0x31, 0x44, 0x29, 0x23, 0x31, 0x44, 0x31, 0x64,
    0x29, 0x44, 0x21, 0x02, 0x29, 0x03, 0x10, 0x81, 0x08, 0x40, 0x10, 0x61, 0x18, 0x81, 0x20, 0xE3,
    0x20, 0xE2, 0x20, 0xE3, 0x20, 0xE2, 0x18, 0xA1, 0x08, 0x61, 0x08, 0x20, 0x00, 0x00, 0x00, 0x00,
    0x18, 0xC2, 0x18, 0xA2, 0x20, 0xE2, 0x20, 0xC2, 0x21, 0x02, 0x29, 0x03, 0x29, 0x03, 0x20, 0xE2,
    0xBD, 0x52, 0xC5, 0x53, 0xC5, 0x73, 0xC5, 0x73, 0xC5, 0x93, 0xC5, 0x73, 0xBD, 0x33, 0xC5, 0x73,
    0xC5, 0x73, 0xBD, 0x53, 0xBD, 0x33, 0xBD, 0x12, 0xB4, 0xD1, 0xAC, 0x90, 0x6A, 0xC9, 0x39, 0x44,
    0x29, 0x23, 0x18, 0xA1, 0x28, 0xE2, 0x29, 0x03, 0x28, 0xE2, 0x41, 0xA5, 0x52, 0x27, 0x6A, 0xC9,
    0x7B, 0x2B, 0x83, 0x6C, 0x83, 0x8C, 0x8B, 0xCD, 0x9C, 0x4F, 0xA4, 0x70, 0xA4, 0x70, 0xA4, 0x70,
    0x9C, 0x50, 0x9C, 0x2F, 0x94, 0x0E, 0x8B, 0xEE, 0x8B, 0xAD, 0x7B, 0x2B, 0x5A, 0x48, 0x41, 0x85,
    0x31, 0x23, 0x29, 0x03, 0x28, 0xE2, 0x41, 0x85, 0x73, 0x0B, 0x9C, 0x4F, 0xAC, 0xD1, 0xBD, 0x12,
    0xB4, 0xF1, 0xA4, 0x6F, 0x9C, 0x2E, 0x93, 0xEE, 0x8B, 0xAD, 0x8B, 0x8C, 0x83, 0x6C, 0x83, 0x6C,
    0x83, 0x6B, 0x7B, 0x2B, 0x72, 0xEA, 0x6A, 0xA9, 0x62, 0x88, 0x62, 0x67, 0x5A, 0x47, 0x5A, 0x27,
    0x52, 0x26, 0x52, 0x26, 0x5A, 0x26, 0x5A, 0x27, 0x5A, 0x27, 0x5A, 0x47, 0x5A, 0x47, 0x5A, 0x47,
    0x52, 0x06, 0x49, 0xC5, 0x41, 0x83, 0x39, 0x63, 0x49, 0xC5, 0x5A, 0x67, 0x6A, 0xC9, 0x72, 0xC9,
    0x6A, 0xC9, 0x6A, 0xC9, 0x6A, 0xC8, 0x6A, 0xC8, 0x6A, 0xC9, 0x72, 0xE9, 0x72, 0xE9, 0x73, 0x0A,
    0x7B, 0x2A, 0x7B, 0x4A, 0x83, 0x6B, 0x83, 0x8B, 0x83, 0x8B, 0x8B, 0x8C, 0x8B, 0xAC, 0x8B, 0xAC,
    0x8B, 0xAC, 0x8B, 0xAC, 0x93, 0xCD, 0x9C, 0x2E, 0x73, 0x0A, 0x39, 0x85, 0x39, 0xA5, 0x41, 0xC6,
    0x41, 0xC6, 0x41, 0xA5, 0x39, 0x84, 0x39, 0xA5, 0x39, 0xA5, 0x39, 0x85, 0x31, 0x64, 0x29, 0x23,
    0x29, 0x23, 0x29, 0x23, 0x31, 0x23, 0x31, 0x44, 0x39, 0x64, 0x39, 0x64, 0x39, 0x84, 0x39, 0x64,
    0x31, 0x43, 0x39, 0xA5, 0x39, 0x85, 0x39, 0x85, 0x39, 0x85, 0x31, 0x64, 0x31, 0x43, 0x31, 0x43,
    0x31, 0x43, 0x29, 0x23, 0x31, 0x23, 0x31, 0x64, 0x31, 0x64, 0x31, 0x64, 0x31, 0x23, 0x21, 0x02,
    0x29, 0x03, 0x20, 0xE2, 0x20, 0xE2, 0x18, 0xA1, 0x08, 0x40, 0x08, 0x40, 0x10, 0x60, 0x18, 0xA2,
    0x20, 0xE3, 0x18, 0xA1, 0x18, 0xC2, 0x10, 0x81, 0x10, 0x61, 0x00, 0x20, 0x00, 0x00, 0x10, 0x61,
    0x20, 0xE3, 0x20, 0xC2, 0x29, 0x03, 0x20, 0xE2, 0x18, 0xA2, 0x20, 0xE2, 0x21, 0x03, 0x20, 0xC2,
    0xCD, 0x93, 0xC5, 0x73, 0xC5, 0x73, 0xC5, 0x73, 0xC5, 0x73, 0xBD, 0x12, 0xBD, 0x33, 0xBD, 0x53,
    0xB5, 0x12, 0xAC, 0xD1, 0xAC, 0xD1, 0xB5, 0x12, 0xB4, 0xF1, 0xAC, 0xB1, 0xB4, 0xF1, 0xAC, 0x90,
    0x93, 0xED, 0x7B, 0x6C, 0x6A, 0xA9, 0x6A, 0xCA, 0x73, 0x2B, 0x8B, 0xCE, 0xAC, 0x90, 0xB4, 0xF1,
    0xB4, 0xD1, 0xBD, 0x12, 0xAC, 0xB1, 0xB4, 0xF1, 0xBD, 0x12, 0xB4, 0xD1, 0xB4, 0xF2, 0xB4, 0xF1,
    0xB5, 0x12, 0xB4, 0xF2, 0xB4, 0xD1, 0xAC, 0xB1, 0xA4, 0x90, 0xA4, 0x90, 0x9C, 0x4F, 0x8B, 0xCE,
    0x83, 0xAD, 0x83, 0x8D, 0x8B, 0xCD, 0x83, 0xAD, 0x83, 0x8D, 0x7B, 0x6D, 0x83, 0xAD, 0x8B, 0xEE,
    0x83, 0x6C, 0x7B, 0x4B, 0x83, 0x4B, 0x83, 0x8C, 0x8B, 0xAC, 0x8B, 0xAC, 0x8B, 0xAD, 0x83, 0x6C,
    0x7B, 0x4B, 0x72, 0xC9, 0x6A, 0xA9, 0x62, 0x67, 0x5A, 0x26, 0x51, 0xC5, 0x49, 0xA4, 0x49, 0xA4,
    0x49, 0xC4, 0x49, 0xC5, 0x51, 0xE5, 0x51, 0xE5, 0x52, 0x06, 0x52, 0x26, 0x5A, 0x27, 0x5A, 0x47,
    0x5A, 0x47, 0x49, 0xC4, 0x41, 0x83, 0x5A, 0x26, 0x6A, 0xA8, 0x6A, 0xC9, 0x6A, 0xC9, 0x62, 0xA8,
    0x62, 0x88, 0x62, 0x88, 0x62, 0x88, 0x62, 0x88, 0x62, 0x88, 0x62, 0xA8, 0x6A, 0xA8, 0x6A, 0xC9,
    0x72, 0xE9, 0x73, 0x0A, 0x7B, 0x2A, 0x7B, 0x4A, 0x83, 0x6B, 0x83, 0x6B, 0x83, 0x6B, 0x8B, 0x8B,
    0x8B, 0xAC, 0x8B, 0xAC, 0x93, 0xCC, 0x6A, 0xC9, 0x31, 0x64, 0x41, 0xC5, 0x41, 0xC6, 0x39, 0x84,
    0x39, 0xA5, 0x41, 0xA5, 0x39, 0x84, 0x39, 0x84, 0x29, 0x02, 0x29, 0x22, 0x29, 0x02, 0x20, 0xE2,
    0x31, 0x43, 0x29, 0x23, 0x20, 0xE2, 0x20, 0xE2, 0x29, 0x02, 0x29, 0x02, 0x31, 0x23, 0x31, 0x23,
    0x28, 0xE2, 0x31, 0x43, 0x39, 0x64, 0x31, 0x64, 0x31, 0x43, 0x31, 0x43, 0x31, 0x64, 0x39, 0x84,
    0x31, 0x44, 0x31, 0x43, 0x29, 0x23, 0x31, 0x64, 0x31, 0x64, 0x31, 0x23, 0x29, 0x23, 0x29, 0x23,
    0x20, 0xE2, 0x20, 0xC2, 0x20, 0xE2, 0x10, 0x81, 0x08, 0x40, 0x08, 0x40, 0x10, 0x81, 0x10, 0x81,
    0x20, 0xC2, 0x20, 0xC2, 0x18, 0x81, 0x10, 0x61, 0x08, 0x40, 0x00, 0x00, 0x00, 0x00, 0x18, 0x81,
    0x20, 0xE3, 0x29, 0x03, 0x29, 0x03, 0x20, 0xC2, 0x20, 0xE2, 0x29, 0x23, 0x20, 0xE3, 0x10, 0x60,
    0xCD, 0x94, 0xC5, 0x73, 0xC5, 0x53, 0xC5, 0x73, 0xBD, 0x53, 0xBD, 0x53, 0xBD, 0x52, 0xBD, 0x53,
    0xBD, 0x32, 0xC5, 0x53, 0xBD, 0x12, 0xB4, 0xD1, 0xAC, 0xD1, 0xA4, 0x90, 0xAC, 0xB0, 0xB5, 0x11,
    0xB4, 0xD1, 0xB4, 0xD1, 0xB4, 0xF1, 0xBD, 0x12, 0xBD, 0x32, 0xBD, 0x53, 0xBD, 0x12, 0xB4, 0xF1,
    0xB4, 0xF1, 0xB4, 0xD1, 0xAC, 0xB0, 0xAC, 0xB0, 0xB4, 0xF1, 0xB4, 0xD1, 0xAC, 0xD1, 0xB5, 0x13,
    0xBD, 0x33, 0xB4, 0xF2, 0xAC, 0xB1, 0xB4, 0xF2, 0xAC, 0xD1, 0xAC, 0x90, 0x9C, 0x4F, 0x8B, 0xCE,
    0x9C, 0x50, 0xAC, 0xB1, 0xAC, 0xD1, 0xB4, 0xF2, 0xB4, 0xF2, 0xA4, 0xB1, 0x9C, 0x4F, 0x83, 0xAD,
    0x9C, 0x2F, 0x93, 0xEE, 0x83, 0x6C, 0x72, 0xC9, 0x6A, 0x89, 0x62, 0x68, 0x62, 0x68, 0x5A, 0x47,
    0x62, 0x47, 0x6A, 0xA9, 0x72, 0xC9, 0x62, 0x47, 0x49, 0xC5, 0x49, 0x84, 0x49, 0xC5, 0x51, 0xE5,
    0x52, 0x06, 0x52, 0x06, 0x52, 0x06, 0x52, 0x06, 0x52, 0x06, 0x49, 0xE5, 0x49, 0xE5, 0x52, 0x06,
    0x49, 0xC5, 0x51, 0xE5, 0x62, 0x88, 0x6A, 0xA8, 0x62, 0xA8, 0x62, 0xA8, 0x62, 0x88, 0x62, 0xA8,
    0x62, 0xA8, 0x62, 0xA8, 0x62, 0xA8, 0x62, 0xA8, 0x62, 0x88, 0x62, 0x88, 0x62, 0xA8, 0x6A, 0xA9,
    0x6A, 0xE9, 0x72, 0xEA, 0x73, 0x0A, 0x7B, 0x2A, 0x7B, 0x2A, 0x7B, 0x4B, 0x83, 0x4B, 0x83, 0x6B,
    0x83, 0x6B, 0x8B, 0xAC, 0x6A, 0xA9, 0x31, 0x64, 0x39, 0x85, 0x41, 0xC5, 0x41, 0xA5, 0x39, 0xA5,
    0x39, 0xA5, 0x41, 0xA5, 0x39, 0x84, 0x39, 0x84, 0x39, 0xA5, 0x31, 0x43, 0x29, 0x23, 0x20, 0xE2,
    0x20, 0xC2, 0x20, 0xE2, 0x20, 0xE2, 0x20, 0xC1, 0x29, 0x02, 0x18, 0xC1, 0x20, 0xE2, 0x28, 0xE2,
    0x28, 0xE2, 0x29, 0x02, 0x20, 0xE2, 0x29, 0x23, 0x29, 0x23, 0x29, 0x24, 0x29, 0x03, 0x29, 0x43,
    0x29, 0x23, 0x31, 0x23, 0x31, 0x43, 0x29, 0x23, 0x29, 0x03, 0x31, 0x44, 0x39, 0x85, 0x31, 0x23,
    0x20, 0xE2, 0x29, 0x03, 0x29, 0x03, 0x18, 0xA1, 0x18, 0xA2, 0x08, 0x40, 0x10, 0x81, 0x18, 0xA1,
    0x10, 0x81, 0x18, 0x81, 0x10, 0x61, 0x08, 0x40, 0x08, 0x20, 0x00, 0x00, 0x08, 0x20, 0x18, 0x81,
    0x20, 0xC2, 0x21, 0x03, 0x20, 0xE2, 0x20, 0xE3, 0x21, 0x03, 0x29, 0x23, 0x18, 0xA2, 0x10, 0x61,
    0xC5, 0x93, 0xC5, 0x53, 0xBD, 0x32, 0xC5, 0x73, 0xC5, 0x73, 0xBD, 0x53, 0xBD, 0x33, 0xC5, 0x53,
    0xBD, 0x12, 0xB4, 0xF1, 0xC5, 0x53, 0xBD, 0x32, 0xB5, 0x11, 0xAC, 0xD1, 0xB5, 0x12, 0xBD, 0x12,
    0xB4, 0xF1, 0xB4, 0xD1, 0xB4, 0xF1, 0xB4, 0xF1, 0xB4, 0xD1, 0xAC, 0xD1, 0xAC, 0xB0, 0xB4, 0xD1,
    0xB4, 0xF2, 0xB5, 0x12, 0xAC, 0xB1, 0xB5, 0x12, 0xBD, 0x53, 0xBD, 0x33, 0xBD, 0x33, 0xBD, 0x33,
    0xB5, 0x33, 0xA4, 0x70, 0x9C, 0x2F, 0xAC, 0xB1, 0xAC, 0xD1, 0xAC, 0xB1, 0x94, 0x0E, 0x8B, 0xAD,
    0x8B, 0xCD, 0x9C, 0x2F, 0xAC, 0xB1, 0xAC, 0xB1, 0xA4, 0x90, 0xA4, 0x91, 0xAC, 0xB1, 0x7B, 0x4C,
    0x7B, 0x2B, 0xB4, 0xD1, 0xBD, 0x33, 0xA4, 0x70, 0x8B, 0x8C, 0x72, 0xC9, 0x72, 0xE9, 0x8B, 0x8C,
    0x9C, 0x0E, 0xA4, 0x4E, 0x9C, 0x2E, 0x83, 0x4B, 0x6A, 0xA9, 0x62, 0x67, 0x5A, 0x47, 0x5A, 0x47,
    0x5A, 0x26, 0x52, 0x06, 0x52, 0x26, 0x52, 0x06, 0x52, 0x06, 0x51, 0xE6, 0x49, 0xE5, 0x41, 0x84,
    0x51, 0xE5, 0x62, 0x67, 0x62, 0x68, 0x62, 0x88, 0x62, 0x68, 0x62, 0x88, 0x62, 0x88, 0x62, 0x88,
    0x62, 0xA8, 0x62, 0x88, 0x62, 0x88, 0x62, 0x88, 0x62, 0xA8, 0x62, 0xA8, 0x62, 0xA8, 0x6A, 0xC9,
    0x6A, 0xE9, 0x72, 0xEA, 0x7B, 0x2A, 0x7B, 0x2A, 0x7B, 0x4A, 0x7B, 0x4B, 0x7B, 0x4A, 0x7B, 0x2A,
    0x83, 0x6B, 0x62, 0xA9, 0x31, 0x44, 0x31, 0x44, 0x39, 0x85, 0x41, 0xA5, 0x41, 0xC5, 0x39, 0x84,
    0x41, 0xC5, 0x31, 0x64, 0x31, 0x43, 0x31, 0x44, 0x31, 0x64, 0x31, 0x64, 0x31, 0x64, 0x39, 0x84,
    0x31, 0x43, 0x29, 0x43, 0x20, 0xE2, 0x29, 0x03, 0x20, 0xE2, 0x20, 0xC2, 0x20, 0xC2, 0x20, 0xC2,
    0x18, 0xA1, 0x20, 0xC2, 0x20, 0xE2, 0x29, 0x03, 0x20, 0xE2, 0x20, 0xE3, 0x29, 0x03, 0x29, 0x23,
    0x29, 0x23, 0x29, 0x02, 0x31, 0x23, 0x29, 0x23, 0x28, 0xE3, 0x28, 0xE3, 0x29, 0x24, 0x29, 0x03,
    0x20, 0xE2, 0x20, 0xE3, 0x20, 0xE3, 0x20, 0xC2, 0x18, 0x81, 0x08, 0x40, 0x08, 0x20, 0x10, 0x60,
    0x10, 0x61, 0x10, 0x61, 0x10, 0x60, 0x08, 0x40, 0x00, 0x20, 0x00, 0x00, 0x10, 0x61, 0x20, 0xE3,
    0x20, 0xC2, 0x18, 0xC2, 0x20, 0xC2, 0x20, 0xE2, 0x20, 0xE2, 0x20, 0xC2, 0x20, 0xE3, 0x10, 0x41,
    0xBD, 0x32, 0xBD, 0x32, 0xC5, 0x73, 0xC5, 0x53, 0xC5, 0x53, 0xC5, 0x53, 0xC5, 0x73, 0xBD, 0x32,
    0xBD, 0x32, 0xBD, 0x53, 0xC5, 0x53, 0xBD, 0x53, 0xB5, 0x12, 0xB5, 0x12, 0xB4, 0xF2, 0xB4, 0xF2,
    0xBD, 0x33, 0xBD, 0x12, 0xBD, 0x32, 0xB5, 0x12, 0xB5, 0x12, 0xB4, 0xF1, 0xB4, 0xF2, 0xB4, 0xD1,
    0xBD, 0x33, 0xBD, 0x12, 0xBD, 0x12, 0xBD, 0x33, 0xAC, 0xB1, 0xA4, 0x91, 0xB5, 0x13, 0xB5, 0x13,
    0xB5, 0x12, 0xB4, 0xF2, 0xAC, 0xB1, 0xAC, 0xB1, 0xAC, 0xD1, 0xAC, 0xD1, 0xA4, 0x90, 0x9C, 0x50,
    0x8B, 0xCE, 0x94, 0x2F, 0xA4, 0x91, 0xA4, 0x90, 0xA4, 0x70, 0xA4, 0x90, 0xAC, 0xB1, 0x94, 0x0E,
    0x49, 0xE6, 0x9C, 0x2F, 0xBD, 0x32, 0xBD, 0x12, 0xC5, 0x32, 0xCD, 0x72, 0xCD, 0x52, 0xC5, 0x32,
    0xBC, 0xD1, 0xAC, 0x6F, 0xA4, 0x2E, 0x9C, 0x2E, 0xA4, 0x4F, 0x9C, 0x2E, 0x7B, 0x6C, 0x62, 0x88,
    0x5A, 0x26, 0x52, 0x26, 0x52, 0x06, 0x52, 0x06, 0x49, 0xE5, 0x41, 0xA4, 0x41, 0x84, 0x49, 0xE5,
    0x5A, 0x67, 0x62, 0x67, 0x5A, 0x67, 0x5A, 0x47, 0x5A, 0x47, 0x62, 0x68, 0x62, 0x88, 0x62, 0x88,
    0x62, 0x88, 0x62, 0x67, 0x62, 0x67, 0x62, 0x88, 0x62, 0x88, 0x62, 0x88, 0x62, 0x88, 0x6A, 0xA9,
    0x6A, 0xC9, 0x73, 0x0A, 0x73, 0x0A, 0x7B, 0x2A, 0x7B, 0x4A, 0x7B, 0x2A, 0x7B, 0x2A, 0x7B, 0x4B,
    0x62, 0x88, 0x31, 0x64, 0x31, 0x64, 0x39, 0x84, 0x39, 0xA5, 0x39, 0x84, 0x39, 0x84, 0x41, 0xC5,
    0x31, 0x64, 0x31, 0x64, 0x31, 0x64, 0x31, 0x43, 0x29, 0x43, 0x31, 0x44, 0x31, 0x64, 0x31, 0x43,
    0x31, 0x84, 0x31, 0x64, 0x31, 0x64, 0x29, 0x44, 0x29, 0x24, 0x29, 0x03, 0x21, 0x02, 0x20, 0xE2,
    0x18, 0xA1, 0x20, 0xC2, 0x20, 0xE2, 0x18, 0xA1, 0x20, 0xC2, 0x29, 0x03, 0x18, 0xC2, 0x18, 0xA1,
    0x20, 0xE2, 0x31, 0x44, 0x29, 0x23, 0x29, 0x03, 0x29, 0x03, 0x20, 0xE2, 0x29, 0x23, 0x29, 0x03,
    0x20, 0xE2, 0x20, 0xE2, 0x20, 0xE3, 0x20, 0xE3, 0x18, 0xA1, 0x10, 0x60, 0x08, 0x40, 0x08, 0x40,
    0x10, 0x81, 0x18, 0x81, 0x10, 0x40, 0x08, 0x20, 0x00, 0x00, 0x00, 0x00, 0x18, 0xA1, 0x28, 0xE2,
    0x20, 0xC2, 0x18, 0xC2, 0x18, 0xA1, 0x18, 0xC2, 0x18, 0xC2, 0x18, 0xC2, 0x10, 0x61, 0x08, 0x20,
    0xBD, 0x32, 0xB4, 0xF1, 0xC5, 0x73, 0xC5, 0x73, 0xC5, 0x73, 0xC5, 0x52, 0xC5, 0x53, 0xBD, 0x53,
    0xC5, 0x53, 0xC5, 0x73, 0xBD, 0x32, 0xBD, 0x32, 0xBD, 0x52, 0xB4, 0xD1, 0xB5, 0x12, 0xB5, 0x12,
    0xBD, 0x33, 0xBD, 0x33, 0xBD, 0x53, 0xBD, 0x32, 0xBD, 0x32, 0xB4, 0xF2, 0xB4, 0xF2, 0xB5, 0x12,
    0xBD, 0x12, 0xBD, 0x12, 0xAC, 0xD1, 0xB4, 0xF2, 0xB4, 0xF2, 0xB5, 0x12, 0xBD, 0x33, 0xB4, 0xF2,
    0xAC, 0xB1, 0xAC, 0xD1, 0xAC, 0xB1, 0xAC, 0xB1, 0xA4, 0x90, 0xAC, 0xB1, 0xAC, 0xB0, 0xA4, 0x70,
    0x94, 0x2F, 0x8B, 0xCE, 0x9C, 0x50, 0xAC, 0xB1, 0xAC, 0xB1, 0xAC, 0xD1, 0xAC, 0xD2, 0xAC, 0xD1,
    0x83, 0x6C, 0x72, 0xCA, 0xA4, 0x4F, 0xD5, 0x93, 0xD5, 0x93, 0xC5, 0x11, 0xB4, 0xD0, 0xB4, 0xB0,
    0xAC, 0xB0, 0xAC, 0xB0, 0xB4, 0xD1, 0xB4, 0xD1, 0xB4, 0xD1, 0xAC, 0x90, 0x9C, 0x2E, 0x7B, 0x4B,
    0x62, 0x88, 0x5A, 0x47, 0x5A, 0x47, 0x52, 0x26, 0x52, 0x06, 0x49, 0xC5, 0x52, 0x26, 0x62, 0x67,
    0x5A, 0x67, 0x5A, 0x47, 0x5A, 0x47, 0x5A, 0x47, 0x5A, 0x47, 0x62, 0x47, 0x62, 0x67, 0x62, 0x67,
    0x5A, 0x67, 0x5A, 0x47, 0x5A, 0x47, 0x62, 0x67, 0x5A, 0x67, 0x5A, 0x67, 0x62, 0x68, 0x62, 0x88,
    0x6A, 0xA9, 0x6A, 0xC9, 0x72, 0xE9, 0x73, 0x0A, 0x73, 0x09, 0x73, 0x0A, 0x7B, 0x2A, 0x5A, 0x68,
    0x39, 0x85, 0x39, 0xA5, 0x31, 0x64, 0x39, 0x85, 0x41, 0xA5, 0x39, 0xA5, 0x39, 0x84, 0x39, 0x84,
    0x39, 0x64, 0x31, 0x64, 0x31, 0x43, 0x31, 0x43, 0x39, 0xA5, 0x49, 0xE6, 0x31, 0x64, 0x31, 0x44,
    0x29, 0x23, 0x29, 0x23, 0x29, 0x23, 0x31, 0x44, 0x31, 0x44, 0x29, 0x03, 0x29, 0x23, 0x20, 0xC2,
    0x20, 0xE2, 0x20, 0xE2, 0x29, 0x02, 0x20, 0xE2, 0x20, 0xE2, 0x20, 0xE2, 0x18, 0xC2, 0x18, 0xC2,
    0x20, 0xC2, 0x20, 0xE2, 0x20, 0xE3, 0x20, 0xE2, 0x20, 0xC2, 0x29, 0x23, 0x29, 0x03, 0x29, 0x23,
    0x20, 0xE3, 0x20, 0xE3, 0x20, 0xE3, 0x20, 0xE2, 0x18, 0x81, 0x10, 0x60, 0x10, 0x60, 0x08, 0x40,
    0x10, 0x61, 0x10, 0x41, 0x10, 0x40, 0x08, 0x20, 0x00, 0x00, 0x08, 0x20, 0x20, 0xE2, 0x20, 0xE2,
    0x20, 0xC2, 0x20, 0xE3, 0x20, 0xE2, 0x20, 0xE3, 0x18, 0xC2, 0x18, 0xC2, 0x10, 0x61, 0x08, 0x20,
    0xC5, 0x52, 0xC5, 0x73, 0xCD, 0x94, 0xBD, 0x32, 0xB5, 0x12, 0xBD, 0x32, 0xBD, 0x32, 0xC5, 0x53,
    0xC5, 0x73, 0xC5, 0x73, 0xBD, 0x53, 0xBD, 0x12, 0xBD, 0x12, 0xB4, 0xD1, 0xB4, 0xF1, 0xBD, 0x32,
    0xBD, 0x33, 0xBD, 0x53, 0xB5, 0x12, 0xBD, 0x32, 0xB5, 0x12, 0xB4, 0xF2, 0xB5, 0x12, 0xB5, 0x12,
    0xB4, 0xF1, 0xB5, 0x12, 0xB4, 0xF2, 0xB5, 0x12, 0xBD, 0x53, 0xBD, 0x33, 0xB5, 0x12, 0xA4, 0x90,
    0xA4, 0x70, 0xAC, 0xD1, 0xAC, 0xB1, 0xAC, 0xD1, 0xA4, 0x70, 0xA4, 0x70, 0xA4, 0x91, 0xA4, 0x70,
    0x9C, 0x2F, 0x8B, 0xEE, 0x8B, 0xEE, 0xA4, 0x70, 0xA4, 0xB0, 0xA4, 0x90, 0xA4, 0xB1, 0xA4, 0x91,
    0xA4, 0x90, 0x5A, 0x48, 0xAC, 0xB0, 0xDD, 0xD4, 0xCD, 0x53, 0xC5, 0x12, 0xAC, 0x90, 0x9C, 0x0E,
    0x9C, 0x2F, 0x93, 0xEE, 0x94, 0x0E, 0x94, 0x0E, 0x93, 0xCD, 0x83, 0x8C, 0x7B, 0x4B, 0x73, 0x0B,
    0x62, 0xA9, 0x5A, 0x67, 0x51, 0xE6, 0x49, 0xC5, 0x52, 0x06, 0x62, 0x88, 0x6A, 0xA8, 0x5A, 0x67,
    0x5A, 0x26, 0x5A, 0x26, 0x62, 0x47, 0x62, 0x67, 0x62, 0x67, 0x62, 0x67, 0x62, 0x67, 0x5A, 0x47,
    0x5A, 0x47, 0x5A, 0x47, 0x5A, 0x47, 0x62, 0x67, 0x5A, 0x67, 0x5A, 0x47, 0x62, 0x67, 0x62, 0x88,
    0x62, 0xA8, 0x6A, 0xA9, 0x6A, 0xC9, 0x6A, 0xC9, 0x72, 0xE9, 0x73, 0x0A, 0x52, 0x47, 0x39, 0x64,
    0x39, 0x64, 0x39, 0x84, 0x39, 0x84, 0x39, 0x84, 0x39, 0xA5, 0x39, 0xA5, 0x31, 0x43, 0x31, 0x64,
    0x29, 0x23, 0x31, 0x64, 0x39, 0x84, 0x31, 0x64, 0x39, 0xA4, 0x39, 0x84, 0x29, 0x03, 0x20, 0xE2,
    0x18, 0x81, 0x18, 0xC1, 0x20, 0xC2, 0x20, 0xE2, 0x29, 0x02, 0x29, 0x02, 0x31, 0x23, 0x29, 0x02,
    0x29, 0x02, 0x29, 0x02, 0x29, 0x02, 0x20, 0xE2, 0x28, 0xE3, 0x29, 0x03, 0x20, 0xE2, 0x20, 0xE2,
    0x20, 0xC2, 0x20, 0xC1, 0x18, 0xC1, 0x20, 0xE3, 0x20, 0xE3, 0x20, 0xE2, 0x29, 0x24, 0x29, 0x03,
    0x20, 0xE2, 0x18, 0xA1, 0x18, 0xA1, 0x18, 0xA1, 0x18, 0x81, 0x18, 0x81, 0x10, 0x60, 0x10, 0x41,
    0x08, 0x41, 0x08, 0x20, 0x08, 0x20, 0x00, 0x00, 0x00, 0x00, 0x08, 0x61, 0x20, 0xE2, 0x20, 0xC2,
    0x18, 0xC2, 0x20, 0xE3, 0x29, 0x03, 0x18, 0xA2, 0x20, 0xC2, 0x18, 0xA1, 0x08, 0x20, 0x00, 0x00,
    0xC5, 0x53, 0xC5, 0x53, 0xC5, 0x73, 0xC5, 0x73, 0xB5, 0x12, 0xBD, 0x12, 0xBD, 0x53, 0xC5, 0x73,
    0xBD, 0x32, 0xAC, 0xD1, 0xAC, 0xB1, 0xB4, 0xF1, 0xB4, 0xF2, 0xBD, 0x33, 0xB4, 0xD1, 0xB4, 0xF2,
    0xBD, 0x12, 0xBD, 0x33, 0xB4, 0xF2, 0xB4, 0xD1, 0xB4, 0xF2, 0xB5, 0x12, 0xB4, 0xF1, 0xB4, 0xD1,
    0xB5, 0x12, 0xB5, 0x12, 0xBD, 0x33, 0xB4, 0xF2, 0xBD, 0x33, 0xB5, 0x12, 0xB5, 0x12, 0xA4, 0x90,
    0xAC, 0xB1, 0xB4, 0xF2, 0xAC, 0xD1, 0xAC, 0xB1, 0xAC, 0xB1, 0x9C, 0x70, 0xA4, 0x90, 0x9C, 0x70,
    0xA4, 0x70, 0x9C, 0x2F, 0x8B, 0xCE, 0x93, 0xEE, 0xA4, 0x70, 0xA4, 0x70, 0x9C, 0x70, 0x94, 0x0F,
    0x9C, 0x50, 0x8B, 0xCE, 0xC5, 0x53, 0xD5, 0xB4, 0xC5, 0x53, 0xC5, 0x33, 0xB4, 0xB1, 0x9C, 0x2F,
    0x8B, 0xAD, 0x7B, 0x4C, 0x7B, 0x4C, 0x83, 0x8D, 0x83, 0x6C, 0x62, 0xA9, 0x5A, 0x89, 0x5A, 0x48,
    0x52, 0x27, 0x49, 0xE6, 0x51, 0xE6, 0x5A, 0x27, 0x62, 0x88, 0x62, 0x68, 0x62, 0x47, 0x5A, 0x47,
    0x62, 0x47, 0x62, 0x67, 0x62, 0x67, 0x5A, 0x46, 0x5A, 0x46, 0x5A, 0x47, 0x5A, 0x47, 0x5A, 0x47,
    0x5A, 0x47, 0x5A, 0x68, 0x62, 0x68, 0x62, 0x68, 0x62, 0x68, 0x62, 0x67, 0x62, 0x68, 0x62, 0x88,
    0x62, 0x88, 0x6A, 0xA9, 0x6A, 0xC9, 0x72, 0xE9, 0x73, 0x0A, 0x4A, 0x06, 0x39, 0x84, 0x39, 0x85,
    0x31, 0x84, 0x31, 0x43, 0x39, 0xA5, 0x41, 0xA5, 0x39, 0xA5, 0x39, 0x84, 0x39, 0x85, 0x31, 0x64,
    0x29, 0x02, 0x31, 0x43, 0x39, 0x84, 0x39, 0x84, 0x39, 0x64, 0x39, 0x64, 0x31, 0x23, 0x29, 0x03,
    0x20, 0xC2, 0x10, 0x81, 0x10, 0x81, 0x10, 0x61, 0x18, 0xA1, 0x20, 0xE2, 0x29, 0x03, 0x29, 0x23,
    0x31, 0x23, 0x29, 0x23, 0x31, 0x43, 0x29, 0x03, 0x29, 0x02, 0x29, 0x23, 0x29, 0x03, 0x29, 0x03,
    0x21, 0x03, 0x21, 0x03, 0x20, 0xE2, 0x29, 0x03, 0x29, 0x03, 0x20, 0xC2, 0x20, 0xE2, 0x29, 0x03,
    0x20, 0xE3, 0x21, 0x03, 0x29, 0x03, 0x20, 0xE2, 0x18, 0xA1, 0x10, 0x60, 0x10, 0x60, 0x08, 0x40,
    0x08, 0x20, 0x08, 0x40, 0x08, 0x20, 0x00, 0x00, 0x00, 0x00, 0x10, 0x61, 0x18, 0xC2, 0x20, 0xC2,
    0x20, 0xC2, 0x29, 0x03, 0x20, 0xE2, 0x20, 0xE2, 0x10, 0x81, 0x08, 0x41, 0x00, 0x20, 0x00, 0x00,
    0xBD, 0x32, 0xBD, 0x12, 0xBD, 0x33, 0xBD, 0x53, 0xC5, 0x73, 0xBD, 0x33, 0xBD, 0x33, 0xC5, 0x73,
    0xBD, 0x33, 0xBD, 0x53, 0xBD, 0x32, 0xB4, 0xF2, 0xBD, 0x12, 0xBD, 0x53, 0xBD, 0x32, 0xB5, 0x12,
    0xB4, 0xF1, 0xB5, 0x12, 0xB5, 0x12, 0xB5, 0x12, 0xBD, 0x12, 0xB5, 0x12, 0xAC, 0xD1, 0xA4, 0x90,
    0xB4, 0xF2, 0xB5, 0x12, 0xBD, 0x32, 0xAC, 0xB1, 0xAC, 0xD1, 0xB4, 0xF2, 0xB4, 0xF2, 0xB4, 0xF2,
    0xAC, 0xD2, 0xAC, 0xD1, 0xAC, 0xB1, 0xA4, 0x91, 0xA4, 0xB1, 0xA4, 0x90, 0xA4, 0x90, 0xAC, 0xB1,
    0xAC, 0xB1, 0xA4, 0x70, 0x94, 0x0F, 0x8B, 0xEE, 0x94, 0x2F, 0xA4, 0xB1, 0xAC, 0xB1, 0x9C, 0x4F,
    0x9C, 0x2F, 0x9C, 0x2F, 0xC5, 0x53, 0xD5, 0xB4, 0xC5, 0x32, 0xBD, 0x12, 0xB4, 0xD1, 0x9C, 0x2F,
    0x83, 0x6C, 0x6A, 0xC9, 0x41, 0xA5, 0x4A, 0x06, 0x5A, 0x47, 0x4A, 0x07, 0x39, 0x84, 0x41, 0x84,
    0x41, 0xA5, 0x5A, 0x47, 0x7B, 0x2B, 0x6A, 0xA9, 0x52, 0x06, 0x5A, 0x47, 0x62, 0x88, 0x62, 0x88,
    0x62, 0x88, 0x62, 0x67, 0x62, 0x67, 0x5A, 0x47, 0x5A, 0x47, 0x5A, 0x26, 0x5A, 0x47, 0x5A, 0x26,
    0x5A, 0x47, 0x5A, 0x68, 0x5A, 0x47, 0x62, 0x68, 0x62, 0x88, 0x62, 0x88, 0x62, 0x88, 0x62, 0x88,
    0x62, 0x88, 0x6A, 0xA8, 0x6A, 0xC9, 0x6A, 0xC9, 0x49, 0xE6, 0x31, 0x64, 0x31, 0x64, 0x39, 0xA5,
    0x31, 0x64, 0x31, 0x64, 0x39, 0x64, 0x41, 0xA5, 0x39, 0xA5, 0x39, 0x85, 0x39, 0xA5, 0x39, 0x84,
    0x31, 0x43, 0x31, 0x63, 0x31, 0x43, 0x31, 0x23, 0x39, 0x85, 0x31, 0x44, 0x29, 0x03, 0x29, 0x23,
    0x21, 0x03, 0x21, 0x02, 0x10, 0x61, 0x18, 0xA2, 0x18, 0xC2, 0x10, 0x81, 0x18, 0xC2, 0x20, 0xE2,
    0x20, 0xE2, 0x29, 0x03, 0x29, 0x23, 0x20, 0xE2, 0x29, 0x23, 0x29, 0x03, 0x20, 0xC2, 0x18, 0xC2,
    0x18, 0xC2, 0x18, 0xA2, 0x20, 0xE2, 0x20, 0xE2, 0x20, 0xE2, 0x18, 0xC1, 0x20, 0xE2, 0x20, 0xE2,
    0x29, 0x23, 0x29, 0x23, 0x18, 0xC2, 0x29, 0x23, 0x20, 0xC2, 0x10, 0x61, 0x10, 0x61, 0x08, 0x40,
    0x08, 0x20, 0x08, 0x40, 0x00, 0x20, 0x00, 0x00, 0x00, 0x00, 0x08, 0x40, 0x18, 0xC2, 0x21, 0x03,
    0x18, 0xC2, 0x20, 0xE2, 0x29, 0x03, 0x18, 0xA2, 0x10, 0x61, 0x08, 0x41, 0x00, 0x00, 0x00, 0x00,
    0xBD, 0x53, 0xBD, 0x53, 0xBD, 0x53, 0xBD, 0x53, 0xBD, 0x53, 0xB5, 0x12, 0xC5, 0x53, 0xBD, 0x53,
    0xBD, 0x53, 0xBD, 0x33, 0xBD, 0x33, 0xBD, 0x53, 0xB4, 0xF2, 0xBD, 0x12, 0xBD, 0x32, 0xBD, 0x32,
    0xA4, 0x70, 0xAC, 0xD1, 0xBD, 0x33, 0xB5, 0x12, 0xBD, 0x33, 0xBD, 0x33, 0xBD, 0x33, 0xB5, 0x12,
    0xB4, 0xF2, 0xB5, 0x32, 0xAC, 0xD1, 0xAC, 0xB1, 0xAC, 0xF1, 0xAC, 0xB1, 0x9C, 0x2F, 0xA4, 0x90,
    0xAC, 0xD1, 0xAC, 0xB1, 0xAC, 0xB1, 0xA4, 0x91, 0xA4, 0x70, 0xA4, 0x70, 0xA4, 0x70, 0xA4, 0x70,
    0xA4, 0x91, 0xA4, 0x90, 0xA4, 0x90, 0x93, 0xEE, 0x8B, 0xCE, 0x9C, 0x4F, 0xAC, 0xB1, 0xAC, 0xD1,
    0xA4, 0x70, 0x94, 0x0F, 0xA4, 0x90, 0xCD, 0x94, 0xBC, 0xF1, 0xB4, 0xD1, 0xB4, 0xD1, 0xA4, 0x70,
    0x9C, 0x4F, 0x93, 0xEE, 0x5A, 0x47, 0x20, 0xC1, 0x20, 0xA1, 0x31, 0x23, 0x41, 0x84, 0x41, 0x84,
    0x49, 0xC6, 0x6A, 0xC9, 0x72, 0xEA, 0x5A, 0x27, 0x72, 0xEA, 0x83, 0x6C, 0x72, 0xEA, 0x6A, 0x88,
    0x62, 0x67, 0x52, 0x06, 0x49, 0xC5, 0x41, 0xA5, 0x41, 0xA5, 0x49, 0xE5, 0x39, 0x64, 0x49, 0xC5,
    0x5A, 0x68, 0x52, 0x27, 0x51, 0xE6, 0x62, 0x88, 0x62, 0x88, 0x62, 0x88, 0x62, 0x88, 0x62, 0xA8,
    0x62, 0xA8, 0x6A, 0xC9, 0x62, 0xA9, 0x41, 0xE6, 0x31, 0x44, 0x31, 0x64, 0x31, 0x64, 0x31, 0x64,
    0x31, 0x44, 0x39, 0x84, 0x39, 0x85, 0x39, 0xA5, 0x39, 0xA5, 0x39, 0x85, 0x39, 0xA5, 0x39, 0x64,
    0x39, 0x84, 0x31, 0x43, 0x29, 0x02, 0x31, 0x43, 0x31, 0x43, 0x39, 0x84, 0x31, 0x64, 0x29, 0x23,
    0x29, 0x23, 0x20, 0xE2, 0x18, 0xA1, 0x10, 0x60, 0x18, 0x81, 0x18, 0xA1, 0x20, 0xC2, 0x20, 0xC2,
    0x18, 0xA1, 0x20, 0xE2, 0x20, 0xE2, 0x20, 0xE2, 0x21, 0x03, 0x20, 0xE2, 0x21, 0x03, 0x20, 0xE2,
    0x20, 0xC2, 0x20, 0xC2, 0x20, 0xC2, 0x20, 0xC2, 0x20, 0xE2, 0x21, 0x02, 0x20, 0xE2, 0x20, 0xE2,
    0x20, 0xE2, 0x29, 0x03, 0x20, 0xE2, 0x18, 0xC2, 0x18, 0xA1, 0x18, 0x81, 0x10, 0x61, 0x08, 0x40,
    0x08, 0x20, 0x08, 0x20, 0x00, 0x00, 0x00, 0x00, 0x00, 0x00, 0x08, 0x40, 0x18, 0xA2, 0x18, 0xC2,
    0x18, 0xC2, 0x18, 0xA1, 0x20, 0xE3, 0x18, 0xA2, 0x08, 0x40, 0x00, 0x00, 0x00, 0x00, 0x00, 0x00,
    0xBD, 0x33, 0xBD, 0x33, 0xC5, 0x73, 0xBD, 0x53, 0xC5, 0x73, 0xC5, 0x53, 0xC5, 0x73, 0xBD, 0x53,
    0xC5, 0x53, 0xBD, 0x53, 0xBD, 0x33, 0xC5, 0x73, 0xBD, 0x33, 0xC5, 0x53, 0xC5, 0x73, 0xB4, 0xF2,
    0xBD, 0x33, 0xBD, 0x33, 0xB5, 0x12, 0xB4, 0xF2, 0xB5, 0x33, 0xB5, 0x12, 0xBD, 0x33, 0xBD, 0x33,
    0xB4, 0xF2, 0xB4, 0xF2, 0xB4, 0xF2, 0xAC, 0xD1, 0xB5, 0x12, 0xB4, 0xF2, 0xAC, 0xD2, 0xAC, 0xB1,
    0xAC, 0xB1, 0xA4, 0x70, 0xAC, 0xB1, 0xAC, 0xB1, 0xAC, 0xB1, 0xA4, 0x90, 0xA4, 0x90, 0xA4, 0x70,
    0x9C, 0x4F, 0xA4, 0x90, 0xA4, 0x70, 0x94, 0x0E, 0x8B, 0xAD, 0x8B, 0xCD, 0x9C, 0x2F, 0xA4, 0x91,
    0xA4, 0x90, 0x9C, 0x50, 0x9C, 0x4F, 0x9C, 0x2E, 0xBD, 0x12, 0xC5, 0x53, 0xBD, 0x12, 0xBD, 0x12,
    0xB4, 0xF2, 0xAC, 0x90, 0x9C, 0x2F, 0x6A, 0xC9, 0x41, 0xA5, 0x31, 0x23, 0x31, 0x23, 0x49, 0xC5,
    0x72, 0xEA, 0x8B, 0x8D, 0x83, 0x4C, 0x8B, 0x8C, 0x9C, 0x2F, 0x94, 0x0E, 0x7B, 0x2A, 0x52, 0x06,
    0x28, 0xE2, 0x10, 0x60, 0x10, 0x60, 0x18, 0x81, 0x31, 0x24, 0x20, 0xC2, 0x20, 0xC2, 0x52, 0x27,
    0x52, 0x27, 0x41, 0xA5, 0x52, 0x06, 0x62, 0x88, 0x62, 0x88, 0x62, 0x88, 0x62, 0xA8, 0x6A, 0xA9,
    0x6A, 0xC9, 0x62, 0xA8, 0x41, 0xC5, 0x31, 0x64, 0x31, 0x64, 0x31, 0x43, 0x31, 0x64, 0x31, 0x84,
    0x39, 0x84, 0x39, 0x84, 0x39, 0xA5, 0x39, 0x85, 0x39, 0xA5, 0x41, 0xC5, 0x39, 0x84, 0x39, 0x84,
    0x31, 0x64, 0x31, 0x43, 0x31, 0x43, 0x39, 0x84, 0x31, 0x63, 0x31, 0x43, 0x31, 0x43, 0x31, 0x43,
    0x29, 0x02, 0x29, 0x23, 0x29, 0x23, 0x18, 0xA1, 0x10, 0x60, 0x18, 0xA1, 0x20, 0xC2, 0x18, 0xC2,
    0x18, 0xA1, 0x20, 0xE2, 0x29, 0x03, 0x20, 0xC2, 0x20, 0xE3, 0x20, 0xC2, 0x20, 0xC1, 0x21, 0x02,
    0x18, 0xA1, 0x18, 0xA1, 0x20, 0xE2, 0x20, 0xE2, 0x20, 0xE2, 0x20, 0xE2, 0x29, 0x02, 0x20, 0xE2,
    0x29, 0x03, 0x20, 0xE2, 0x20, 0xC2, 0x20, 0xE2, 0x18, 0xC2, 0x10, 0x81, 0x10, 0x61, 0x08, 0x40,
    0x08, 0x20, 0x08, 0x20, 0x00, 0x00, 0x00, 0x00, 0x00, 0x00, 0x08, 0x41, 0x18, 0xA2, 0x18, 0xC2,
    0x18, 0xA2, 0x20, 0xE3, 0x18, 0xA2, 0x10, 0x81, 0x08, 0x40, 0x00, 0x20, 0x00, 0x00, 0x00, 0x00,
    0xBD, 0x53, 0xB4, 0xF2, 0xC5, 0x53, 0xAC, 0xD1, 0xBD, 0x12, 0xC5, 0x73, 0xBD, 0x33, 0xC5, 0x53,
    0xBD, 0x53, 0xB4, 0xF2, 0xB4, 0xF2, 0xBD, 0x53, 0xBD, 0x53, 0xBD, 0x33, 0xBD, 0x33, 0xBD, 0x53,
    0xBD, 0x33, 0xB5, 0x13, 0xAC, 0xD1, 0xB5, 0x13, 0xBD, 0x53, 0xBD, 0x33, 0xBD, 0x33, 0xBD, 0x33,
    0xBD, 0x33, 0xB4, 0xF2, 0xB4, 0xF2, 0xAC, 0xB1, 0xAC, 0xB1, 0xB4, 0xF2, 0xAC, 0xB1, 0xAC, 0xB1,
    0xAC, 0xD2, 0xAC, 0xD1, 0xAC, 0xB1, 0xAC, 0xB1, 0xAC, 0xB1, 0xA4, 0x90, 0xA4, 0x90, 0x9C, 0x4F,
    0x93, 0xEE, 0xA4, 0x90, 0xA4, 0x70, 0x9C, 0x4F, 0x8B, 0xCE, 0x8B, 0xCD, 0x9C, 0x2F, 0x9C, 0x4F,
    0xA4, 0x70, 0xA4, 0x70, 0xA4, 0x70, 0x93, 0xEE, 0x9C, 0x4F, 0xC5, 0x53, 0xBD, 0x12, 0xBD, 0x12,
    0xBD, 0x12, 0xAC, 0x90, 0xA4, 0x70, 0x7B, 0x6C, 0x39, 0x85, 0x18, 0x61, 0x20, 0xA1, 0x29, 0x03,
    0x52, 0x06, 0x8B, 0x8C, 0x93, 0xCD, 0x8B, 0x8C, 0x72, 0xE9, 0x5A, 0x47, 0x39, 0x64, 0x18, 0x61,
    0x10, 0x40, 0x18, 0x60, 0x10, 0x60, 0x10, 0x60, 0x18, 0x81, 0x10, 0x40, 0x31, 0x24, 0x41, 0xC5,
    0x41, 0xA4, 0x52, 0x06, 0x62, 0x88, 0x62, 0x88, 0x62, 0xA9, 0x6A, 0xA8, 0x6A, 0xA9, 0x72, 0xE9,
    0x5A, 0x67, 0x39, 0xA5, 0x39, 0x85, 0x31, 0x43, 0x31, 0x44, 0x31, 0x84, 0x39, 0xA5, 0x31, 0x64,
    0x39, 0x85, 0x39, 0xA5, 0x31, 0x64, 0x39, 0x84, 0x39, 0xA5, 0x41, 0xA5, 0x31, 0x64, 0x31, 0x64,
    0x31, 0x44, 0x39, 0x64, 0x39, 0x64, 0x31, 0x43, 0x29, 0x02, 0x20, 0xE2, 0x20, 0xE1, 0x20, 0xE2,
    0x29, 0x02, 0x31, 0x43, 0x31, 0x43, 0x29, 0x23, 0x20, 0xE2, 0x10, 0x60, 0x18, 0xA1, 0x18, 0xC2,
    0x20, 0xE3, 0x29, 0x03, 0x20, 0xC2, 0x18, 0xA1, 0x20, 0xC2, 0x29, 0x23, 0x20, 0xE2, 0x20, 0xE2,
    0x18, 0xC1, 0x20, 0xC2, 0x20, 0xE2, 0x20, 0xE2, 0x20, 0xE2, 0x20, 0xC2, 0x20, 0xE2, 0x20, 0xE2,
    0x20, 0xC2, 0x18, 0xC1, 0x18, 0xC1, 0x20, 0xE2, 0x18, 0xC2, 0x18, 0xA2, 0x10, 0x61, 0x08, 0x40,
    0x08, 0x40, 0x00, 0x00, 0x00, 0x00, 0x00, 0x00, 0x00, 0x20, 0x08, 0x40, 0x10, 0x81, 0x18, 0xA2,
    0x20, 0xC2, 0x20, 0xC2, 0x18, 0xA2, 0x08, 0x40, 0x08, 0x40, 0x00, 0x20, 0x00, 0x00, 0x00, 0x00,
    0xBD, 0x53, 0xB5, 0x12, 0xBD, 0x32, 0xB5, 0x12, 0xB4, 0xF2, 0xBD, 0x33, 0xC5, 0x73, 0xBD, 0x53,
    0xBD, 0x53, 0xBD, 0x12, 0xB5, 0x12, 0xBD, 0x33, 0xBD, 0x33, 0xBD, 0x33, 0xBD, 0x53, 0xB5, 0x12,
    0xB5, 0x12, 0xB5, 0x12, 0xB5, 0x13, 0xB5, 0x13, 0xBD, 0x33, 0xAC, 0xD1, 0xA4, 0x90, 0xB4, 0xF2,
    0xB4, 0xF2, 0xB4, 0xF2, 0xAC, 0xD2, 0xAC, 0xB1, 0xAC, 0xB1, 0xA4, 0x91, 0xAC, 0xB1, 0xAC, 0xB1,
    0xA4, 0x90, 0xAC, 0xD1, 0xAC, 0xB1, 0xA4, 0xB1, 0xA4, 0x90, 0xA4, 0x90, 0x9C, 0x2F, 0x9C, 0x50,
    0x9C, 0x50, 0x9C, 0x2F, 0x94, 0x2F, 0x93, 0xEE, 0x93, 0xEE, 0x93, 0xEE, 0x93, 0xEE, 0x93, 0xEE,
    0x9C, 0x4F, 0x9C, 0x70, 0xA4, 0x70, 0x9C, 0x2F, 0x8B, 0xEE, 0x94, 0x0E, 0xB4, 0xD1, 0xBD, 0x32,
    0xAC, 0xB1, 0xA4, 0x4F, 0xA4, 0x4F, 0x9C, 0x2F, 0x8B, 0xCD, 0x52, 0x27, 0x20, 0xC1, 0x29, 0x03,
    0x28, 0xC2, 0x41, 0xA5, 0x51, 0xE6, 0x41, 0x84, 0x28, 0xE2, 0x20, 0xC1, 0x20, 0xC1, 0x28, 0xE2,
    0x31, 0x03, 0x28, 0xE2, 0x20, 0xA1, 0x10, 0x60, 0x10, 0x60, 0x18, 0x80, 0x31, 0x03, 0x39, 0x64,
    0x41, 0xC5, 0x62, 0x88, 0x6A, 0xC9, 0x62, 0xA8, 0x6A, 0xA9, 0x6A, 0xC9, 0x6A, 0xC9, 0x52, 0x47,
    0x41, 0xC6, 0x39, 0xA5, 0x41, 0xA5, 0x39, 0x85, 0x31, 0x64, 0x31, 0x44, 0x31, 0x64, 0x39, 0x85,
    0x39, 0x85, 0x39, 0x85, 0x39, 0xA5, 0x39, 0x64, 0x39, 0x85, 0x41, 0xA5, 0x39, 0x84, 0x39, 0x84,
    0x39, 0x84, 0x39, 0x84, 0x31, 0x64, 0x31, 0x43, 0x31, 0x43, 0x20, 0xE2, 0x20, 0xC2, 0x29, 0x02,
    0x29, 0x02, 0x29, 0x02, 0x29, 0x23, 0x29, 0x23, 0x29, 0x23, 0x20, 0xE2, 0x18, 0xC1, 0x10, 0x80,
    0x18, 0xC1, 0x20, 0xE2, 0x20, 0xE2, 0x20, 0xE2, 0x20, 0xC2, 0x31, 0x23, 0x29, 0x23, 0x18, 0xC2,
    0x18, 0xC2, 0x18, 0xC1, 0x20, 0xC2, 0x29, 0x03, 0x29, 0x03, 0x20, 0xE2, 0x20, 0xE2, 0x20, 0xE2,
    0x20, 0xC2, 0x20, 0xE2, 0x20, 0xE3, 0x20, 0xE2, 0x18, 0x81, 0x18, 0x81, 0x10, 0x60, 0x08, 0x40,
    0x08, 0x20, 0x00, 0x00, 0x00, 0x00, 0x00, 0x00, 0x08, 0x20, 0x08, 0x60, 0x10, 0x61, 0x18, 0xA2,
    0x20, 0xC2, 0x18, 0xA2, 0x10, 0x81, 0x08, 0x40, 0x00, 0x20, 0x00, 0x00, 0x00, 0x00, 0x18, 0xC3,
    0xC5, 0x53, 0xC5, 0x73, 0xB5, 0x12, 0xBD, 0x53, 0xC5, 0x73, 0xAC, 0xB0, 0xBD, 0x12, 0xBD, 0x53,
    0xBD, 0x33, 0xBD, 0x33, 0xB4, 0xF2, 0xBD, 0x33, 0xBD, 0x33, 0xC5, 0x53, 0xBD, 0x33, 0xA4, 0x91,
    0xAC, 0xB1, 0xB4, 0xF2, 0xB5, 0x12, 0xB5, 0x12, 0xB4, 0xF2, 0xB4, 0xF2, 0xAC, 0xB1, 0xB4, 0xF2,
    0xB4, 0xF2, 0xB4, 0xF2, 0xAC, 0xD1, 0xAC, 0xD1, 0xA4, 0xB1, 0xAC, 0xB1, 0xAC, 0xB1, 0xAC, 0xB1,
    0xA4, 0x90, 0xA4, 0x70, 0xAC, 0xB1, 0xA4, 0x91, 0xA4, 0x90, 0x9C, 0x4F, 0x9C, 0x4F, 0x9C, 0x4F,
    0x94, 0x2F, 0x93, 0xEE, 0x8B, 0xCD, 0x94, 0x2F, 0x8B, 0xEE, 0x93, 0xEE, 0x93, 0xEE, 0x94, 0x0E,
    0x9C, 0x4F, 0xAC, 0xB1, 0xA4, 0x91, 0x9C, 0x50, 0xA4, 0x91, 0x9C, 0x50, 0x93, 0xEE, 0x9C, 0x0F,
    0x9C, 0x4F, 0xA4, 0x4F, 0xAC, 0x90, 0x94, 0x0F, 0x8B, 0xAE, 0x6A, 0xC9, 0x20, 0xC1, 0x31, 0x64,
    0x18, 0x81, 0x18, 0x81, 0x20, 0xA1, 0x28, 0xE2, 0x31, 0x43, 0x41, 0xA5, 0x49, 0xC5, 0x41, 0xA5,
    0x41, 0x84, 0x39, 0x43, 0x31, 0x03, 0x28, 0xE2, 0x28, 0xE1, 0x28, 0xC2, 0x20, 0x80, 0x31, 0x43,
    0x52, 0x06, 0x62, 0xA9, 0x6A, 0xEA, 0x6A, 0xC9, 0x6A, 0xC9, 0x6A, 0xC9, 0x5A, 0x68, 0x41, 0xE6,
    0x39, 0xA5, 0x41, 0xE6, 0x4A, 0x06, 0x4A, 0x06, 0x41, 0xE6, 0x49, 0xE6, 0x41, 0xC5, 0x39, 0xA5,
    0x41, 0xE6, 0x41, 0xC5, 0x39, 0xA5, 0x39, 0x84, 0x39, 0xA5, 0x41, 0xA5, 0x39, 0xA5, 0x41, 0xC6,
    0x39, 0x84, 0x29, 0x23, 0x29, 0x23, 0x31, 0x43, 0x31, 0x64, 0x31, 0x23, 0x29, 0x03, 0x29, 0x02,
    0x20, 0xE2, 0x20, 0xE2, 0x29, 0x03, 0x21, 0x03, 0x29, 0x23, 0x29, 0x23, 0x21, 0x02, 0x20, 0xE2,
    0x18, 0xA1, 0x10, 0x81, 0x18, 0xC2, 0x20, 0xC2, 0x20, 0xE2, 0x20, 0xE3, 0x29, 0x23, 0x20, 0xE2,
    0x18, 0xA1, 0x20, 0xE2, 0x20, 0xE2, 0x29, 0x03, 0x29, 0x03, 0x20, 0xE2, 0x20, 0xE2, 0x20, 0xC2,
    0x20, 0xE2, 0x29, 0x03, 0x29, 0x03, 0x20, 0xE2, 0x18, 0xC2, 0x18, 0x81, 0x10, 0x60, 0x10, 0x40,
    0x00, 0x20, 0x00, 0x00, 0x00, 0x00, 0x00, 0x00, 0x00, 0x00, 0x08, 0x40, 0x08, 0x40, 0x18, 0xC2,
    0x18, 0xC2, 0x10, 0x81, 0x10, 0x61, 0x08, 0x40, 0x00, 0x20, 0x00, 0x00, 0x08, 0x41, 0x31, 0x66,
    0xC5, 0x73, 0xBD, 0x12, 0xB4, 0xF2, 0xC5, 0x53, 0xBD, 0x33, 0xB5, 0x12, 0xBD, 0x33, 0xBD, 0x53,
    0xBD, 0x33, 0xBD, 0x33, 0xBD, 0x12, 0xB4, 0xF2, 0xBD, 0x53, 0xBD, 0x53, 0xB5, 0x12, 0xBD, 0x53,
    0xAC, 0xD1, 0xB4, 0xF2, 0xBD, 0x33, 0xB4, 0xF2, 0xB5, 0x12, 0xBD, 0x33, 0xB4, 0xF2, 0xAC, 0xF1,
    0xB4, 0xF2, 0xB4, 0xF1, 0xB4, 0xF2, 0xB5, 0x12, 0xAC, 0xD1, 0xAC, 0xB1, 0xAC, 0xB1, 0xA4, 0x90,
    0x9C, 0x4F, 0xA4, 0x91, 0xAC, 0xB1, 0xAC, 0xB1, 0xA4, 0x70, 0x94, 0x2F, 0x94, 0x0E, 0x9C, 0x70,
    0x9C, 0x4F, 0x94, 0x0E, 0x93, 0xEE, 0x94, 0x0E, 0x94, 0x0E, 0x8B, 0xCE, 0x93, 0xEE, 0x8B, 0xCE,
    0x8B, 0xEE, 0x9C, 0x4F, 0xA4, 0x70, 0xA4, 0x90, 0xA4, 0xB1, 0xAC, 0xB1, 0xA4, 0x70, 0x8B, 0xCE,
    0x94, 0x2F, 0xA4, 0x90, 0x94, 0x0F, 0x8B, 0xAD, 0x83, 0x6C, 0x52, 0x06, 0x20, 0xC2, 0x20, 0xC1,
    0x20, 0xE2, 0x29, 0x23, 0x29, 0x23, 0x31, 0x23, 0x29, 0x03, 0x29, 0x02, 0x39, 0x43, 0x41, 0xA5,
    0x51, 0xE6, 0x5A, 0x27, 0x5A, 0x27, 0x49, 0xC6, 0x39, 0x64, 0x20, 0xA2, 0x00, 0x00, 0x31, 0x23,
    0x62, 0x88, 0x62, 0xA9, 0x6A, 0xEA, 0x72, 0xEA, 0x62, 0x89, 0x4A, 0x06, 0x4A, 0x06, 0x4A, 0x27,
    0x49, 0xE6, 0x41, 0xE6, 0x4A, 0x07, 0x41, 0xC5, 0x4A, 0x07, 0x4A, 0x07, 0x41, 0xE6, 0x41, 0xC5,
    0x39, 0xA5, 0x41, 0xC6, 0x41, 0xC6, 0x41, 0xC5, 0x39, 0xA5, 0x39, 0x85, 0x39, 0x64, 0x31, 0x64,
    0x39, 0x84, 0x31, 0x64, 0x31, 0x43, 0x29, 0x23, 0x29, 0x23, 0x29, 0x23, 0x29, 0x02, 0x20, 0xC2,
    0x20, 0xE2, 0x20, 0xE2, 0x20, 0xE2, 0x20, 0xE2, 0x21, 0x03, 0x29, 0x23, 0x29, 0x23, 0x29, 0x23,
    0x20, 0xE2, 0x18, 0xA1, 0x18, 0xA1, 0x20, 0xE3, 0x29, 0x03, 0x20, 0xC2, 0x20, 0xC2, 0x20, 0xC2,
    0x18, 0xA1, 0x18, 0xC1, 0x18, 0xA1, 0x29, 0x03, 0x20, 0xE2, 0x29, 0x03, 0x29, 0x03, 0x18, 0xC1,
    0x20, 0xE2, 0x18, 0xA2, 0x20, 0xE2, 0x18, 0xC2, 0x18, 0xC2, 0x18, 0x81, 0x10, 0x60, 0x10, 0x61,
    0x08, 0x20, 0x00, 0x00, 0x00, 0x00, 0x00, 0x00, 0x00, 0x20, 0x08, 0x41, 0x08, 0x40, 0x18, 0xA1,
    0x18, 0xA1, 0x10, 0x81, 0x08, 0x20, 0x00, 0x20, 0x00, 0x00, 0x00, 0x00, 0x29, 0x04, 0x29, 0x03,
    0xBD, 0x12, 0xBD, 0x33, 0xBD, 0x12, 0xB4, 0xD2, 0xBD, 0x33, 0xB5, 0x12, 0xB4, 0xF2, 0xBD, 0x74,
    0xBD, 0x33, 0xB5, 0x12, 0xBD, 0x33, 0xA4, 0x70, 0xBD, 0x32, 0xBD, 0x33, 0xBD, 0x12, 0xB4, 0xF2,
    0xAC, 0xD1, 0xB5, 0x12, 0xBD, 0x33, 0xB4, 0xF2, 0xB5, 0x12, 0xBD, 0x33, 0xB5, 0x12, 0xAC, 0xB1,
    0xAC, 0xD1, 0xAC, 0xD1, 0xAC, 0xD1, 0xB4, 0xF2, 0xB4, 0xF2, 0xAC, 0xD1, 0xAC, 0xB1, 0xA4, 0x91,
    0xA4, 0x90, 0xA4, 0xB1, 0xA4, 0x90, 0xA4, 0x90, 0x9C, 0x4F, 0x9C, 0x70, 0x94, 0x0E, 0x94, 0x0E,
    0x94, 0x2F, 0x94, 0x2F, 0x9C, 0x4F, 0x94, 0x0E, 0x8B, 0xEE, 0x93, 0xEF, 0x8B, 0xAE, 0x8B, 0xCE,
    0x8B, 0xCE, 0x9C, 0x2F, 0x9C, 0x4F, 0xA4, 0x70, 0xA4, 0x70, 0x9C, 0x2F, 0x94, 0x0F, 0xAC, 0xB1,
    0x9C, 0x2F, 0x93, 0xEE, 0x94, 0x0E, 0x8B, 0xCD, 0x7B, 0x4B, 0x5A, 0x27, 0x49, 0xE7, 0x18, 0xA2,
    0x29, 0x03, 0x39, 0x85, 0x4A, 0x07, 0x5A, 0x69, 0x62, 0xAA, 0x52, 0x27, 0x31, 0x44, 0x28, 0xE2,
    0x29, 0x03, 0x39, 0x65, 0x49, 0xA6, 0x39, 0x45, 0x18, 0xA2, 0x10, 0x41, 0x08, 0x20, 0x20, 0xC2,
    0x52, 0x07, 0x52, 0x07, 0x62, 0x89, 0x6A, 0xCA, 0x4A, 0x06, 0x4A, 0x06, 0x41, 0xE5, 0x4A, 0x27,
    0x52, 0x68, 0x4A, 0x06, 0x41, 0xE6, 0x41, 0xC6, 0x41, 0xE6, 0x41, 0xC5, 0x41, 0xC6, 0x39, 0xA5,
    0x41, 0xA5, 0x39, 0xA5, 0x41, 0xE6, 0x41, 0xC5, 0x39, 0x64, 0x39, 0xA5, 0x39, 0x85, 0x39, 0x85,
    0x39, 0x84, 0x39, 0x84, 0x31, 0x43, 0x29, 0x02, 0x29, 0x03, 0x20, 0xE2, 0x20, 0xE2, 0x18, 0xC2,
    0x20, 0xE2, 0x20, 0xE2, 0x20, 0xC2, 0x20, 0xC2, 0x20, 0xC2, 0x20, 0xC2, 0x29, 0x23, 0x29, 0x02,
    0x29, 0x03, 0x20, 0xC2, 0x18, 0xA1, 0x18, 0x81, 0x20, 0xE2, 0x20, 0xE3, 0x18, 0xA2, 0x20, 0xC1,
    0x20, 0xC2, 0x20, 0xE2, 0x18, 0xA1, 0x20, 0xC2, 0x20, 0xE2, 0x20, 0xC2, 0x20, 0xC2, 0x20, 0xE2,
    0x20, 0xE2, 0x29, 0x03, 0x20, 0xE2, 0x18, 0xA1, 0x18, 0x81, 0x10, 0x61, 0x08, 0x40, 0x10, 0x60,
    0x08, 0x40, 0x00, 0x00, 0x00, 0x00, 0x00, 0x00, 0x08, 0x20, 0x08, 0x41, 0x10, 0x61, 0x10, 0x60,
    0x10, 0x80, 0x08, 0x40, 0x08, 0x41, 0x00, 0x00, 0x00, 0x00, 0x10, 0x62, 0x31, 0x66, 0x10, 0x62,
};

#endif // IMAGE_DATA_H
